"swt","sr","st100","st255","sm100","sm255","doc_gwlf","cyday"
10.187705,198.9166667,8.275833396,8.305,0.373541667,0.394083333,7.283,-0.529919264233205
10.433519,214.7083333,8.634166667,8.305,0.372416667,0.394,7.615,-0.544639035015027
10.492566,203.7916667,9.03,8.305,0.370708333,0.394,7.636,-0.559192903470747
10.504928,139.75,9.27375,8.313333417,0.37,0.394,7.654,-0.573576436351046
10.477574,211.25,9.23625,8.3550005,0.369458333,0.393458333,6.792,-0.587785252292473
10.580396,252.5,9.088333333,8.3550005,0.367958333,0.393,6.891,-0.601815023152048
10.496924,153.875,8.9925,8.38000025,0.366583333,0.393,5.982,-0.615661475325658
10.533133,269.0833333,8.89875,8.405,0.366125,0.393,6.289,-0.629320391049837
10.649387,248.25,8.840416667,8.405,0.366083333,0.392541667,6.725,-0.642787609686539
10.471548,58.33333333,8.8425,8.405,0.36625,0.392,7.188,-0.656059028990507
10.523875,284.2916667,8.7675,8.405,0.367791667,0.392,6.505,-0.669130606358858
10.694489,243.7083333,8.763333333,8.415416667,0.369,0.392,6.469,-0.681998360062498
10.585461,74.125,8.8425,8.455,0.369083333,0.392,6.759,-0.694658370458997
10.5212,259.9166667,8.875833333,8.455,0.370208333,0.391291667,6.537,-0.707106781186547
10.483927,283.9166667,8.871666667,8.455,0.3725,0.391,6.666,-0.719339800338651
10.588718,136.7916667,8.832083333,8.455,0.373166667,0.391,6.799,-0.73135370161917
10.671187,195.1666667,8.794583333,8.455,0.373833333,0.391,7.292,-0.743144825477394
10.723618,198.0833333,8.865416667,8.477916667,0.37525,0.391,7.454,-0.754709580222772
11.073115,195.5,8.971666667,8.505,0.376708333,0.391,7.319,-0.766044443118978
11.098477,205.8333333,9.144583333,8.505,0.376708333,0.390708333,7.203,-0.777145961456971
11.274352,179.5,9.427916667,8.505,0.376,0.39,7.141,-0.788010753606722
11.39024,119.3333333,9.813333333,8.552916667,0.375625,0.39,7.155,-0.798635510047293
11.612532,217.3333333,10.23,8.571666667,0.374625,0.39,7.175,-0.809016994374947
12.272722,290.5416667,10.6925,8.615416667,0.373166667,0.39,7.166,-0.819152044288992
12.6548,315.625,11.2425,8.669583333,0.36925,0.389958333,7.185,-0.829037572555042
12.835007,334.125,11.88625,8.732083333,0.364083333,0.389,7.248,-0.838670567945424
13.751106,323.5416667,12.46541667,8.807083333,0.360083333,0.389,7.372,-0.848048096156426
14.103495,292.9166667,12.97583333,8.894583333,0.357,0.389,7.592,-0.857167300702112
14.490377,167.3333333,13.30083333,8.990416667,0.355208333,0.388166667,7.618,-0.866025403784439
14.471302,186.0416667,13.41333333,9.088333333,0.354125,0.388,7.317,-0.874619707139396
14.688573,48.45833333,13.43,9.18625,0.353,0.388,6.429,-0.882947592858927
14.842768,158.75,13.34041667,9.282083333,0.352791667,0.387916667,6.487,-0.891006524188368
14.668172,125.625,13.40916667,9.377916667,0.352583333,0.387,7.242,-0.898794046299167
14.644336,152.7083333,13.42583333,9.4675,0.354,0.387,8.114,-0.90630778703665
14.859328,249.875,13.26333333,9.550833333,0.356541667,0.387,8.472,-0.913545457642601
14.815167,84.83333333,13.1175,9.632083333,0.357458333,0.387,7.951,-0.92050485345244
15.172701,277.9583333,12.91125,9.71125,0.358,0.386125,7.994,-0.927183854566787
14.50696,64.66666667,12.85916667,9.78,0.361083333,0.386,11.018,-0.933580426497202
13.698191,82.125,12.67166667,9.8425,0.38475,0.386,7.547,-0.939692620785908
14.021023,308.25,12.41125,9.907083333,0.394333333,0.386,8.64,-0.945518575599317
14.267116,307.9166667,12.24666667,9.959166667,0.393708333,0.386958333,9.453,-0.951056516295154
14.181752,315.75,12.19041667,10.005,0.392041667,0.387,9.014,-0.956304755963035
14.115156,256.2916667,12.255,10.055,0.390125,0.387,8.76,-0.961261695938319
14.101549,228.75,12.23,10.105,0.388458333,0.387,9.174,-0.965925826289068
13.990197,148.75,12.19458333,10.155,0.386875,0.387,7.846,-0.970295726275996
14.057284,156.7916667,12.15708333,10.20291667,0.386,0.387,8.715,-0.974370064785235
13.941913,128.7916667,12.155,10.24458333,0.386916667,0.387,10.309,-0.978147600733806
14.318991,293.0416667,12.04666667,10.28,0.386583333,0.387,10.226,-0.981627183447664
14.22991,157.625,11.955,10.31541667,0.386416667,0.387,9.088,-0.984807753012208
14.650586,281.4583333,11.80916667,10.355,0.387916667,0.387,10.266,-0.987688340595138
14.847961,206.0833333,11.86958333,10.3925,0.387291667,0.387,9.979,-0.99026806874157
14.454659,55.375,11.99666667,10.4175,0.392625,0.387125,9.063,-0.992546151641322
14.369554,279.3333333,12.01541667,10.455,0.400583333,0.388,10.811,-0.994521895368273
14.369582,181.875,12.11125,10.49458333,0.401166667,0.388375,10.251,-0.996194698091746
14.796843,287.2916667,12.20083333,10.52791667,0.403125,0.389,11.553,-0.997564050259824
15.10804,247.375,12.33416667,10.56541667,0.402333333,0.389708333,11.385,-0.998629534754574
15.072552,157.4583333,12.56125,10.60708333,0.400541667,0.39,9.917,-0.999390827019096
15.324387,95.125,12.80708333,10.655,0.399291667,0.390375,9.86,-0.999847695156391
15.488068,149.2916667,13.04041667,10.70708333,0.401458333,0.391,9.955,-1
15.477019,86.83333333,13.1925,10.76125,0.405,0.391333333,10.056,-0.999847695156391
15.19321,220.2083333,13.14458333,10.81541667,0.406625,0.392,10.94,-0.999390827019096
15.137125,121.9583333,13.03,10.86333333,0.407791667,0.392958333,11.051,-0.998629534754574
15.596546,202.0833333,12.96958333,10.90916667,0.407541667,0.393625,10.931,-0.997564050259824
15.425275,67.29166667,13.10083333,10.955,0.407,0.394041667,10.644,-0.996194698091746
15.605977,212.4583333,13.18,11.00291667,0.407916667,0.395,11.444,-0.994521895368273
15.925025,237.625,13.31958333,11.05291667,0.407541667,0.39525,10.486,-0.992546151641322
15.936645,192.25,13.51125,11.10291667,0.405666667,0.396,11.171,-0.99026806874157
15.961895,158.7916667,13.72375,11.15916667,0.404083333,0.396,10.806,-0.987688340595138
15.914479,139.0833333,13.82375,11.22166667,0.402583333,0.3965,10.431,-0.984807753012208
15.774228,101.5416667,13.73625,11.27375,0.401666667,0.397,10.059,-0.981627183447664
15.852573,198.125,13.55083333,11.32583333,0.400083333,0.397,9.599,-0.978147600733806
15.88744,264.2083333,13.40916667,11.37375,0.3985,0.397,10.535,-0.974370064785235
16.112203,222.75,13.26333333,11.41541667,0.396583333,0.397,11.204,-0.970295726275996
16.028494,231.5,13.20291667,11.455,0.395625,0.397,11.01,-0.965925826289068
15.959512,237.3333333,13.17166667,11.49875,0.394666667,0.397,10.567,-0.961261695938319
16.161719,253.4583333,13.08625,11.53,0.393416667,0.397,10.208,-0.956304755963036
16.264732,194.8333333,13.11958333,11.55916667,0.391791667,0.397,9.521,-0.951056516295154
16.080705,56.125,13.24875,11.605,0.391166667,0.396958333,9.134,-0.945518575599317
16.216456,205.25,13.37166667,11.64041667,0.397458333,0.397,10.906,-0.939692620785908
16.192019,217.2916667,13.455,11.68,0.402958333,0.397,12.075,-0.933580426497202
16.302918,255.25,13.41333333,11.71541667,0.402625,0.397,11.64,-0.927183854566787
16.426479,159.2916667,13.34041667,11.755,0.401583333,0.397,11.23,-0.92050485345244
16.424497,107.3333333,13.35916667,11.79666667,0.400208333,0.397,9.582,-0.913545457642601
16.554353,105.9583333,13.55916667,11.83,0.39925,0.397,9.971,-0.90630778703665
16.606579,124,13.67791667,11.8675,0.400208333,0.397,11.571,-0.898794046299167
16.690357,233.375,13.68833333,11.905,0.4015,0.397,11.171,-0.891006524188368
16.7739,273.75,13.74875,11.955,0.400416667,0.397541667,12.584,-0.882947592858927
16.676898,233.3333333,13.84875,11.99458333,0.39875,0.398,11.977,-0.874619707139396
16.448545,218.7083333,13.82583333,12.03416667,0.397583333,0.397541667,10.726,-0.866025403784439
16.419421,235.0416667,13.71333333,12.07166667,0.397,0.397,12.248,-0.857167300702112
16.69282,257.7916667,13.59458333,12.105,0.397458333,0.397,12.646,-0.848048096156426
16.445292,58.58333333,13.56958333,12.14666667,0.398625,0.397083333,10.947,-0.838670567945424
16.45819,180.1666667,13.56541667,12.16333333,0.40725,0.398,12.589,-0.829037572555042
16.348856,114.8333333,13.605,12.205,0.407666667,0.398,12.831,-0.819152044288992
16.483103,184,13.61541667,12.22791667,0.407041667,0.398916667,12.134,-0.809016994374948
16.470633,229.9166667,13.71125,12.255,0.40775,0.399,12.372,-0.798635510047293
16.442716,169.5416667,13.82375,12.30291667,0.407,0.399166667,11.846,-0.788010753606722
16.583075,95.41666667,13.81125,12.33208333,0.406083333,0.4,10.552,-0.777145961456971
16.885696,192.375,13.76333333,12.355,0.405166667,0.4,11.725,-0.766044443118978
17.229982,201.75,13.905,12.405,0.403416667,0.4,11.318,-0.754709580222772
17.650652,188.25,14.1925,12.43,0.401541667,0.4,10.933,-0.743144825477394
17.926816,241.3333333,14.54458333,12.47375,0.399291667,0.4,10.659,-0.731353701619171
18.041549,218.125,14.95083333,12.52583333,0.396958333,0.4,10.295,-0.719339800338651
18.2836,159.125,15.29666667,12.58,0.394291667,0.4,8.322,-0.707106781186548
18.220806,213.3333333,15.48416667,12.6425,0.392666667,0.4,11.164,-0.694658370458998
18.385296,205.5833333,15.5675,12.70708333,0.392,0.399541667,10.725,-0.681998360062499
17.990842,84.41666667,15.64458333,12.77166667,0.392583333,0.399,10.122,-0.669130606358858
17.860784,200.125,15.58208333,12.83416667,0.394875,0.399,11.422,-0.656059028990508
18.128903,211.0833333,15.57791667,12.8925,0.395583333,0.399,11.901,-0.642787609686539
18.063404,229.4583333,15.67583333,12.955,0.39475,0.399,12.413,-0.629320391049837
18.05248,167.625,15.76958333,13.01958333,0.392375,0.399,11.47,-0.615661475325658
18.148392,212,15.81125,13.07791667,0.392,0.399,11.86,-0.601815023152048
17.881508,177.2083333,15.79666667,13.13625,0.393291667,0.399,10.9,-0.587785252292473
17.80974,195.5833333,15.66541667,13.1925,0.397166667,0.399,11.344,-0.573576436351046
17.502954,70.83333333,15.50916667,13.24875,0.400958333,0.399,12.082,-0.559192903470747
17.431407,102.375,15.28416667,13.29875,0.405125,0.399,13.727,-0.544639035015027
17.359114,206.4583333,15.0925,13.34041667,0.409708333,0.399375,13.291,-0.529919264233205
17.277203,157.3333333,14.92791667,13.37166667,0.409625,0.4,12.177,-0.515038074910054
17.222111,188.0833333,14.81541667,13.405,0.408125,0.400333333,12.787,-0.5
16.951924,170.4583333,14.78,13.4425,0.40725,0.401,11.517,-0.484809620246337
16.72084,143.3333333,14.71958333,13.45916667,0.40775,0.401,13.065,-0.469471562785891
16.517766,177.8333333,14.60708333,13.505,0.409666667,0.401291667,13.465,-0.453990499739547
16.503345,121.375,14.48,13.505,0.408666667,0.402,12.705,-0.438371146789078
16.398821,67.66666667,14.455,13.55083333,0.407458333,0.402,11.378,-0.4226182617407
16.440295,160.9166667,14.47166667,13.555,0.406041667,0.402,12.861,-0.4067366430758
16.426531,98.66666667,14.52375,13.5675,0.404291667,0.402,11.224,-0.390731128489274
16.447002,148.5,14.55708333,13.605,0.402541667,0.402,12.801,-0.374606593415912
16.502794,165.5416667,14.49875,13.605,0.4005,0.402,12.538,-0.358367949545301
16.347469,97.25,14.39458333,13.64875,0.398583333,0.402,12.042,-0.342020143325669
16.47547,102.625,14.37166667,13.655,0.397083333,0.402,12.045,-0.325568154457157
16.455178,132.9583333,14.47166667,13.65916667,0.395,0.402,12.118,-0.309016994374948
16.370154,95.79166667,14.505,13.705,0.393291667,0.402,11.01,-0.292371704722737
16.203459,85.83333333,14.49041667,13.705,0.393,0.402,11.041,-0.275637355816999
15.838561,167.4166667,14.27791667,13.70916667,0.393,0.401958333,11.46,-0.258819045102521
15.776374,107.4166667,14.03625,13.755,0.393666667,0.401,12.871,-0.241921895599668
15.697053,118.7916667,13.88833333,13.755,0.392833333,0.401,12.566,-0.224951054343865
15.643726,131.5,13.88833333,13.755,0.392041667,0.401,11.911,-0.20791169081776
15.611315,107,13.87375,13.755,0.3915,0.401,12.62,-0.190808995376545
15.535654,121.8333333,13.855,13.755,0.390625,0.401,11.286,-0.17364817766693
15.296162,147.4583333,13.78416667,13.755,0.39,0.401,11.229,-0.156434465040231
15.087365,157.7083333,13.5925,13.755,0.3905,0.401,12.442,-0.139173100960065
14.8494,80.83333333,13.17375,13.73208333,0.390041667,0.4,13.145,-0.104528463267653
14.751593,154.75,13.0925,13.705,0.391791667,0.4,13.525,-0.0871557427476582
14.702571,150.7916667,12.87791667,13.705,0.392375,0.4,12.911,-0.0697564737441256
14.503367,132.1666667,12.61958333,13.68416667,0.391666667,0.4,13.35,-0.0523359562429443
14.289503,55.54166667,12.51333333,13.655,0.391,0.4,13.685,-0.0348994967025016
13.965771,77.75,12.38,13.63208333,0.394583333,0.4,13.567,-0.0174524064372835
13.868166,117.375,12.305,13.605,0.397666667,0.4,12.313,-1.83697019872103e-16
13.841695,49.75,12.26958333,13.56541667,0.398,0.4,12.174,0.0174524064372831
13.667684,120.625,12.21958333,13.55291667,0.398,0.4,11.895,0.0348994967025013
13.604895,98.25,12.16958333,13.505,0.397833333,0.4,12.607,0.0523359562429439
13.624844,93.45833333,12.22166667,13.4925,0.399916667,0.4,12.465,0.0697564737441252
13.485013,100.7916667,12.305,13.455,0.402458333,0.4,11.442,0.0871557427476579
13.248107,87.375,12.26333333,13.4425,0.407666667,0.4,12.094,0.104528463267653
13.062162,115,12.1175,13.405,0.413041667,0.400291667,12.302,0.121869343405148
12.960638,92.625,11.9425,13.38,0.414,0.401,11.316,0.139173100960065
12.877248,120,11.72166667,13.34875,0.413625,0.401958333,11.243,0.156434465040231
12.84336,106.2916667,11.53625,13.305,0.412041667,0.402291667,11.014,0.17364817766693
12.802097,102,11.30916667,13.26333333,0.409791667,0.403,10.633,0.190808995376544
12.730539,116.4166667,11.09458333,13.21541667,0.408208333,0.403,10.195,0.207911690817759
12.667568,114.5,10.96333333,13.16958333,0.406625,0.403,9.762,0.224951054343865
12.667742,60.54166667,10.84458333,13.1175,0.405291667,0.403,8.132,0.241921895599667
12.577843,84.66666667,10.94458333,13.06958333,0.404541667,0.403,9.16,0.258819045102521
12.483792,99.70833333,10.94875,13.02375,0.405,0.403,10.838,0.275637355816999
12.40557,95.58333333,10.76125,12.97791667,0.405,0.403,10.61,0.292371704722737
12.351599,73.58333333,10.56541667,12.92583333,0.405,0.403,9.736,0.309016994374947
12.193123,55.75,10.42375,12.87166667,0.405,0.403,9.862,0.325568154457156
12.105251,90.20833333,10.25708333,12.81541667,0.405458333,0.403458333,10.505,0.342020143325668
11.963483,46.79166667,10.17166667,12.75916667,0.407958333,0.404,9.929,0.3583679495453
11.938721,65.58333333,10.15708333,12.69875,0.411333333,0.404,10.643,0.374606593415912
11.845775,75.20833333,10.21958333,12.64458333,0.4125,0.404,10.955,0.390731128489273
11.835994,56.33333333,10.23208333,12.5925,0.411541667,0.405,10.542,0.406736643075801
11.843334,88.5,10.26541667,12.54041667,0.410375,0.405,10.139,0.4226182617407
11.838957,71.79166667,10.35291667,12.49458333,0.409,0.405,9.796,0.438371146789077
11.875712,52.375,10.43,12.45291667,0.407583333,0.405,9.43,0.453990499739547
11.868156,41.95833333,10.56541667,12.405,0.406083333,0.405,9.068,0.46947156278589
11.821994,65.95833333,10.68625,12.36541667,0.404583333,0.405,8.706,0.484809620246337
11.585772,71.5,10.68,12.33208333,0.403,0.405,8.348,0.5
11.467839,60.29166667,10.37583333,12.29666667,0.400958333,0.405,8.246,0.515038074910054
11.275795,18.95833333,10.05708333,12.24666667,0.399208333,0.405,11.028,0.529919264233205
11.173534,60.875,9.896666667,12.19666667,0.399,0.405,9.724,0.544639035015027
11.107035,37.875,9.757083333,12.1425,0.399,0.405,9.306,0.559192903470746
10.941379,63.54166667,9.682083333,12.09041667,0.403125,0.405,11.102,0.573576436351046
10.692579,41.83333333,9.469583333,12.03416667,0.40725,0.405,10.568,0.587785252292473
10.450984,53.79166667,9.18625,11.97791667,0.408,0.405,11.289,0.601815023152048
10.189854,41.29166667,8.93625,11.91333333,0.408,0.405,9.718,0.615661475325659
10.08517,54,8.702916667,11.83833333,0.408,0.405,10.089,0.629320391049838
9.98733,53.95833333,8.513333333,11.77375,0.408,0.405,9.775,0.642787609686539
9.946729,35.33333333,8.392500125,11.69666667,0.408,0.405,9.465,0.656059028990507
9.952411,34.45833333,8.513333333,11.62583333,0.407041667,0.405458333,8.735,0.669130606358858
9.91711,42.91666667,8.719583333,11.56125,0.406375,0.406,9.169,0.681998360062498
9.795304,51.25,8.888333333,11.49666667,0.407208333,0.406,9.949,0.694658370458997
9.602448,50.83333333,8.927916667,11.4425,0.408833333,0.406,10.792,0.707106781186547
9.529263,32.41666667,8.8175,11.38625,0.409,0.406,11.082,0.719339800338651
9.585851,11.33333333,8.765416667,11.33,0.410083333,0.406,11.724,0.731353701619171
9.750856,23.66666667,8.965416667,11.27375,0.415458333,0.406125,12.616,0.743144825477394
9.777516,9.5,9.182083333,11.22375,0.418,0.407,11.166,0.754709580222772
9.702917,31.45833333,9.2675,11.18,0.417375,0.407833333,10.541,0.766044443118978
9.669094,8.791666667,9.27375,11.13833333,0.416333333,0.408208333,10.086,0.777145961456971
9.494171,44.75,9.169583333,11.09666667,0.415916667,0.409,9.855,0.788010753606722
9.364113,16.58333333,8.865416667,11.04875,0.416,0.409,12.301,0.798635510047293
9.464157,20.70833333,8.67375,10.99666667,0.425958333,0.411,11.534,0.809016994374947
9.422763,35.58333333,8.796666667,10.94875,0.424208333,0.412833333,10.45,0.819152044288992
9.281911,45.58333333,8.807083333,10.90083333,0.422958333,0.414208333,10.528,0.829037572555041
9.123442,26.125,8.755,10.85083333,0.426,0.415458333,10.62,0.838670567945424
8.89633,35.95833333,8.646666667,10.80291667,0.42525,0.417208333,9.334,0.848048096156425
8.802693,35.16666667,8.361250063,10.75083333,0.422958333,0.418,8.932,0.857167300702112
8.69659,28.29166667,7.911250038,10.69458333,0.420333333,0.418708333,8.5,0.866025403784438
8.545467,37.79166667,7.559166629,10.63,0.417875,0.419,7.906,0.874619707139396
8.328224,37.25,7.427916542,10.56541667,0.415125,0.419,8.293,0.882947592858927
8.213071,36.54166667,7.242499938,10.48833333,0.412375,0.418416667,8.327,0.891006524188368
8.135352,9.875,6.917499963,10.41958333,0.409916667,0.418,8.048,0.898794046299167
8.070935,27.29166667,6.650833258,10.33208333,0.407916667,0.418,7.841,0.90630778703665
8.031332,23.91666667,6.527916667,10.25291667,0.406333333,0.418,8.053,0.913545457642601
7.884683,5,6.455,10.17375,0.405041667,0.417833333,9.489,0.92050485345244
7.732802,26.70833333,6.53,10.08625,0.407583333,0.417,8.982,0.927183854566787
7.566699,22,6.605,10.01541667,0.409083333,0.417,9.303,0.933580426497202
7.449375,33.16666667,6.538333333,9.934166667,0.4095,0.417,9.183,0.939692620785908
7.339406,4.666666667,6.411249788,9.863333333,0.411541667,0.417,11.24,0.945518575599317
7.21334,31.75,6.369583246,9.784166667,0.41525,0.417,9.463,0.951056516295154
7.228573,19.79166667,6.413333083,9.713333333,0.414541667,0.417,8.455,0.956304755963036
7.23255,23.45833333,6.56124995,9.63625,0.41325,0.417,8.059,0.961261695938319
7.115049,30.79166667,6.577916567,9.57375,0.411541667,0.417,7.844,0.965925826289068
6.952729,26.5,6.265416567,9.49875,0.40975,0.417,7.537,0.970295726275996
6.85447,11.16666667,5.971666579,9.427916667,0.407916667,0.416583333,7.281,0.974370064785235
6.726386,26.83333333,5.87999985,9.34875,0.406583333,0.416,7.323,0.978147600733806
6.728709,23.20833333,5.869583246,9.27375,0.406,0.416,7.172,0.981627183447664
6.647574,21.75,5.975833308,9.190416667,0.406,0.416,7.108,0.984807753012208
6.609593,16.83333333,6.121666554,9.127916667,0.406,0.416,7.933,0.987688340595138
6.647051,25.875,6.250833333,9.065416667,0.406,0.415708333,7.778,0.99026806874157
6.621614,15.625,6.305,8.996666667,0.406,0.415,7.779,0.992546151641322
6.671008,26.125,6.3175,8.938333333,0.40725,0.415,7.375,0.994521895368273
6.769404,13.5,6.413333133,8.882083333,0.409,0.415,7.464,0.996194698091746
6.724583,18.375,6.455,8.83,0.40825,0.415,7.25,0.997564050259824
6.955514,7.541666667,6.542499963,8.777916667,0.409958333,0.415,10.064,0.998629534754574
6.93897,28.41666667,6.834166604,8.732083333,0.414958333,0.415,8.501,0.999390827019096
6.93676,24.54166667,7.009166667,8.694583333,0.415708333,0.415,8.109,0.999847695156391
6.92573,23.875,7.01125,8.655,0.415,0.415,7.736,1
6.892119,13.45833333,6.911249863,8.615416667,0.415166667,0.415,9.171,0.999847695156391
6.837679,27.08333333,6.82375,8.58,0.417,0.415,8.653,0.999390827019096
7.011455,5.166666667,6.802916642,8.544583333,0.417,0.415,9.26,0.998629534754574
6.867895,25.625,7.011249975,8.505,0.417,0.415791667,8.349,0.997564050259824
6.882274,7.916666667,6.996666667,8.469583333,0.417416667,0.416,11.098,0.996194698091745
6.84516,21.54166667,7.013333333,8.446666667,0.42275,0.416333333,9.494,0.994521895368273
6.778733,26.125,6.9925,8.405,0.421833333,0.417,7.607,0.999847695156391
6.921613,9.5,6.988333333,8.375833625,0.419916667,0.417791667,7.013,0.999390827019096
7.032573,11.79166667,7.248749925,8.3550005,0.417875,0.418,6.752,0.998629534754574
7.103031,13.375,7.565416592,8.323750188,0.415791667,0.418,6.511,0.997564050259824
7.222063,8.291666667,7.834166604,8.305,0.413583333,0.418,6.441,0.996194698091746
7.579589,6.666666667,7.994583333,8.305,0.41225,0.418,9.642,0.994521895368273
7.715188,6.791666667,8.142500167,8.305,0.4195,0.417666667,10.262,0.992546151641322
7.645474,37,8.336250229,8.305,0.423375,0.418208333,7.864,0.99026806874157
7.501716,32.5,8.244583521,8.305,0.420666667,0.419,6.761,0.987688340595138
7.4207,22.91666667,7.865416642,8.305,0.418458333,0.419,6.22,0.984807753012208
7.308963,26.54166667,7.519583233,8.288333333,0.41625,0.419,6,0.981627183447664
7.246026,25.41666667,7.265416642,8.255,0.414083333,0.419,5.811,0.978147600733806
7.144136,21.375,7.004999888,8.246666667,0.411875,0.419,5.645,0.974370064785235
6.998654,35.83333333,6.79875,8.205,0.411,0.418625,5.567,0.970295726275996
6.808025,16.75,6.621666617,8.177916667,0.410041667,0.418,5.893,0.965925826289068
6.745657,11,6.404999925,8.144583438,0.410291667,0.418,6.042,0.961261695938319
6.782626,27.54166667,6.284166667,8.102917146,0.410208333,0.418,7.875,0.956304755963035
6.792496,19.375,6.288333333,8.055,0.419916667,0.418,10.163,0.951056516295154
6.68098,35.45833333,6.28625,8.019583333,0.422833333,0.41875,7.505,0.945518575599317
6.522097,40.79166667,6.075833258,7.982083333,0.420958333,0.419,6.265,0.939692620785908
6.435361,30.125,5.69874995,7.936249888,0.418833333,0.419,5.82,0.933580426497202
6.296648,42.45833333,5.342499938,7.882083171,0.4165,0.419,5.589,0.927183854566787
6.164503,43,5.0049999,7.82375,0.414083333,0.419,5.485,0.92050485345244
5.99613,29.66666667,4.748749938,7.757083333,0.41175,0.419,5.392,0.913545457642601
5.985524,10.91666667,4.665416429,7.686249888,0.41,0.419,6.573,0.90630778703665
6.134706,15.54166667,4.798749988,7.623749888,0.41075,0.419,8.905,0.898794046299167
6.017308,31.29166667,4.977916617,7.565416667,0.418708333,0.419,8.05,0.891006524188368
6.092278,28.08333333,5.088333283,7.51125,0.420416667,0.419,7.393,0.882947592858927
6.171436,19.375,5.302916617,7.459166667,0.422,0.419,7.898,0.874619707139396
6.135092,47.16666667,5.559166629,7.411249738,0.422,0.419583333,7.928,0.866025403784439
6.155465,52.70833333,5.709166592,7.373749888,0.423291667,0.42,7.46,0.857167300702112
6.116825,56.08333333,5.8175,7.344583333,0.422625,0.420333333,5.748,0.848048096156426
6.10611,43.95833333,5.83,7.305,0.421125,0.421,5.546,0.838670567945424
6.268624,28.20833333,5.840416617,7.271666667,0.419583333,0.421,5.461,0.829037572555042
6.126759,49.91666667,6.044583333,7.255,0.418125,0.421,5.307,0.819152044288992
5.935633,48.875,6.027916667,7.21125,0.416333333,0.420541667,5.649,0.809016994374947
5.851595,63.66666667,5.921666492,7.202916654,0.41475,0.42,5.4,0.798635510047293
5.868657,47.875,5.794583333,7.1549997,0.413458333,0.42,5.457,0.788010753606722
5.925089,68.5,5.784166667,7.134166492,0.412708333,0.42,5.295,0.777145961456971
5.983341,32.58333333,5.946666567,7.105,0.411375,0.42,5.031,0.766044443118978
6.029713,40.95833333,6.159166579,7.082083333,0.41125,0.42,5.036,0.754709580222772
6.024933,41.91666667,6.255,7.055,0.414875,0.419291667,5.237,0.743144825477394
6.019449,40.29166667,6.200833233,7.055,0.415208333,0.419,5.211,0.731353701619171
6.162017,13.875,6.169583121,7.0175,0.414791667,0.419,6.561,0.719339800338651
6.160123,70.625,6.290416667,7.005,0.416375,0.419,5.474,0.707106781186548
6.202796,65.29166667,6.344583333,7.005,0.41575,0.419,5.212,0.694658370458997
6.306136,47.125,6.419583233,6.975833333,0.41425,0.419,5.037,0.681998360062498
6.344871,73.08333333,6.632083258,6.955,0.412041667,0.419,4.938,0.669130606358858
6.290074,81.04166667,6.732083333,6.955,0.409666667,0.419,4.852,0.656059028990507
6.256224,81.91666667,6.705,6.955,0.407041667,0.418291667,4.831,0.642787609686539
6.194178,80.75,6.648749938,6.955,0.4045,0.418,4.869,0.629320391049838
6.03742,97.45833333,6.502916654,6.955,0.402041667,0.418,4.962,0.615661475325658
5.921726,110.75,6.242499925,6.950833308,0.400041667,0.417458333,5.113,0.601815023152048
5.88686,66.41666667,5.873749963,6.9049997,0.400208333,0.417,5.325,0.587785252292473
5.802713,117.6666667,5.479999938,6.892499775,0.398666667,0.417,5.603,0.573576436351046
5.731647,117.8333333,5.017499925,6.855,0.396875,0.416208333,5.958,0.559192903470747
5.741035,112.2916667,4.563333296,6.809166667,0.394458333,0.416,6.402,0.544639035015027
5.791003,60.75,4.2425,6.750833333,0.392291667,0.415625,6.959,0.529919264233205
5.799174,72.58333333,4.2425,6.694583271,0.3905,0.415,7.672,0.515038074910054
5.885424,82.95833333,4.477916642,6.644583096,0.388458333,0.414875,7.617,0.5
6.142169,84.54166667,4.802916604,6.605,0.386583333,0.414,6.93,0.484809620246337
5.960933,81.20833333,5.034166667,6.555,0.38475,0.413916667,6.03,0.469471562785891
5.936391,52.625,5.157083071,6.53,0.383291667,0.413,6.204,0.453990499739547
5.973968,108.0416667,5.213333333,6.505,0.381583333,0.412958333,6.119,0.438371146789077
6.014101,36.29166667,5.344583271,6.4675,0.380291667,0.412,6.115,0.422618261740699
6.111267,66,5.550833283,6.455,0.379541667,0.412,5.986,0.4067366430758
6.259681,39.95833333,5.838333283,6.438333233,0.379,0.411,5.785,0.390731128489274
6.352794,80.875,6.125833283,6.4049997,0.379875,0.411,5.509,0.374606593415912
6.261494,87.58333333,6.27375,6.4049997,0.38025,0.410291667,5.642,0.3583679495453
6.039834,131.2083333,6.042499938,6.4049997,0.380166667,0.41,5.819,0.342020143325669
5.995894,119.8333333,5.519583296,6.4049997,0.38,0.409666667,5.965,0.325568154457157
6.01533,133.2083333,4.984166604,6.367499925,0.379166667,0.409,5.924,0.309016994374947
6.063056,112.4166667,4.732083333,6.338333333,0.378625,0.409,5.922,0.292371704722737
6.067634,133.75,4.78625,6.305,0.378916667,0.408208333,4.978,0.275637355816999
6.063274,145.3333333,4.82375,6.26125,0.380916667,0.408,5.104,0.258819045102521
6.048476,130.7083333,4.734166667,6.238333333,0.381083333,0.408,8.2,0.241921895599668
6.038664,130.5,4.686249888,6.205,0.382,0.407083333,5.907,0.224951054343865
6.014884,154.4583333,4.659166517,6.163333083,0.382,0.407,5.805,0.207911690817759
6.023834,138.2083333,4.571666667,6.134166492,0.382166667,0.407,5.931,0.190808995376545
5.865573,71.20833333,4.555,6.102916667,0.382,0.406208333,8.433,0.17364817766693
5.890216,54.75,4.575833321,6.055,0.383208333,0.406,7.896,0.156434465040231
5.872395,123,4.696666554,6.027916667,0.384958333,0.406,5.922,0.139173100960066
5.761084,93.375,4.74875,6.005,0.3855,0.406,5.628,0.121869343405147
5.670804,134.9583333,4.663333183,5.965416667,0.385125,0.405083333,5.715,0.104528463267653
5.615378,141.4166667,4.544583333,5.944583271,0.384916667,0.405,5.896,0.0871557427476581
5.588394,160.5,4.382083333,5.9049997,0.384041667,0.405,6.131,0.0697564737441255
5.470775,158.375,4.188333333,5.863333283,0.383416667,0.404916667,6.451,0.052335956242944
5.398336,202.0416667,3.9425,5.825833333,0.382291667,0.404,6.862,0.0348994967025011
5.350568,183.625,3.888333333,5.78,0.380583333,0.404,7.392,0.0174524064372834
5.265317,77.54166667,3.959166667,5.7425,0.379333333,0.404,7.45,6.12323399573677e-17
5.186501,198.7083333,4.002916667,5.705,0.378416667,0.403625,7.501,-0.0174524064372835
5.215629,226.125,4.069583333,5.661249738,0.376791667,0.403,7.485,-0.0348994967025007
5.230302,226.0416667,4.163333333,5.62999985,0.37475,0.403,7.009,-0.0523359562429436
5.226128,196.5416667,4.152916667,5.605,0.372291667,0.402708333,6.93,-0.0697564737441253
5.242177,195.5833333,3.913333292,5.557083333,0.370166667,0.402,7.036,-0.0871557427476582
5.34325,196.75,3.686249938,5.521666667,0.368333333,0.402,7.133,-0.104528463267653
5.40866,131.0416667,3.496666583,5.482083333,0.366708333,0.401458333,7.22,-0.121869343405147
5.458441,201.375,3.617499917,5.438333233,0.365458333,0.401,7.298,-0.139173100960065
5.518706,194.6666667,3.892499954,5.4049997,0.364208333,0.401,7.366,-0.156434465040231
5.675938,188.75,4.182083333,5.359166642,0.362916667,0.400041667,7.427,-0.17364817766693
5.833326,158.125,4.546666642,5.355,0.362,0.4,6.223,-0.190808995376545
5.917402,203.0416667,4.934166604,5.340416667,0.362708333,0.39975,5.652,-0.207911690817759
6.043176,97.125,5.225833283,5.305,0.36375,0.399,5.507,-0.224951054343865
6.315366,139.125,5.467499925,5.31125,0.367,0.399,5.553,-0.241921895599668
6.549265,150.6666667,5.844583283,5.350833333,0.371666667,0.399,5.787,-0.258819045102521
6.764817,223.4583333,6.213333271,5.355,0.376416667,0.398208333,8.956,-0.275637355816999
7.008787,112.5833333,6.504999938,5.369583246,0.3845,0.398,11.881,-0.292371704722737
7.140534,204.9166667,6.757083296,5.4049997,0.396041667,0.398,10.544,-0.309016994374947
7.323013,221.5833333,6.888333158,5.432083196,0.400541667,0.398,7.656,-0.325568154457156
7.500513,156.2916667,6.9675,5.455,0.401,0.398,8.662,-0.342020143325669
7.615983,209.125,7.088333283,5.502916667,0.404333333,0.3985,10.895,-0.3583679495453
7.814785,135.875,7.232083296,5.534166667,0.406875,0.399,9.172,-0.374606593415912
8.346406,141.375,7.436249913,5.57375,0.406166667,0.399,8.198,-0.390731128489274
8.197641,124.2916667,7.669583258,5.619583246,0.405083333,0.399541667,6.934,-0.4067366430758
8.280933,231.5,7.7925,5.667499775,0.404625,0.4,6.708,-0.422618261740699
8.260658,249,7.746666667,5.713333333,0.404,0.4,6.656,-0.438371146789078
8.343146,228.0833333,7.629999938,5.755,0.403583333,0.4,6.813,-0.453990499739547
8.396289,170,7.605,5.805,0.403208333,0.4,6.565,-0.469471562785891
8.416969,249.2916667,7.605,5.844583333,0.4025,0.4,6.833,-0.484809620246337
8.539961,230.75,7.57375,5.882083171,0.40125,0.4,6.846,-0.5
8.722071,257,7.619583283,5.911249738,0.400666667,0.4,6.836,-0.515038074910054
8.844128,183.5833333,7.74875,5.955,0.399,0.4,6.839,-0.529919264233205
8.976503,46.375,7.923749888,6.000833333,0.398708333,0.4,9.874,-0.544639035015027
9.04437,176.5416667,7.98625,6.044583333,0.402666667,0.4,7.959,-0.559192903470747
9.26856,92.54166667,8.073750104,6.08625,0.403,0.4,10.268,-0.573576436351046
9.437276,76.25,8.282083417,6.127916529,0.403,0.400791667,10.753,-0.587785252292473
9.50941,128.625,8.500833333,6.17999985,0.403,0.401,8.69,-0.601815023152048
9.623177,149.6666667,8.755,6.234166667,0.406458333,0.401,10.946,-0.615661475325658
9.732707,171.3333333,8.87375,6.288333333,0.417541667,0.4015,9.123,-0.629320391049837
9.849432,250.7916667,8.913333333,6.3425,0.41675,0.402625,9.309,-0.642787609686539
9.864927,269.9166667,8.955,6.398749738,0.415541667,0.403416667,9.22,-0.656059028990507
9.985951,101.4583333,8.927916667,6.454999988,0.413416667,0.404,8.315,-0.669130606358858
9.871368,268.875,8.827916667,6.509166667,0.411625,0.404708333,10.267,-0.681998360062498
9.754267,227.5416667,8.68625,6.555,0.411666667,0.405,9.436,-0.694658370458997
9.789113,256.9166667,8.571666667,6.605,0.412833333,0.405,8.456,-0.707106781186547
9.899704,244.4583333,8.490416667,6.648749738,0.412083333,0.405958333,8.699,-0.719339800338651
10.021279,289.3333333,8.505,6.688333233,0.4125,0.406,8.137,-0.73135370161917
9.98808,51.625,8.555,6.73,0.412458333,0.406083333,10.387,-0.743144825477394
10.356453,192.9583333,8.588333333,6.769583333,0.41825,0.407,9.004,-0.754709580222772
10.334979,165.25,8.86125,6.813333333,0.416458333,0.408,7.906,-0.766044443118978
10.52095,168.375,9.090416667,6.861249963,0.414041667,0.408,7.638,-0.777145961456971
10.635565,217.4166667,9.234166667,6.913333083,0.411583333,0.408916667,7.528,-0.788010753606722
10.649206,239.5833333,9.27375,6.965416667,0.408125,0.409,7.431,-0.798635510047293
10.845718,242.25,9.23625,7.0175,0.40475,0.408375,7.369,-0.809016994374947
11.014549,70.66666667,9.194583333,7.063333333,0.402083333,0.408,6.952,-0.819152044288992
10.963785,172.4166667,9.159166667,7.109166642,0.401125,0.408,7.311,-0.829037572555042
11.087604,274.625,9.232083333,7.1549997,0.401625,0.408,6.793,-0.838670567945424
11.186845,248.3333333,9.3175,7.205,0.403166667,0.408,7.254,-0.848048096156426
11.466471,334.9166667,9.396666667,7.252916667,0.40375,0.408,7.925,-0.857167300702112
11.728353,269.2916667,9.577916667,7.29875,0.402416667,0.408,7.791,-0.866025403784439
11.867388,227.5,9.821666667,7.34875,0.400708333,0.408,7.656,-0.874619707139396
12.048227,189.4166667,9.969583333,7.409166392,0.398958333,0.407125,7.542,-0.882947592858927
12.478534,166.2916667,10.06333333,7.465416667,0.396875,0.407,7.58,-0.891006524188368
13.565598,194.4166667,10.20916667,7.521666667,0.394791667,0.407,7.537,-0.898794046299167
13.649023,284.625,10.5425,7.584166667,0.392125,0.407,7.485,-0.90630778703665
13.993496,290.0416667,10.97166667,7.6549998,0.389208333,0.406583333,7.47,-0.913545457642601
14.699092,290.25,11.35708333,7.732083333,0.386333333,0.406,7.499,-0.92050485345244
14.824957,332.5416667,11.73625,7.821666667,0.38325,0.406,7.597,-0.927183854566787
15.607225,339.4166667,12.10708333,7.913333183,0.379666667,0.405416667,7.839,-0.933580426497202
16.157245,281.3333333,12.46333333,8.009166667,0.375916667,0.405,7.838,-0.939692620785908
15.445702,132.5,12.74458333,8.111250229,0.373583333,0.404583333,7.837,-0.945518575599317
15.464748,175.9166667,12.77166667,8.213333333,0.372416667,0.404,7.03,-0.951056516295154
15.658052,264.5,12.72166667,8.3133335,0.370666667,0.404,7.48,-0.956304755963035
15.5477,264.0833333,12.67375,8.409166771,0.368875,0.403125,7.429,-0.961261695938319
14.965508,114.375,12.55708333,8.502916667,0.368208333,0.403,9.758,-0.965925826289068
15.142257,290.0833333,12.3175,8.588333333,0.3705,0.402666667,8.878,-0.970295726275996
15.256144,198.6666667,12.18,8.675833333,0.371916667,0.402,8.377,-0.974370064785235
16.042153,265.5833333,12.17166667,8.74875,0.372958333,0.402,8.15,-0.978147600733806
15.780737,255.25,12.30083333,8.827916667,0.372833333,0.401583333,7.99,-0.981627183447664
16.029052,246.4583333,12.35916667,8.902916667,0.372166667,0.401,7.98,-0.984807753012208
16.002019,95.33333333,12.38625,8.982083333,0.371,0.401,7.861,-0.987688340595138
15.890888,174.2916667,12.36958333,9.059166667,0.3705,0.400458333,7.505,-0.99026806874157
15.599194,238.2916667,12.35291667,9.13,0.37,0.4,7.5,-0.992546151641322
14.961247,248.5,12.32166667,9.202916667,0.370625,0.4,8.386,-0.994521895368273
15.240288,246.5833333,12.24041667,9.275833333,0.371083333,0.399583333,9.217,-0.996194698091746
15.3886,199.875,12.205,9.338333333,0.370625,0.399,8.989,-0.997564050259824
15.849966,295,12.21333333,9.400833333,0.369666667,0.399,8.872,-0.998629534754574
15.95431,124.5833333,12.27166667,9.465416667,0.368708333,0.398666667,8.63,-0.999390827019096
15.87229,110.75,12.38,9.527916667,0.368125,0.398,8.173,-0.999847695156391
15.96522,182.4166667,12.43208333,9.590416667,0.367791667,0.398,8.779,-1
15.856058,188.5,12.53,9.66125,0.367166667,0.398,7.977,-0.999847695156391
15.914685,225.2083333,12.56541667,9.725833333,0.366833333,0.397291667,9.747,-0.999390827019096
15.585077,60.5,12.52791667,9.78625,0.366,0.397,9.718,-0.998629534754574
15.679037,121.8333333,12.46333333,9.8425,0.366083333,0.397,10.453,-0.997564050259824
15.629331,228.9583333,12.51125,9.900833333,0.366583333,0.39675,10.973,-0.996194698091746
15.873258,253.875,12.62375,9.965416667,0.366583333,0.396,11.821,-0.994521895368273
15.919256,146.5,12.76958333,10.02583333,0.366,0.396,11.412,-0.992546151641322
17.450805,193.4583333,12.97166667,10.08416667,0.365083333,0.396,11.09,-0.99026806874157
17.232649,311.0416667,13.40083333,10.155,0.363125,0.395125,10.649,-0.987688340595138
17.729107,280.0416667,14.01125,10.23208333,0.359875,0.395,10.221,-0.984807753012208
18.319728,322.25,14.53625,10.32375,0.356541667,0.394583333,9.806,-0.981627183447664
19.267611,326.7916667,14.93833333,10.42166667,0.354125,0.394,9.392,-0.978147600733806
19.506134,286.5,15.38416667,10.52791667,0.351833333,0.39375,8.971,-0.974370064785235
19.584256,255.6666667,15.71333333,10.64041667,0.350541667,0.393,8.545,-0.970295726275996
19.808913,239.2083333,15.74458333,10.755,0.349041667,0.393,8.14,-0.965925826289068
20.006881,246.875,15.65291667,10.86541667,0.348166667,0.392291667,7.889,-0.961261695938319
20.348035,257.3333333,15.6675,10.96958333,0.347375,0.392,7.888,-0.956304755963036
20.687239,249.625,15.72583333,11.07583333,0.345875,0.391625,7.887,-0.951056516295154
20.928318,259.5416667,15.83208333,11.18416667,0.344125,0.391,7.886,-0.945518575599317
21.270626,322.2083333,16.06125046,11.29041667,0.341041667,0.39075,7.885,-0.939692620785908
21.598576,270.4583333,16.44250004,11.40083333,0.337416667,0.39,7.885,-0.933580426497202
21.598639,237.9583333,16.83208333,11.51541667,0.335791667,0.389791667,7.884,-0.927183854566787
21.611261,196.9166667,17.05708333,11.6425,0.33575,0.389,7.883,-0.92050485345244
21.54751,169.4166667,17.155,11.75916667,0.335,0.389,7.928,-0.913545457642601
20.692185,95.66666667,17.05708333,11.87583333,0.335083333,0.388333333,11.509,-0.90630778703665
20.801413,241.7083333,16.84666667,11.99041667,0.336,0.388,13.594,-0.898794046299167
21.027823,263,16.73416667,12.09875,0.336,0.387875,11.715,-0.891006524188368
21.005952,223.8333333,16.67375,12.20083333,0.338208333,0.387,12.058,-0.882947592858927
21.303854,237.3333333,16.62166667,12.29875,0.342166667,0.387,11.816,-0.874619707139396
21.084093,183.7916667,16.53833333,12.39458333,0.345666667,0.387,9.942,-0.866025403784439
20.654968,236.1666667,16.33625033,12.48416667,0.3485,0.386,10.555,-0.857167300702112
20.058526,80.08333333,16.08833354,12.56958333,0.351291667,0.386,12.782,-0.848048096156426
20.024021,85.91666667,15.83833333,12.63833333,0.36075,0.386,16.098,-0.838670567945424
19.234565,179.7916667,15.7425,12.71958333,0.373875,0.386,14.478,-0.829037572555042
19.010176,205.5416667,15.6175,12.78208333,0.380041667,0.386,14.158,-0.819152044288992
19.234347,246.6666667,15.44458333,12.8425,0.384416667,0.386,16.017,-0.809016994374948
19.192603,251.0416667,15.305,12.89875,0.385583333,0.386,16.105,-0.798635510047293
18.972559,170.7916667,15.15083333,12.95083333,0.385583333,0.386,12.808,-0.788010753606722
19.132784,226.1666667,15.07375,13.00083333,0.387333333,0.386,16.238,-0.777145961456971
18.972918,135.4166667,15.07166667,13.04666667,0.389,0.386,15.367,-0.766044443118978
18.812409,187.125,15.02375,13.0925,0.389,0.386,15.748,-0.754709580222772
18.81524,184.2083333,14.94041667,13.13416667,0.3885,0.386,15.253,-0.743144825477394
18.491075,184.5,14.83833333,13.16958333,0.386458333,0.386,14.232,-0.731353701619171
18.16347,208.7916667,14.70708333,13.205,0.385541667,0.386,13.97,-0.719339800338651
18.313595,159.3333333,14.63416667,13.24875,0.385,0.386,15.767,-0.707106781186548
18.239171,86.625,14.66541667,13.2675,0.385,0.386,12.842,-0.694658370458998
18.190712,98.125,14.75708333,13.305,0.3855,0.386541667,13.732,-0.681998360062499
18.324599,211.0416667,14.8175,13.34041667,0.387,0.387,17.202,-0.669130606358858
18.155276,201.375,14.9175,13.36541667,0.387083333,0.387,14.229,-0.656059028990508
18.072269,160.875,14.93,13.405,0.387583333,0.387,16.985,-0.642787609686539
18.156666,192.125,14.82583333,13.44458333,0.387,0.387,16.545,-0.629320391049837
17.888242,60.75,14.805,13.46333333,0.386166667,0.387,13.84,-0.615661475325658
17.828331,140.25,14.82583333,13.505,0.385625,0.387,15.743,-0.601815023152048
18.068742,175.6666667,14.9175,13.53625,0.384875,0.387,17.063,-0.587785252292473
17.913517,126.3333333,15.05083333,13.56125,0.384125,0.387,14.487,-0.573576436351046
17.770575,96.41666667,15.03208333,13.605,0.383416667,0.387,14.392,-0.559192903470747
17.804365,166.75,14.92166667,13.63208333,0.383,0.387,16.443,-0.544639035015027
17.893527,123.8333333,14.89875,13.655,0.38275,0.387,15.838,-0.529919264233205
17.935707,149.125,14.94875,13.69041667,0.382625,0.387,15.051,-0.515038074910054
17.901696,164.75,14.92583333,13.705,0.387583333,0.387,14.495,-0.5
18.013157,126.0833333,14.905,13.75291667,0.386666667,0.387,14.052,-0.484809620246337
17.738377,111.0833333,14.94875,13.75916667,0.385625,0.387,13.048,-0.469471562785891
17.538164,157.5,14.8925,13.805,0.384541667,0.387,13.762,-0.453990499739547
17.380291,140.7916667,14.74458333,13.805,0.383208333,0.387,13.091,-0.438371146789078
17.271546,112.8333333,14.72583333,13.855,0.381708333,0.387,12.449,-0.4226182617407
17.251935,149.9166667,14.84875,13.855,0.38025,0.387,12.829,-0.4067366430758
17.064756,108.7916667,14.905,13.89041667,0.378583333,0.387,10.892,-0.390731128489274
16.977921,163.5,14.80916667,13.905,0.378,0.386541667,13.275,-0.374606593415912
16.72014,194.2083333,14.50916667,13.90708333,0.377708333,0.386,12.96,-0.358367949545301
16.05544,53.25,14.14666667,13.95083333,0.378416667,0.386,12.406,-0.342020143325669
15.978959,155.5,13.78,13.955,0.380541667,0.386,14.622,-0.325568154457157
15.935304,90.54166667,13.62791667,13.91333333,0.38175,0.386,14.573,-0.309016994374948
15.878351,116.9583333,13.53625,13.905,0.382,0.386,14.415,-0.292371704722737
16.048592,36.20833333,13.55708333,13.905,0.382,0.386,12.902,-0.275637355816999
16.003038,49.16666667,13.65083333,13.905,0.382,0.386,12.62,-0.258819045102521
16.040693,123.5833333,13.68208333,13.905,0.382333333,0.386,14.365,-0.241921895599668
14.663824,39.95833333,13.13625,13.855,0.384875,0.386,14.273,-0.17364817766693
14.533998,118.5416667,12.95291667,13.855,0.385791667,0.386,15.615,-0.156434465040231
14.279323,115.25,12.82791667,13.81541667,0.385041667,0.386,14.392,-0.139173100960065
14.343219,132.875,12.81125,13.805,0.385,0.386,15.124,-0.121869343405147
14.460731,72.70833333,12.93625,13.7925,0.385,0.386,14.334,-0.104528463267653
14.633362,132.25,13.205,13.755,0.384416667,0.386,14.154,-0.0871557427476582
14.689104,125,13.57166667,13.755,0.383416667,0.386,13.563,-0.0697564737441256
14.983695,77.41666667,13.93833333,13.755,0.382416667,0.386,12.862,-0.0523359562429443
14.98797,98.08333333,14.20083333,13.755,0.382,0.386,12.13,-0.0348994967025016
15.024374,65.95833333,14.36541667,13.77166667,0.381,0.386,11.658,-0.0174524064372835
15.125075,134.6666667,14.41541667,13.805,0.3805,0.386,11.402,-1.83697019872103e-16
15.2124,114.9166667,14.46541667,13.805,0.379666667,0.386,10.695,0.0174524064372831
15.017022,88,14.54875,13.80708333,0.379,0.386,9.865,0.0348994967025013
14.991982,76.70833333,14.59041667,13.855,0.378333333,0.386,8.995,0.0523359562429439
15.139188,57.20833333,14.6175,13.855,0.378,0.386,9.453,0.0697564737441252
15.241117,95.58333333,14.68833333,13.86333333,0.378,0.386,8.179,0.0871557427476579
15.377959,95.54166667,14.81333333,13.905,0.378833333,0.385625,9.856,0.104528463267653
15.381066,94.625,14.87375,13.905,0.381916667,0.385,9.515,0.121869343405148
15.426403,98.875,14.76125,13.93833333,0.3835,0.385,9.499,0.139173100960065
15.558781,72.25,14.71958333,13.955,0.383,0.385,9.846,0.156434465040231
15.609223,49.375,14.83416667,13.955,0.383166667,0.385,9.133,0.17364817766693
15.517228,67.125,14.87375,14.005,0.381833333,0.385,10.139,0.190808995376544
15.229511,54.375,14.67791667,14.005,0.381666667,0.385,9.961,0.207911690817759
15.029721,100.2083333,14.26958333,14.005,0.382666667,0.385,9.8,0.224951054343865
14.882467,125.8333333,13.74458333,14.005,0.382,0.385,9.352,0.241921895599667
14.773186,87.25,13.2675,14.005,0.381625,0.385,8.894,0.258819045102521
14.68267,67.875,12.98,13.98833333,0.381,0.385,8.448,0.275637355816999
14.580046,105.2916667,12.80708333,13.955,0.380416667,0.385,8.359,0.292371704722737
14.195665,76.16666667,12.26541667,13.855,0.381125,0.385,10.159,0.342020143325668
14.154907,23.25,12.31333333,13.82375,0.382958333,0.385,9.128,0.3583679495453
14.102862,57.58333333,12.4175,13.79875,0.3865,0.385,11.4,0.374606593415912
14.081276,68.66666667,12.505,13.755,0.389708333,0.385,11.038,0.390731128489273
14.035178,50.5,12.47583333,13.7425,0.391041667,0.385,10.264,0.406736643075801
13.964876,62.91666667,12.47375,13.705,0.392041667,0.385916667,10.34,0.4226182617407
13.722545,62.16666667,12.51333333,13.68416667,0.393,0.386,10.862,0.438371146789077
13.647877,65.08333333,12.28625,13.655,0.393,0.386,11.7,0.453990499739547
13.61819,20.08333333,12.12583333,13.61541667,0.400416667,0.386125,11.773,0.46947156278589
13.411649,40.75,12.12375,13.58833333,0.407333333,0.387,13.82,0.484809620246337
13.187778,62.33333333,12.04041667,13.555,0.411458333,0.388,14.216,0.5
12.873264,61.33333333,11.91125,13.50916667,0.412166667,0.38925,14.978,0.515038074910054
12.632532,64.54166667,11.70083333,13.48,0.412958333,0.390375,13.322,0.529919264233205
12.50691,42.83333333,11.47166667,13.43833333,0.412125,0.391375,12.997,0.544639035015027
12.280948,62.41666667,11.33416667,13.3925,0.412916667,0.392375,14.56,0.559192903470746
12.120473,64.29166667,11.1675,13.3425,0.414,0.393416667,12.731,0.573576436351046
11.67507,44.5,10.9175,13.2925,0.413875,0.394458333,14.823,0.587785252292473
11.508232,64.29166667,10.63833333,13.23625,0.41475,0.3955,13.036,0.601815023152048
11.353764,63.70833333,10.28416667,13.17791667,0.413583333,0.396458333,12,0.615661475325659
11.122428,42.58333333,9.955,13.10708333,0.413,0.397166667,13.646,0.629320391049838
10.999466,34.45833333,9.78625,13.03208333,0.412875,0.398,12.056,0.642787609686539
10.779902,51.75,9.62375,12.96333333,0.412125,0.398791667,12.023,0.656059028990507
10.577643,54.29166667,9.502916667,12.88416667,0.411833333,0.39925,12.057,0.669130606358858
10.407071,37.41666667,9.315416667,12.80916667,0.410666667,0.4,11.764,0.681998360062498
10.502168,20.79166667,9.090416667,12.73,0.41,0.400166667,13.45,0.694658370458997
10.37859,30,9.025833333,12.64458333,0.411416667,0.401,12.198,0.707106781186547
10.235612,49.375,9.175833333,12.57375,0.411458333,0.401,11.643,0.719339800338651
10.153826,22.95833333,9.2175,12.49041667,0.410375,0.402,11.657,0.731353701619171
10.006219,38.79166667,9.27375,12.42375,0.410583333,0.402,11.466,0.743144825477394
10.028943,37.29166667,9.359166667,12.35083333,0.409916667,0.402083333,11.043,0.754709580222772
10.044598,18.625,9.502916667,12.28625,0.408833333,0.403,10.61,0.766044443118978
10.046593,7.166666667,9.644583333,12.22791667,0.407791667,0.403,10.357,0.777145961456971
9.794664,42.25,9.590416667,12.17166667,0.406625,0.403,9.817,0.788010753606722
9.595639,35.54166667,9.321666667,12.11333333,0.405583333,0.403,10.17,0.798635510047293
9.345975,36.5,9.07375,12.0425,0.405,0.403,9.694,0.809016994374947
9.170272,27.75,8.921666667,11.98,0.403583333,0.403,10.389,0.819152044288992
9.07701,26.41666667,8.684166667,11.91125,0.402708333,0.403,10.617,0.829037572555041
9.054398,29.25,8.411250146,11.83208333,0.402,0.403,10.228,0.838670567945424
9.013734,32.08333333,8.23625,11.75708333,0.401125,0.403,9.956,0.848048096156425
8.998409,27.04166667,8.125833625,11.67791667,0.400083333,0.403,9.77,0.857167300702112
8.985297,27.04166667,8.030000042,11.59458333,0.399333333,0.403,9.698,0.866025403784438
9.080231,25.83333333,8.048750083,11.51958333,0.398125,0.403,9.413,0.874619707139396
9.040595,18.79166667,8.207083375,11.43833333,0.396916667,0.403,9.109,0.882947592858927
8.954612,17.25,8.3883335,11.37375,0.395583333,0.403,8.851,0.891006524188368
8.94093,24.54166667,8.5175,11.31125,0.394416667,0.403,8.726,0.898794046299167
8.941297,26.25,8.555,11.24458333,0.393625,0.403,8.63,0.90630778703665
8.921742,20.25,8.555,11.18625,0.392541667,0.402375,8.404,0.913545457642601
8.943829,16.66666667,8.634166667,11.12791667,0.391375,0.402,7.779,0.92050485345244
8.794246,30.83333333,8.669583333,11.07375,0.390041667,0.402,8.755,0.927183854566787
8.714341,12.04166667,8.605,11.02166667,0.38925,0.402,8.305,0.933580426497202
8.672737,26.08333333,8.559166667,10.9675,0.388875,0.402,8.958,0.939692620785908
8.654392,21.83333333,8.555,10.91125,0.388,0.402,9.444,0.945518575599317
8.755214,7.75,8.615416667,10.85708333,0.387208333,0.402,9.411,0.951056516295154
8.765806,22.625,8.83,10.80708333,0.387,0.401125,9.847,0.956304755963036
8.865185,10.125,9.0425,10.76541667,0.386541667,0.401,9.475,0.961261695938319
8.909967,20.08333333,9.275833333,10.73208333,0.386,0.401,9.061,0.965925826289068
9.03194,6.833333333,9.515416667,10.705,0.386,0.401,9.49,0.970295726275996
8.946912,26.375,9.784166667,10.67583333,0.386,0.401,9.947,0.974370064785235
8.781284,7.125,9.752916667,10.655,0.389958333,0.401,16.534,0.978147600733806
8.627209,13.16666667,9.590416667,10.64458333,0.398625,0.401,14.827,0.981627183447664
8.469709,28.29166667,9.338333333,10.605,0.4045,0.401,12.086,0.984807753012208
8.343689,20.08333333,9.007083333,10.58,0.406,0.401,11.09,0.987688340595138
8.278049,13.58333333,8.800833333,10.54458333,0.40675,0.401,15.734,0.99026806874157
7.986902,20.66666667,8.63625,10.505,0.409375,0.401,12.089,0.992546151641322
8.015424,3.666666667,8.30291675,10.455,0.412583333,0.401833333,14.752,0.994521895368273
7.875465,15.125,8.175833333,10.405,0.420125,0.402625,12.985,0.996194698091746
7.618177,23.45833333,8.027916775,10.35291667,0.420625,0.404208333,11.131,0.997564050259824
7.510895,20.41666667,7.736249888,10.29458333,0.420125,0.405458333,13.547,0.998629534754574
7.249046,23.25,7.542499975,10.24041667,0.42075,0.406666667,12.596,0.999390827019096
7.165456,24.33333333,7.357083246,10.18,0.419208333,0.407791667,11.365,0.999847695156391
7.014696,21,7.192499925,10.1175,0.417625,0.4085,12.475,1
6.952602,20.54166667,7.06125,10.04458333,0.423291667,0.4095,13.414,0.999847695156391
6.79177,23.16666667,7.000833333,9.98,0.423291667,0.411208333,10.985,0.999390827019096
6.78839,10.875,6.834166579,9.919583333,0.422083333,0.412208333,11.646,0.998629534754574
6.707037,30.58333333,6.755,9.840416667,0.424958333,0.413666667,9.478,0.997564050259824
6.54545,23.91666667,6.755,9.777916667,0.425458333,0.415375,11.834,0.996194698091745
6.510284,5.916666667,6.740416667,9.71125,0.424208333,0.416625,9.187,0.999847695156391
6.456521,27.04166667,6.705,9.640416667,0.422708333,0.417333333,8.324,0.999390827019096
6.426984,13.66666667,6.715416667,9.577916667,0.426375,0.4185,11.025,0.998629534754574
6.306363,30,6.719583296,9.5175,0.426708333,0.420583333,10.122,0.997564050259824
6.331411,16.04166667,6.594583271,9.450833333,0.424958333,0.421291667,9.51,0.996194698091746
6.403453,19.66666667,6.615416604,9.38625,0.42625,0.422125,10.417,0.994521895368273
6.456095,22.79166667,6.713333271,9.327916667,0.42625,0.423041667,10.488,0.992546151641322
6.377839,33.375,6.819583333,9.27375,0.426125,0.424,8.603,0.99026806874157
6.3038,34.41666667,6.759166667,9.221666667,0.423,0.424,7.779,0.987688340595138
6.271577,34.625,6.657083071,9.165416667,0.41975,0.424,8.598,0.984807753012208
6.158164,37.125,6.540416667,9.11125,0.417541667,0.424,8.112,0.981627183447664
6.200011,4.791666667,6.409166392,9.050833333,0.417125,0.423375,8.331,0.978147600733806
6.095738,37.5,6.369583233,8.994583333,0.419833333,0.423,7.946,0.974370064785235
6.021284,5.458333333,6.215416542,8.93625,0.418916667,0.423,10.452,0.970295726275996
6.103346,37.625,6.204999875,8.877916667,0.425958333,0.423541667,10.55,0.965925826289068
6.094338,22.58333333,6.334166667,8.821666667,0.425,0.424,8.554,0.961261695938319
6.087254,40.54166667,6.315416667,8.7675,0.421625,0.424,9.341,0.956304755963035
6.058104,29.95833333,6.215416604,8.71125,0.418291667,0.424,7.672,0.951056516295154
6.002953,33.08333333,6.040416642,8.652916667,0.415041667,0.424,10.08,0.945518575599317
5.93737,43.95833333,5.921666467,8.594583333,0.4125,0.423541667,7.79,0.939692620785908
5.97151,31.16666667,5.902916479,8.538333333,0.410583333,0.423,7.026,0.933580426497202
5.99802,38.54166667,6.007083333,8.48,0.41,0.423,7.199,0.927183854566787
5.955804,25.125,6.111249938,8.427916667,0.41,0.422125,8.937,0.92050485345244
6.319138,6.791666667,6.217499888,8.377916938,0.416291667,0.422,10.66,0.913545457642601
6.29186,37.58333333,6.475833283,8.334166958,0.420541667,0.422,10.494,0.90630778703665
6.213685,39.04166667,6.59875,8.29875,0.424875,0.422375,9.762,0.898794046299167
6.042886,33.58333333,6.605,8.255,0.424708333,0.423,10.256,0.891006524188368
6.026881,51.75,6.605,8.219583333,0.424541667,0.423,9.314,0.882947592858927
5.978606,48.04166667,6.5675,8.190416667,0.422166667,0.423,7.361,0.874619707139396
5.971779,28.375,6.442499888,8.155,0.419125,0.423,6.492,0.866025403784439
5.838147,33.45833333,6.321666667,8.109167125,0.4195,0.423,8.135,0.857167300702112
5.802096,40.08333333,6.209166592,8.073750188,0.423625,0.423,8.179,0.848048096156426
5.806817,51.45833333,6.1549997,8.032083333,0.424791667,0.423708333,7.113,0.838670567945424
5.829554,32.79166667,6.204999938,7.9925,0.424916667,0.424,6.793,0.829037572555042
5.747661,67.79166667,6.184166529,7.955,0.424125,0.424,6.408,0.819152044288992
5.817421,25.375,6.105,7.911249738,0.422541667,0.424,6.678,0.809016994374947
5.786723,64.66666667,6.125833208,7.871666567,0.421708333,0.424,6.228,0.798635510047293
5.70867,53.58333333,6.086249925,7.83625,0.419833333,0.424,6.101,0.788010753606722
5.713521,54.33333333,5.9675,7.794583333,0.420208333,0.424,7.153,0.777145961456971
5.683775,60.58333333,5.969583333,7.755,0.421875,0.424,6.71,0.766044443118978
5.576593,68,5.925833183,7.71125,0.4215,0.424,8.073,0.754709580222772
5.421371,56.75,5.79875,7.673749813,0.419666667,0.424,7.021,0.743144825477394
5.177428,32.29166667,5.590416617,7.632083171,0.418791667,0.42325,8.897,0.731353701619171
5.128317,46.08333333,5.409166592,7.58625,0.420583333,0.423,8.008,0.719339800338651
4.908392,10.75,5.296666667,7.53625,0.419875,0.423,8.046,0.707106781186548
4.894717,83.66666667,5.198749963,7.482083333,0.423583333,0.423,7.198,0.694658370458997
4.933793,54.70833333,5.175833158,7.434166542,0.423,0.42325,5.883,0.681998360062498
5.248492,68.375,5.184166492,7.384166492,0.422166667,0.423,5.522,0.669130606358858
5.101929,81.875,5.323749975,7.338333333,0.421041667,0.423,5.372,0.656059028990507
6.535207,29.375,5.513333283,7.294583333,0.418541667,0.423,7.939,0.642787609686539
5.451599,78.5,5.784166629,7.255,0.425,0.423375,7.665,0.629320391049838
5.467175,73.20833333,5.911249738,7.225833333,0.425333333,0.424,7.445,0.615661475325658
5.583612,33.70833333,5.96125,7.205,0.423708333,0.424,6.83,0.601815023152048
5.781096,73.5,6.107083271,7.169583121,0.427875,0.425208333,6.925,0.587785252292473
5.746567,57.08333333,6.250833333,7.1549997,0.426125,0.426,5.835,0.573576436351046
5.751364,79.5,6.255,7.140416454,0.424583333,0.426,6.817,0.559192903470747
5.810077,92,6.265416667,7.105,0.422625,0.426,6.435,0.544639035015027
5.822139,94.75,6.319583333,7.105,0.421791667,0.426,5.489,0.529919264233205
5.793961,101.5416667,6.282083333,7.08,0.419833333,0.425916667,5.134,0.515038074910054
5.798445,55.66666667,6.182083158,7.055,0.417541667,0.425,5.742,0.5
5.802903,71.75,6.102916604,7.055,0.416625,0.425,5.579,0.484809620246337
5.814253,90.33333333,5.971666579,7.0175,0.415791667,0.425,5.322,0.469471562785891
5.857943,89.91666667,5.890416454,7.005,0.414416667,0.424041667,5.338,0.453990499739547
5.969923,40.625,5.917499775,6.982083333,0.412125,0.424,5.14,0.438371146789077
6.204729,18.04166667,6.090416592,6.955,0.411583333,0.423583333,5.777,0.422618261740699
6.105865,132.375,6.282083333,6.955,0.414541667,0.423,5.419,0.4067366430758
6.236283,45.41666667,6.382083271,6.921666467,0.413125,0.423,5.102,0.390731128489274
6.391673,37.70833333,6.53625,6.9049997,0.411666667,0.422833333,5.144,0.374606593415912
6.389323,127.9166667,6.527916667,6.9049997,0.410208333,0.422,5.09,0.3583679495453
6.405628,144.625,6.448749863,6.9049997,0.408,0.422,5.047,0.342020143325669
6.465454,122.875,6.342499913,6.9049997,0.405708333,0.421375,5.064,0.325568154457157
7.186658,55.66666667,6.369583271,6.857083321,0.403708333,0.421,5.14,0.309016994374947
6.605288,65.41666667,6.56124995,6.855,0.401833333,0.420541667,5.276,0.292371704722737
6.667724,136.3333333,6.767499975,6.855,0.399708333,0.42,5.464,0.275637355816999
6.789762,65.5,7.002916617,6.855,0.39775,0.4195,5.724,0.258819045102521
6.901245,87.125,7.194583221,6.855,0.395666667,0.419,5.762,0.241921895599668
7.081313,109.4583333,7.315416654,6.859166642,0.393541667,0.418458333,5.584,0.224951054343865
7.214768,70.54166667,7.465416579,6.9049997,0.391916667,0.418,6.404,0.207911690817759
7.27523,133.4166667,7.619583208,6.9049997,0.393916667,0.417291667,7.725,0.190808995376545
7.048475,74.04166667,7.548749963,6.9049997,0.399291667,0.417,7.537,0.17364817766693
6.739233,142.9583333,7.265416554,6.9049997,0.403583333,0.417,7.469,0.156434465040231
6.758927,162.4166667,7.048749975,6.921666467,0.405208333,0.416333333,6.016,0.139173100960066
6.745257,48.125,6.900833258,6.915416429,0.405458333,0.416,6.753,0.121869343405147
6.810519,156.1666667,6.81125,6.907083046,0.406791667,0.416,5.65,0.104528463267653
6.854105,162.5416667,6.809166667,6.9049997,0.406375,0.416,5.36,0.0871557427476581
6.916093,177.1666667,6.821666667,6.9049997,0.404625,0.416,5.32,0.0697564737441255
6.914523,127.2916667,6.752916667,6.9049997,0.403125,0.415,5.355,0.052335956242944
6.968578,108.9583333,6.67999985,6.9049997,0.401416667,0.415,5.284,0.0348994967025011
7.220841,174.9583333,6.746666667,6.9049997,0.401958333,0.415,5.332,0.0174524064372834
7.37046,155.0416667,6.998749913,6.9049997,0.403666667,0.415,5.412,6.12323399573677e-17
7.502141,194.2083333,7.267499975,6.9049997,0.404375,0.414125,5.461,-0.0174524064372835
7.597058,74.58333333,7.509166629,6.915416429,0.404416667,0.414,5.263,-0.0348994967025007
7.730587,132.7916667,7.725833246,6.955,0.407791667,0.414,5.499,-0.0523359562429436
7.875038,152.9166667,7.9487499,6.955,0.407708333,0.414,5.601,-0.0697564737441253
8.076017,69.79166667,8.198750104,6.9925,0.406958333,0.414,5.557,-0.0871557427476582
8.289403,162.9583333,8.463333417,7.009166667,0.407,0.414,5.585,-0.104528463267653
8.343136,185.25,8.605,7.055,0.407,0.413958333,5.547,-0.121869343405147
8.380307,167.25,8.509166667,7.08625,0.40675,0.413,5.672,-0.139173100960065
8.522316,143.75,8.471666667,7.107083321,0.405666667,0.413,5.692,-0.156434465040231
8.608664,185.5416667,8.569583333,7.1549997,0.40425,0.413,5.593,-0.17364817766693
8.650701,111,8.575833333,7.17999985,0.402541667,0.413,5.746,-0.190808995376545
8.695403,124.2083333,8.525833333,7.205,0.400666667,0.413,5.83,-0.207911690817759
8.762718,147.9166667,8.534166667,7.246666667,0.39875,0.412458333,5.864,-0.224951054343865
8.892016,200.1666667,8.56125,7.263333333,0.396666667,0.412,6.002,-0.241921895599668
8.970647,235.6666667,8.609166667,7.305,0.394166667,0.412,6.204,-0.258819045102521
9.013599,102.0833333,8.702916667,7.332083333,0.391875,0.41175,6.474,-0.275637355816999
9.148181,90,8.769583333,7.355,0.389666667,0.411,6.653,-0.292371704722737
9.498112,158.5833333,8.777916667,7.400833058,0.387583333,0.411,6.639,-0.309016994374947
9.605569,141.7916667,8.82375,7.421666467,0.38575,0.410583333,7.058,-0.325568154457156
9.537553,263.0833333,8.963333333,7.455,0.383791667,0.41,7.599,-0.342020143325669
9.68011,185.9583333,9.100833333,7.496666667,0.38125,0.409958333,7.662,-0.3583679495453
9.80651,163.5416667,9.2925,7.532083333,0.37925,0.409,7.717,-0.374606593415912
9.961741,214.875,9.48625,7.571666667,0.3775,0.409,6.261,-0.390731128489274
10.169436,214.3333333,9.613333333,7.617499925,0.376583333,0.408291667,5.939,-0.4067366430758
10.154414,211.5833333,9.66125,7.663333083,0.3755,0.408,7.085,-0.422618261740699
10.346067,214.125,9.73,7.707083333,0.374916667,0.407458333,6.126,-0.438371146789078
10.746748,255.5416667,9.815416667,7.755,0.374666667,0.407,5.678,-0.453990499739547
10.97749,223.4583333,9.888333333,7.800833333,0.374625,0.406666667,5.954,-0.469471562785891
11.363564,225.3333333,10.0175,7.84875,0.373541667,0.406,6.293,-0.484809620246337
11.311356,134.875,10.155,7.896666417,0.373,0.406,6.341,-0.5
11.667702,235.9166667,10.18208333,7.948749963,0.373,0.405166667,5.966,-0.515038074910054
11.28006,95.5,10.32375,7.99875,0.373125,0.405,5.941,-0.529919264233205
11.582917,59.41666667,10.41541667,8.04875,0.37325,0.404791667,6.189,-0.544639035015027
11.568976,90.66666667,10.48416667,8.098750438,0.373,0.404,5.625,-0.559192903470747
11.579485,142.7083333,10.54041667,8.148750063,0.373958333,0.404,5.564,-0.573576436351046
11.466084,176.875,10.51125,8.202916667,0.375083333,0.403833333,6.482,-0.587785252292473
11.523628,124.7083333,10.40708333,8.255,0.379791667,0.403,6.065,-0.601815023152048
11.559326,132.5,10.31125,8.305,0.384958333,0.403,6.193,-0.615661475325658
11.537188,209.4583333,10.25708333,8.348750438,0.389583333,0.403,6.588,-0.629320391049837
11.570258,167.1666667,10.255,8.3883335,0.394166667,0.403,8.188,-0.642787609686539
11.623156,225.75,10.26333333,8.427916667,0.404291667,0.403,8.336,-0.656059028990507
11.736838,237.75,10.26958333,8.465416667,0.408583333,0.403,7.256,-0.669130606358858
11.893879,254.5416667,10.24458333,8.505,0.4085,0.403541667,7.051,-0.681998360062498
12.064532,107.5416667,10.30916667,8.552916667,0.407208333,0.404,7.04,-0.694658370458997
12.412148,218.4166667,10.40083333,8.590416667,0.405625,0.404,7.101,-0.707106781186547
12.591188,269,10.57166667,8.63,0.40375,0.404,7.015,-0.719339800338651
12.333857,55.08333333,10.75083333,8.67375,0.401875,0.404,8.714,-0.73135370161917
12.50238,231.4166667,10.805,8.721666667,0.408833333,0.404,8.701,-0.743144825477394
12.32803,115.875,10.72583333,8.765416667,0.412375,0.404791667,8.312,-0.754709580222772
12.504902,164.9166667,10.63416667,8.805,0.413666667,0.405125,8.245,-0.766044443118978
12.503569,193.5833333,10.78208333,8.852916667,0.414958333,0.406,8.48,-0.777145961456971
12.415963,225.375,10.85708333,8.900833333,0.415041667,0.406666667,9.608,-0.788010753606722
12.372308,224.3333333,10.82791667,8.940416667,0.417041667,0.4075,8.617,-0.798635510047293
12.395369,177.9583333,10.73,8.975833333,0.415416667,0.408166667,8.16,-0.809016994374947
12.632664,157.25,10.64041667,9.013333333,0.413125,0.409,7.898,-0.819152044288992
13.084872,220.9583333,10.67166667,9.055,0.41075,0.409,7.246,-0.829037572555042
13.469004,230.125,10.79666667,9.0925,0.408875,0.409,7.854,-0.838670567945424
13.540825,289.6666667,11.00083333,9.127916667,0.406583333,0.409,7.764,-0.848048096156426
13.65154,287.6666667,11.26333333,9.17375,0.403791667,0.409,7.674,-0.857167300702112
14.175654,234.5833333,11.46958333,9.221666667,0.401,0.408833333,7.615,-0.866025403784439
14.248698,224.2916667,11.58,9.27375,0.398125,0.408,7.595,-0.874619707139396
14.251297,96.5,11.70916667,9.327916667,0.395708333,0.408,6.844,-0.882947592858927
14.330517,178.7083333,11.83833333,9.377916667,0.393666667,0.408,7.05,-0.891006524188368
14.471204,280.5833333,11.89041667,9.434166667,0.391458333,0.408,7.789,-0.898794046299167
14.61548,295.9166667,11.83625,9.488333333,0.389458333,0.407416667,7.855,-0.90630778703665
14.622671,234.25,11.70708333,9.540416667,0.387583333,0.407,7.823,-0.913545457642601
14.545764,144.4166667,11.62166667,9.58625,0.385958333,0.407,7.755,-0.92050485345244
14.844067,244.9583333,11.66333333,9.627916667,0.384458333,0.406583333,7.608,-0.927183854566787
14.95899,249.0416667,11.88208333,9.675833333,0.383458333,0.406,7.127,-0.933580426497202
15.108406,216.6666667,12.0675,9.73,0.385583333,0.406,7.559,-0.939692620785908
15.451617,260.25,12.24875,9.782083333,0.388916667,0.406,8.28,-0.945518575599317
15.698876,233.9166667,12.4175,9.838333333,0.391708333,0.405333333,8.979,-0.951056516295154
15.818929,162.125,12.53,9.894583333,0.391666667,0.405,8.762,-0.956304755963035
16.136316,125.7083333,12.68,9.959166667,0.391,0.405,8.046,-0.961261695938319
16.258018,227.25,12.8175,10.02166667,0.390416667,0.405,9.042,-0.965925826289068
16.433072,310.625,12.92791667,10.08208333,0.388291667,0.404708333,8.869,-0.970295726275996
16.771774,340.125,13.03,10.1425,0.386041667,0.404,8.658,-0.974370064785235
17.160359,326.125,13.23833333,10.21958333,0.383416667,0.404,8.471,-0.978147600733806
17.376254,287.0833333,13.56541667,10.28416667,0.380875,0.40375,8.308,-0.981627183447664
17.512083,249.8333333,13.78416667,10.36333333,0.377833333,0.403,8.17,-0.984807753012208
17.722156,258.75,13.84666667,10.43416667,0.37525,0.403,8.07,-0.987688340595138
17.819772,261.4583333,13.84041667,10.5175,0.372958333,0.402583333,8.022,-0.99026806874157
18.060134,220.7083333,13.84458333,10.58625,0.37075,0.402,8.066,-0.992546151641322
18.220617,315.0416667,13.86333333,10.66333333,0.368041667,0.402,8.051,-0.994521895368273
18.791536,225.2916667,13.96958333,10.73416667,0.365458333,0.401041667,8.059,-0.996194698091746
18.505668,131.5,14.07375,10.81125,0.363458333,0.401,8.033,-0.997564050259824
18.33791,170.9166667,14.17375,10.88208333,0.36225,0.400541667,8.571,-0.998629534754574
18.229785,206.75,14.23,10.955,0.362041667,0.4,8.235,-0.999390827019096
18.22563,256.125,14.21958333,11.02791667,0.363,0.4,9.627,-0.999847695156391
18.355389,259.375,14.09666667,11.0925,0.362583333,0.399,9.406,-1
18.51312,251.0833333,14.02791667,11.16541667,0.361416667,0.399,9.135,-0.999847695156391
19.266077,339.2916667,14.07375,11.22583333,0.359958333,0.398375,8.873,-0.999390827019096
18.665076,141.0833333,14.24458333,11.28833333,0.358416667,0.398,7.771,-0.998629534754574
18.602529,134.8333333,14.27791667,11.355,0.358791667,0.397791667,9.216,-0.997564050259824
18.344031,165.3333333,14.255,11.42166667,0.358125,0.397,9.56,-0.996194698091746
18.173278,279.7916667,14.1675,11.48,0.358,0.397,10.959,-0.994521895368273
18.054948,281.9166667,14.01333333,11.53833333,0.358,0.396458333,11.007,-0.992546151641322
18.20224,262.5416667,13.88625,11.5925,0.357416667,0.396,11.153,-0.99026806874157
18.061331,295.5833333,13.855,11.64458333,0.356416667,0.396,11.348,-0.987688340595138
18.048653,119.5833333,13.86541667,11.6925,0.356,0.395,11.638,-0.984807753012208
18.212236,247.0833333,13.88833333,11.74458333,0.355791667,0.395,12.248,-0.981627183447664
18.344693,82.20833333,14.0675,11.79041667,0.35675,0.394875,12.328,-0.978147600733806
18.182328,118.75,14.18416667,11.8425,0.357416667,0.394,11.645,-0.974370064785235
18.287735,236.4166667,14.22583333,11.89666667,0.357,0.394,12.254,-0.970295726275996
18.005368,158.875,14.26125,11.94875,0.357,0.394,11.081,-0.965925826289068
17.968138,146.625,14.2675,12.00083333,0.357,0.393041667,12.13,-0.961261695938319
18.155786,253.5416667,14.28416667,12.05083333,0.357291667,0.393,12.763,-0.956304755963036
18.327784,141.4583333,14.38833333,12.10083333,0.358,0.393,14.158,-0.951056516295154
18.370861,114.75,14.50291667,12.15291667,0.358708333,0.392333333,13.019,-0.945518575599317
18.592266,205.5833333,14.64875,12.21125,0.361541667,0.392,13.375,-0.939692620785908
18.859136,235.8333333,14.82375,12.2675,0.361916667,0.392,12.808,-0.933580426497202
19.084288,107.75,14.94458333,12.32583333,0.36275,0.392,12.308,-0.927183854566787
19.216016,137.2083333,15.0675,12.38416667,0.363083333,0.391083333,11.451,-0.92050485345244
19.711852,162.5416667,15.33208333,12.44458333,0.36475,0.391,12.349,-0.913545457642601
19.757353,214.4166667,15.60083333,12.51958333,0.366125,0.391,11.94,-0.90630778703665
20.299813,257.2916667,15.84250004,12.58416667,0.366041667,0.391,11.66,-0.898794046299167
20.259067,228.7083333,16.12375008,12.6675,0.366833333,0.390583333,11.084,-0.891006524188368
19.971746,234.4583333,16.18208333,12.73833333,0.368,0.39,10.914,-0.882947592858927
19.919706,138,16.08833333,12.82166667,0.368791667,0.39,10.478,-0.874619707139396
19.71042,199.9583333,15.97791713,12.88833333,0.368,0.39,10.007,-0.866025403784439
19.675504,158,15.90083333,12.95916667,0.367625,0.39,10.159,-0.857167300702112
19.724704,228.7083333,15.82166667,13.02375,0.367,0.389625,9.922,-0.848048096156426
19.535545,230.0833333,15.755,13.08208333,0.365708333,0.389,9.948,-0.838670567945424
19.335566,179.875,15.63,13.13833333,0.3645,0.389,9.571,-0.829037572555042
18.815822,166.25,15.4675,13.19458333,0.364,0.389,9.929,-0.819152044288992
19.071581,218.25,15.27375,13.24458333,0.364291667,0.389,12.456,-0.809016994374948
19.155876,205.2083333,15.2175,13.2925,0.364458333,0.388333333,12.117,-0.798635510047293
19.106311,238.25,15.30916667,13.33833333,0.365,0.388,11.176,-0.788010753606722
19.100877,231.625,15.31125,13.38,0.365875,0.388,12.21,-0.777145961456971
19.037697,231.25,15.23208333,13.42375,0.365625,0.388,11.082,-0.766044443118978
18.885762,225.375,15.1425,13.455,0.365,0.388,12.79,-0.754709580222772
18.544104,221,15.02791667,13.505,0.366166667,0.387333333,11.341,-0.743144825477394
18.268031,207.2083333,14.8925,13.53208333,0.367958333,0.387,13.575,-0.731353701619171
18.118773,194.6666667,14.78416667,13.555,0.372,0.387,13.112,-0.719339800338651
18.092111,209.7083333,14.73208333,13.59666667,0.374083333,0.387,14.652,-0.707106781186548
17.916878,235.2083333,14.73208333,13.605,0.375,0.387,13.174,-0.694658370458998
17.907995,201.5416667,14.69666667,13.63625,0.3755,0.387,15.141,-0.681998360062499
17.750781,112.75,14.66125,13.655,0.375,0.387,14.088,-0.669130606358858
17.432358,219.4583333,14.58208333,13.6675,0.374666667,0.3865,14.307,-0.656059028990508
17.26761,215.1666667,14.4925,13.705,0.373666667,0.386,14.625,-0.642787609686539
17.138198,229.375,14.34875,13.705,0.373,0.386,14.171,-0.629320391049837
17.137795,184.2916667,14.17166667,13.705,0.372541667,0.386,13.84,-0.615661475325658
17.089466,177.75,14.03208333,13.74041667,0.371666667,0.386,12.339,-0.601815023152048
17.054371,203.2083333,13.94666667,13.755,0.370791667,0.386,13.961,-0.587785252292473
17.054477,204.5833333,13.805,13.755,0.370041667,0.386,13.373,-0.573576436351046
16.946498,135.7083333,13.62583333,13.755,0.369583333,0.385458333,12.719,-0.559192903470747
16.866903,65.70833333,13.56333333,13.755,0.369208333,0.385,10.866,-0.544639035015027
16.863115,132.7083333,13.65708333,13.755,0.370791667,0.385,13.986,-0.529919264233205
16.63483,77.70833333,13.82791667,13.755,0.371833333,0.385,13.522,-0.515038074910054
16.22628,123.0416667,13.91541667,13.755,0.373333333,0.385,13.981,-0.5
16.111285,143.875,13.96541667,13.755,0.380333333,0.385,14.377,-0.484809620246337
16.120264,109.1666667,14.02791667,13.755,0.382833333,0.385,14.352,-0.469471562785891
16.139585,85.125,14.03833333,13.755,0.38375,0.385,14.308,-0.453990499739547
16.246605,161.2083333,14.06125,13.755,0.383541667,0.385,15.166,-0.438371146789078
16.339817,135.7916667,14.06958333,13.755,0.382583333,0.385,14.636,-0.4226182617407
16.491789,152.3333333,14.06958333,13.755,0.381583333,0.385,13.897,-0.4067366430758
16.745408,147.7916667,14.16958333,13.805,0.380541667,0.385,13.158,-0.390731128489274
16.508275,84.95833333,14.31541667,13.805,0.37975,0.385,12.409,-0.374606593415912
16.405177,161,14.30708333,13.805,0.378375,0.385,11.664,-0.358367949545301
16.276985,179.5416667,14.15083333,13.805,0.377291667,0.385,10.837,-0.342020143325669
16.405227,161.4166667,13.94041667,13.805,0.375666667,0.385,10.009,-0.325568154457157
16.484997,199.5833333,13.75291667,13.805,0.3745,0.384541667,9.099,-0.309016994374948
16.522148,209.2916667,13.64666667,13.805,0.372416667,0.384,8.275,-0.292371704722737
16.608772,171.375,13.63833333,13.805,0.370208333,0.384,8.271,-0.275637355816999
16.608385,155.0416667,13.78,13.805,0.3685,0.384,8.267,-0.258819045102521
16.767484,140.0833333,13.98416667,13.805,0.366208333,0.384,8.263,-0.241921895599668
16.823371,125.4166667,14.20916667,13.805,0.364375,0.384,8.26,-0.224951054343865
16.818994,126.0833333,14.35291667,13.81541667,0.362708333,0.384,8.257,-0.20791169081776
16.945187,118.7083333,14.38625,13.855,0.361416667,0.38325,8.255,-0.190808995376545
16.94225,131.0833333,14.42791667,13.855,0.360083333,0.383,8.252,-0.17364817766693
16.974299,146.4166667,14.5675,13.855,0.359375,0.383,8.25,-0.156434465040231
16.922031,90.83333333,14.655,13.88833333,0.358291667,0.383,8.248,-0.139173100960065
16.795352,149.75,14.655,13.905,0.357583333,0.383,8.317,-0.121869343405147
16.904844,176.9166667,14.51958333,13.905,0.355166667,0.383,8.305,-0.104528463267653
16.821395,115.2083333,14.28416667,13.905,0.353,0.382041667,8.34,-0.0871557427476582
16.659969,75.83333333,14.1425,13.93833333,0.352208333,0.382,9.952,-0.0697564737441256
16.599048,115.4166667,14.00291667,13.955,0.351625,0.382,11.172,-0.0523359562429443
16.524072,65.79166667,13.97583333,13.955,0.350916667,0.382,10.608,-0.0348994967025016
16.385402,119.4583333,14.06333333,13.955,0.349791667,0.382,12.446,-0.0174524064372835
16.366242,77.08333333,14.02791667,13.955,0.349083333,0.3815,12.519,-1.83697019872103e-16
16.466763,80.29166667,14.01958333,13.955,0.349,0.381,12.759,0.0174524064372831
16.510273,101.875,14.11333333,13.955,0.348416667,0.381,12.489,0.0348994967025013
16.456764,62.95833333,14.23416667,13.955,0.348083333,0.381,11.998,0.0523359562429439
16.31433,114.7083333,14.27791667,13.955,0.349,0.381,11.783,0.0697564737441252
16.085184,97.91666667,14.09458333,13.955,0.348625,0.380625,14.671,0.0871557427476579
15.792195,103.8333333,13.96333333,13.955,0.348,0.38,13.067,0.104528463267653
15.44536,121.625,13.73625,13.955,0.348875,0.38,16.424,0.121869343405148
14.881217,44.41666667,13.42375,13.955,0.349083333,0.38,11.894,0.139173100960065
14.592068,109.0833333,13.19666667,13.94666667,0.351625,0.38,13.005,0.156434465040231
14.409447,105,12.84875,13.905,0.354416667,0.38,13.223,0.17364817766693
14.309456,62.54166667,12.50708333,13.89041667,0.356583333,0.379958333,12.585,0.190808995376544
14.183776,88.95833333,12.29666667,13.855,0.359916667,0.379,10.466,0.207911690817759
14.152222,108.5833333,12.10916667,13.81541667,0.36275,0.379,12.742,0.224951054343865
14.07829,104.5416667,11.90708333,13.77791667,0.364125,0.379,13.372,0.241921895599667
14.032034,96.91666667,11.69666667,13.73625,0.365,0.379,13.112,0.258819045102521
13.926475,105.4166667,11.51333333,13.68833333,0.365083333,0.379,12.238,0.275637355816999
13.743679,84.54166667,11.27166667,13.63416667,0.366,0.379,11.256,0.292371704722737
13.50858,35.08333333,11.11541667,13.57791667,0.366041667,0.379,9.146,0.309016994374947
13.455142,74.83333333,11.16541667,13.52375,0.367458333,0.379,12.365,0.325568154457156
13.398961,35.54166667,11.30291667,13.46958333,0.36925,0.379,11.229,0.342020143325668
13.250252,77.45833333,11.52375,13.42166667,0.377541667,0.379,12.976,0.3583679495453
13.126031,62.45833333,11.76541667,13.38833333,0.387291667,0.379,14.78,0.374606593415912
13.019355,54.16666667,11.90083333,13.355,0.392,0.379,16.745,0.390731128489273
12.495804,74.20833333,11.94458333,13.31333333,0.397708333,0.37975,15.711,0.406736643075801
12.362962,44.29166667,11.8675,13.29041667,0.399833333,0.38,14.924,0.4226182617407
12.304944,24.79166667,11.8675,13.255,0.401,0.380916667,16.253,0.438371146789077
12.104881,55.375,11.85708333,13.22583333,0.401,0.38125,14.848,0.453990499739547
11.944983,54.54166667,11.74041667,13.20083333,0.401833333,0.382,14.044,0.46947156278589
11.892428,20,11.70708333,13.155,0.402,0.3825,14.184,0.484809620246337
12.012119,22.29166667,11.805,13.13208333,0.402,0.383,14.911,0.5
11.925716,53.125,11.98208333,13.105,0.41025,0.383791667,15.59,0.515038074910054
11.831725,44.25,11.83625,13.08,0.412291667,0.385,15.101,0.529919264233205
11.99631,15.83333333,11.71125,13.00916667,0.414583333,0.38725,14.727,0.559192903470746
11.867754,22.33333333,11.805,12.99875,0.417666667,0.388666667,14.029,0.573576436351046
11.478068,50.58333333,11.74041667,12.955,0.419458333,0.390458333,14.107,0.587785252292473
10.94146,66.54166667,11.4925,12.93416667,0.420583333,0.392333333,13.98,0.601815023152048
10.737649,56.33333333,11.17791667,12.90083333,0.419125,0.394083333,13.061,0.615661475325659
10.569789,47.58333333,10.91541667,12.855,0.418125,0.395541667,12.58,0.629320391049838
10.520391,10.95833333,10.68833333,12.81125,0.422041667,0.396958333,11.84,0.642787609686539
10.347316,50.66666667,10.64041667,12.76333333,0.424416667,0.399666667,12.142,0.656059028990507
10.191738,55.25,10.52166667,12.71333333,0.422375,0.40175,12.018,0.669130606358858
10.042909,51.70833333,10.35083333,12.66333333,0.420041667,0.403375,11.776,0.681998360062498
9.956171,15.66666667,10.1925,12.61333333,0.418,0.404458333,11.845,0.694658370458997
9.938267,32.33333333,10.04666667,12.55708333,0.416541667,0.405125,12.268,0.707106781186547
9.866576,18.875,9.89875,12.49458333,0.415333333,0.406,12.015,0.719339800338651
9.747081,20.41666667,9.732083333,12.43833333,0.417791667,0.4065,10.954,0.731353701619171
9.574197,43.25,9.56125,12.37791667,0.422583333,0.407583333,10.869,0.743144825477394
9.530267,41.20833333,9.432083333,12.3175,0.421583333,0.409208333,12.906,0.754709580222772
9.485607,32.125,9.32375,12.24875,0.419083333,0.41,12.593,0.766044443118978
9.49236,32.33333333,9.2175,12.18416667,0.41675,0.410833333,12.06,0.777145961456971
9.440703,37.79166667,9.163333333,12.12166667,0.41425,0.411,11.515,0.788010753606722
9.373239,17.5,9.113333333,12.04666667,0.412291667,0.411,10.969,0.798635510047293
9.351225,34.45833333,9.04875,11.98208333,0.410125,0.411,10.457,0.809016994374947
9.315639,10.58333333,8.913333333,11.91958333,0.408333333,0.411,8.724,0.819152044288992
9.188939,41.83333333,8.934166667,11.84458333,0.408791667,0.411,10.552,0.829037572555041
9.06026,39.20833333,8.857083333,11.78208333,0.409,0.411,11.037,0.838670567945424
8.997039,11.83333333,8.619583333,11.71958333,0.40825,0.411,10.031,0.848048096156425
8.942644,13.29166667,8.373750083,11.64041667,0.409,0.411,10.919,0.857167300702112
8.812203,33.16666667,8.169583438,11.57375,0.407791667,0.411,10.668,0.866025403784438
8.723655,31.5,8.048750104,11.48833333,0.40675,0.411,10.243,0.874619707139396
8.616454,31.70833333,8.01125,11.41958333,0.4055,0.411,9.812,0.882947592858927
8.619914,24.95833333,8.090416979,11.33833333,0.403958333,0.411,9.354,0.891006524188368
8.591517,30.375,8.177916667,11.27375,0.4025,0.411,9.022,0.898794046299167
8.505589,6.291666667,8.250833333,11.20291667,0.40125,0.4105,7.502,0.90630778703665
8.379372,31.66666667,8.250833333,11.13625,0.401541667,0.41,9.645,0.913545457642601
8.340165,24.25,8.105000208,11.07375,0.40025,0.41,9.233,0.92050485345244
8.217903,22.25,8.055,11.005,0.398666667,0.41,8.379,0.927183854566787
7.953189,32.04166667,8.013333333,10.93833333,0.397541667,0.41,9.165,0.933580426497202
7.970146,3.666666667,7.955,10.87583333,0.396416667,0.41,9.433,0.939692620785908
7.478789,29.04166667,7.994583333,10.81333333,0.396,0.409416667,11.039,0.945518575599317
7.316445,28.375,7.844583258,10.74458333,0.396,0.409,10.911,0.951056516295154
7.295177,4.166666667,7.684166542,10.68,0.396375,0.409,13.119,0.956304755963036
7.003389,27.54166667,7.684166542,10.61958333,0.398666667,0.409,12.653,0.961261695938319
6.766005,15.70833333,7.569583296,10.54458333,0.400375,0.409,12.915,0.965925826289068
6.629217,26.75,7.365416604,10.48,0.404041667,0.409,11.785,0.970295726275996
6.501303,20.625,7.09874995,10.40916667,0.405583333,0.409,11.085,0.974370064785235
6.404914,13.5,6.97375,10.33208333,0.406416667,0.409,11.852,0.978147600733806
6.362152,23.95833333,7.005,10.26333333,0.407833333,0.409,10.805,0.981627183447664
6.541563,6.458333333,7.007083333,10.18625,0.408125,0.409,11.874,0.984807753012208
6.75446,3.291666667,7.184166617,10.12375,0.412541667,0.409,11.804,0.987688340595138
6.925595,6.375,7.532083246,10.06333333,0.41525,0.409083333,11.813,0.99026806874157
6.714267,27.79166667,7.746666667,10.00916667,0.416583333,0.41,10.981,0.992546151641322
6.637812,19.83333333,7.755,9.959166667,0.415541667,0.41,10.486,0.994521895368273
6.846021,6.75,7.832083283,9.91125,0.413916667,0.410916667,11.555,0.996194698091746
7.348328,3.541666667,8.080000083,9.865416667,0.419333333,0.411083333,11.449,0.997564050259824
7.382527,3.625,8.340416792,9.832083333,0.427625,0.414,10.811,0.998629534754574
7.157424,27.08333333,8.373750146,9.805,0.425125,0.416791667,9.957,0.999390827019096
7.082639,23.5,8.16541675,9.759166667,0.4215,0.417875,9.879,0.999847695156391
6.710371,5.875,7.84874995,9.727916667,0.419458333,0.418,9.812,1
6.45975,27.75,7.519583233,9.684166667,0.419166667,0.418,9.229,0.999847695156391
6.329876,31.95833333,7.161249963,9.632083333,0.418125,0.418,9.31,0.999390827019096
6.174226,20.95833333,6.667499938,9.57375,0.416875,0.418,8.986,0.998629534754574
6.06256,28.83333333,6.342499938,9.502916667,0.414625,0.418,8.715,0.997564050259824
6.139129,11.83333333,6.434166592,9.432083333,0.413,0.418,7.75,0.996194698091745
6.349494,4.666666667,6.627916629,9.050833333,0.414833333,0.417,9.761,0.999847695156391
6.16161,31.16666667,6.921666567,9.005,0.42,0.417,10.317,0.999390827019096
6.021379,23,6.990416667,8.955,0.420583333,0.417,9.541,0.998629534754574
5.997972,18,6.919583146,8.91125,0.420666667,0.417833333,9.262,0.997564050259824
6.068782,15.04166667,6.957083208,8.8675,0.418916667,0.418,9.478,0.996194698091746
5.929804,29,7.102916667,8.827916667,0.419708333,0.418,9.053,0.994521895368273
6.075843,3.333333333,7.161249888,8.794583333,0.424041667,0.418375,6.593,0.992546151641322
5.991282,24.58333333,7.255,8.755,0.426166667,0.420083333,8.948,0.99026806874157
6.317876,3.5,7.277916667,8.72375,0.426375,0.421333333,7.057,0.987688340595138
6.118033,34.25,7.434166617,8.705,0.426958333,0.42275,8.51,0.984807753012208
6.040577,11.16666667,7.348749925,8.659166667,0.424625,0.423833333,8.307,0.981627183447664
5.919205,37.20833333,7.302916667,8.6425,0.422916667,0.424,8.282,0.978147600733806
5.659884,27.70833333,7.14874995,8.605,0.422458333,0.424,8.073,0.974370064785235
5.36809,9.708333333,6.748749938,8.5675,0.422041667,0.424,7.809,0.970295726275996
5.298263,19.125,6.438333221,8.52375,0.427,0.424333333,7.472,0.965925826289068
5.043082,41.41666667,6.267499975,8.482083333,0.425666667,0.425,7.441,0.961261695938319
4.934341,36.66666667,6.044583271,8.43,0.422625,0.425,7.16,0.956304755963035
4.834362,42.75,5.77999995,8.373750313,0.419416667,0.425,6.998,0.951056516295154
4.717666,14.08333333,5.509166592,8.317500125,0.41625,0.424708333,7.183,0.945518575599317
4.6856,32.91666667,5.215416579,8.244583333,0.413333333,0.424,6.432,0.939692620785908
4.654338,40.83333333,5.07375,8.18,0.411916667,0.424,6.556,0.933580426497202
4.651751,17.08333333,4.990416667,8.115417021,0.410083333,0.42325,7.34,0.927183854566787
4.66015,16.33333333,4.996666667,8.038333333,0.408458333,0.423,6.677,0.92050485345244
4.581324,37.04166667,5.142499875,7.975833333,0.406875,0.4225,7.239,0.913545457642601
4.741414,18.125,5.344583296,7.915416429,0.404916667,0.422,6.379,0.90630778703665
4.71678,37.125,5.667499938,7.863333283,0.40375,0.4215,7.26,0.898794046299167
4.786398,26.20833333,5.884166592,7.815416667,0.4025,0.421,6.714,0.891006524188368
4.508703,47.125,6.075833333,7.77375,0.401083333,0.420541667,6.604,0.882947592858927
4.068541,42.58333333,6.000833283,7.740416667,0.400375,0.42,6.845,0.874619707139396
4.048763,54.79166667,5.834166629,7.698749963,0.399458333,0.419583333,7.044,0.866025403784439
3.861495,53.375,5.704999888,7.6549997,0.399,0.419,7.146,0.857167300702112
3.425604,54.41666667,5.521666654,7.607083321,0.398083333,0.418791667,7.076,0.848048096156426
3.339904,50.625,5.271666579,7.56125,0.397541667,0.418,6.754,0.838670567945424
3.598991,53.375,5.027916654,7.507083333,0.396666667,0.418,6.282,0.829037572555042
3.443668,65.70833333,4.7987499,7.446666617,0.396416667,0.417083333,6.66,0.819152044288992
3.563033,45.45833333,4.540416654,7.386249813,0.395791667,0.417,6.448,0.809016994374947
3.607272,47.66666667,4.505,7.325833333,0.395,0.416541667,6.301,0.798635510047293
3.659094,58.16666667,4.559166667,7.265416667,0.393875,0.416,6.223,0.788010753606722
3.661915,49.04166667,4.646666417,7.200833296,0.392916667,0.415916667,6.205,0.777145961456971
3.703386,39,4.675833133,7.144583096,0.391625,0.415,6.245,0.766044443118978
3.707275,55.75,4.832083283,7.0925,0.390083333,0.415,6.343,0.754709580222772
3.732398,38.66666667,4.911249738,7.046666667,0.388666667,0.414333333,6.5,0.743144825477394
3.773453,64.33333333,4.9675,6.99875,0.387916667,0.414,6.722,0.731353701619171
3.838492,75.5,5.100833271,6.955,0.387166667,0.413625,6.792,0.719339800338651
3.84105,63.70833333,5.246666667,6.907083046,0.388916667,0.413,6.692,0.707106781186548
3.971537,12.25,5.315416667,6.873749888,0.388083333,0.413,5.895,0.694658370458997
3.86037,84.29166667,5.4174998,6.84875,0.389791667,0.41225,5.686,0.681998360062498
3.927218,38.58333333,5.423749813,6.805,0.391,0.412,5.977,0.669130606358858
4.13809,21.95833333,5.627916629,6.784166667,0.391,0.412,6.232,0.656059028990507
4.140323,86.5,5.954999938,6.755,0.392458333,0.411333333,6.359,0.642787609686539
4.03537,80.45833333,6.032083333,6.755,0.393,0.411,6.157,0.629320391049838
4.027809,89.04166667,5.911249925,6.72375,0.393833333,0.411,6.213,0.615661475325658
4.037861,47.29166667,5.77375,6.705,0.3955,0.411,6.398,0.601815023152048
4.055945,67.83333333,5.702916567,6.694583271,0.400291667,0.410625,7.243,0.587785252292473
4.137605,88.20833333,5.621666567,6.6549997,0.402041667,0.41,7.114,0.573576436351046
4.365272,32.375,5.665416579,6.650833058,0.4035,0.41,7.216,0.559192903470747
4.335514,99.45833333,5.919583271,6.605,0.404666667,0.41,7.039,0.544639035015027
4.372171,54.875,5.942499863,6.605,0.405,0.41,6.457,0.529919264233205
4.560126,35.66666667,5.936249863,6.605,0.405458333,0.41,7.316,0.515038074910054
4.548698,86.29166667,6.002916667,6.563333333,0.408833333,0.41,6.371,0.5
4.249619,102.4166667,5.865416604,6.555,0.409791667,0.41,5.97,0.484809620246337
4.180044,94.625,5.598749963,6.555,0.409416667,0.41,5.919,0.469471562785891
4.165488,92.625,5.386249938,6.509166667,0.41,0.41,6.179,0.453990499739547
4.268125,52.70833333,5.436249913,6.505,0.41,0.410583333,5.882,0.438371146789077
4.55121,57.25,5.734166592,6.46125,0.41,0.411,6.948,0.422618261740699
4.954786,27.08333333,6.084166604,6.455,0.413291667,0.411,5.995,0.4067366430758
4.962332,119.75,6.421666604,6.455,0.42,0.411375,6.386,0.390731128489274
4.995541,95.41666667,6.51125,6.455,0.41975,0.412125,6.719,0.374606593415912
5.054937,120.1666667,6.519583333,6.455,0.41925,0.413,6.237,0.3583679495453
5.13746,108.4583333,6.509166667,6.455,0.417916667,0.413041667,6.226,0.342020143325669
5.265464,63.95833333,6.507083333,6.455,0.420458333,0.414,6.388,0.325568154457157
5.326307,141.25,6.402916617,6.455,0.42125,0.414666667,5.915,0.309016994374947
5.189459,142.375,6.173749963,6.455,0.418416667,0.415,5.711,0.292371704722737
5.175243,150.5416667,5.915416617,6.455,0.415708333,0.415,5.672,0.275637355816999
5.211307,106.0833333,5.8175,6.440416579,0.413083333,0.415,5.707,0.258819045102521
5.321691,142.2916667,5.74875,6.4049997,0.410166667,0.415,5.804,0.241921895599668
5.443253,166.0416667,5.682083158,6.4049997,0.407166667,0.415,5.961,0.224951054343865
5.532211,113.625,5.684166542,6.392499775,0.404625,0.415,6.183,0.207911690817759
5.601474,100.9583333,5.848749963,6.355,0.402208333,0.415,6.392,0.190808995376545
5.702155,148.875,6.084166617,6.355,0.400083333,0.414041667,6.438,0.17364817766693
5.723106,135.4166667,6.177916504,6.355,0.397833333,0.414,6.812,0.156434465040231
5.739729,159.2916667,6.213333296,6.355,0.39525,0.414,5.977,0.139173100960066
5.692676,163.0416667,6.277916667,6.355,0.393291667,0.413291667,5.769,0.121869343405147
5.631475,42.66666667,6.192499938,6.355,0.391625,0.413,5.408,0.104528463267653
5.649605,164.9166667,6.063333333,6.355,0.392083333,0.413,5.453,0.0871557427476581
5.798449,135.875,6.075833333,6.355,0.392541667,0.412208333,5.341,0.0697564737441255
5.996675,88.5,6.248749925,6.355,0.393541667,0.412,6.874,0.052335956242944
6.00741,117.375,6.457083258,6.355,0.398833333,0.412,6.645,0.0348994967025011
6.078906,38.54166667,6.482083333,6.355,0.402458333,0.412,6.825,0.0174524064372834
5.969371,189.5833333,6.502916667,6.355,0.405625,0.411708333,6.305,6.12323399573677e-17
6.049904,49.875,6.505,6.355,0.406125,0.411,6.697,-0.0174524064372835
6.413669,58.83333333,6.5425,6.355,0.40725,0.411,7.148,-0.0348994967025007
6.329843,119.75,6.721666604,6.355,0.4105,0.411,6.368,-0.0523359562429436
6.64814,128.6666667,6.927916604,6.355,0.410666667,0.411,6.049,-0.0697564737441253
6.707745,153.875,7.217499925,6.377916529,0.409583333,0.411,5.799,-0.0871557427476582
6.92827,209.4166667,7.488333296,6.4049997,0.407208333,0.411,5.924,-0.104528463267653
7.200808,230.9583333,7.61749995,6.421666467,0.405041667,0.411,5.931,-0.121869343405147
7.393255,231.5833333,7.713333333,6.455,0.40225,0.411,5.977,-0.139173100960065
7.541349,238.9166667,7.7925,6.48,0.399416667,0.411,6.076,-0.156434465040231
7.518607,227.125,7.865416604,6.505,0.396666667,0.410625,5.594,-0.17364817766693
7.480175,201.625,7.925833158,6.544583333,0.39475,0.41,5.936,-0.190808995376545
7.477965,203.0833333,7.829999963,6.559166667,0.3935,0.41,5.402,-0.207911690817759
7.561217,71.83333333,7.692499838,6.605,0.394,0.41,5.876,-0.224951054343865
7.647799,74.95833333,7.713333246,6.611249963,0.394,0.409708333,5.961,-0.241921895599668
7.808891,169.7083333,7.890416579,6.6549997,0.394583333,0.409,5.769,-0.258819045102521
7.930361,189.2083333,7.89249995,6.671666467,0.394708333,0.409,6.153,-0.275637355816999
8.100606,249.625,7.852916629,6.705,0.393583333,0.409,6.199,-0.292371704722737
8.272479,264.8333333,7.975833317,6.73,0.392458333,0.408583333,6.269,-0.309016994374947
8.468488,261.875,8.117500396,6.755,0.390791667,0.408,6.394,-0.325568154457156
8.701514,234.3333333,8.232083333,6.794583333,0.388125,0.408,6.57,-0.342020143325669
8.872984,256.5,8.323750188,6.8175,0.384791667,0.407833333,6.821,-0.3583679495453
9.327833,273.5,8.42375,6.855,0.38175,0.407,7.125,-0.374606593415912
9.640066,261.9583333,8.609166667,6.896666417,0.378791667,0.407,7.55,-0.390731128489274
9.724899,116.9166667,8.83625,6.934166542,0.376541667,0.406416667,5.57,-0.4067366430758
9.248141,249.3333333,8.9675,6.975833333,0.374958333,0.406,5.38,-0.422618261740699
9.361543,250.1666667,8.8675,7.015416667,0.373416667,0.405916667,6.011,-0.438371146789078
9.216032,251.7083333,8.565416667,7.055,0.372,0.405,6.022,-0.453990499739547
8.901758,197.2083333,8.230000146,7.094583333,0.372,0.405,6.623,-0.469471562785891
8.810037,228.1666667,7.973749929,7.105,0.372083333,0.404458333,6.388,-0.484809620246337
8.938607,277.8333333,7.857083258,7.119583246,0.373333333,0.404,6.421,-0.5
8.946408,203.2916667,7.882083171,7.1549997,0.373541667,0.404,6.384,-0.515038074910054
8.848666,65.41666667,7.9049997,7.1549997,0.373333333,0.403041667,6.129,-0.529919264233205
9.012418,151.875,7.936249813,7.159166392,0.38125,0.403,6.18,-0.544639035015027
9.089589,216.3333333,8.125833563,7.205,0.387583333,0.403,6.516,-0.559192903470747
9.081988,82.04166667,8.28625,7.205,0.3975,0.403,6.765,-0.573576436351046
8.985378,198.4166667,8.2675,7.24875,0.412166667,0.403125,7.218,-0.587785252292473
9.166607,287.7083333,8.28,7.255,0.413625,0.404,7.276,-0.601815023152048
9.165825,146.0416667,8.305000042,7.294583333,0.411875,0.404833333,7.054,-0.615661475325658
9.260877,204.875,8.259166667,7.305,0.4105,0.405,6.531,-0.629320391049837
9.442285,65.75,8.386250146,7.327916667,0.411208333,0.405458333,7.507,-0.642787609686539
9.54352,266.3333333,8.59875,7.355,0.41575,0.406083333,6.825,-0.656059028990507
9.574342,239.5833333,8.77375,7.386249813,0.415916667,0.407,6.641,-0.669130606358858
9.717996,259.1666667,8.827916667,7.411249738,0.414125,0.40775,7.082,-0.681998360062498
9.838019,205.5833333,8.938333333,7.455,0.411208333,0.408,7.004,-0.694658370458997
9.894316,72.91666667,9.18625,7.48625,0.407,0.408,6.377,-0.707106781186547
9.911606,234.375,9.315416667,7.521666667,0.404041667,0.408,6.987,-0.719339800338651
9.936882,158.4166667,9.355,7.56125,0.40175,0.408,6.461,-0.73135370161917
9.80253,255.25,9.32375,7.605,0.401,0.408,6.495,-0.743144825477394
9.761692,276.3333333,9.271666667,7.644583096,0.401875,0.408,7.042,-0.754709580222772
9.872118,211.9166667,9.225833333,7.673749813,0.40175,0.407833333,7.411,-0.766044443118978
10.007465,116.4583333,9.2675,7.705,0.400791667,0.407,7.016,-0.777145961456971
10.235255,168.875,9.409166667,7.752916667,0.399541667,0.407,7.065,-0.788010753606722
10.397886,108.2916667,9.607083333,7.784166667,0.398291667,0.407,6.943,-0.798635510047293
10.444599,235.1666667,9.771666667,7.83,0.397083333,0.407,7.372,-0.809016994374947
10.59712,165.25,9.900833333,7.873749888,0.394833333,0.407,7.307,-0.819152044288992
10.792852,221.375,10.02791667,7.919583121,0.392208333,0.407,7.282,-0.829037572555042
10.585921,108.375,10.07166667,7.9675,0.390291667,0.406208333,6.395,-0.838670567945424
10.591764,233.9583333,9.965416667,8.01125,0.388791667,0.406,6.755,-0.848048096156426
10.612824,295.9166667,9.869583333,8.055,0.38875,0.406,7.253,-0.857167300702112
10.611889,115.1666667,9.775833333,8.100833792,0.388541667,0.406,7.247,-0.866025403784439
10.579321,287.2916667,9.67375,8.127916938,0.388958333,0.405541667,7.73,-0.874619707139396
10.314854,132.6666667,9.5925,8.155,0.39275,0.405,8.209,-0.882947592858927
10.417571,213.2083333,9.457083333,8.205,0.399333333,0.405,7.987,-0.891006524188368
10.722193,246.2916667,9.444583333,8.2175,0.401,0.405,7.88,-0.898794046299167
10.82152,88.75,9.552916667,8.255,0.401,0.405,7.221,-0.90630778703665
10.796002,279.4166667,9.632083333,8.275833333,0.403583333,0.405,7.426,-0.913545457642601
10.831955,279.6666667,9.725833333,8.305,0.407541667,0.405,7.564,-0.92050485345244
10.966479,307.6666667,9.809166667,8.350833792,0.407666667,0.405,7.72,-0.927183854566787
11.144937,290.9583333,9.86125,8.373750313,0.406291667,0.405,7.623,-0.933580426497202
11.444312,327.5833333,9.89875,8.405,0.404125,0.405,7.56,-0.939692620785908
11.607665,322.7916667,10.05291667,8.452916667,0.401291667,0.405,7.542,-0.945518575599317
11.91184,332.7083333,10.29875,8.48625,0.39825,0.405,7.569,-0.951056516295154
11.940363,189.7083333,10.60083333,8.53,0.395208333,0.405,7.645,-0.956304755963035
12.013519,257.3333333,10.76958333,8.58,0.392625,0.404416667,7.74,-0.961261695938319
12.24542,329.6666667,10.82791667,8.63,0.389541667,0.404,7.947,-0.965925826289068
12.52986,243.9166667,10.86541667,8.677916667,0.386333333,0.404,8.301,-0.970295726275996
12.718633,129.7083333,11.01958333,8.727916667,0.38375,0.404,8.296,-0.974370064785235
12.85496,192.4166667,11.26541667,8.782083333,0.38175,0.403291667,7.245,-0.978147600733806
13.117744,236,11.43208333,8.838333333,0.379583333,0.403,7.241,-0.981627183447664
13.331689,98.54166667,11.505,8.896666667,0.377541667,0.403,7.541,-0.984807753012208
13.550629,234,11.58416667,8.959166667,0.375541667,0.402583333,7.345,-0.987688340595138
13.608584,214.4583333,11.705,9.019583333,0.373625,0.402,7.239,-0.99026806874157
13.845159,243.875,11.67166667,9.077916667,0.372375,0.402,7.054,-0.992546151641322
14.287357,252.9166667,11.68,9.132083333,0.370333333,0.401458333,7.265,-0.994521895368273
14.630053,209.9583333,11.85916667,9.188333333,0.3685,0.401,7.629,-0.996194698091746
14.765845,127.2083333,12.10083333,9.250833333,0.366625,0.401,7.06,-0.997564050259824
14.877641,295.7083333,12.33208333,9.321666667,0.3655,0.400166667,6.833,-0.998629534754574
14.89836,183.9583333,12.55291667,9.38625,0.364,0.4,6.327,-0.999390827019096
15.050988,235.5416667,12.71958333,9.463333333,0.364,0.39975,6.749,-0.999847695156391
15.146981,124.9583333,12.81541667,9.534166667,0.364166667,0.399,6.817,-1
14.654557,161.625,12.97375,9.609166667,0.364958333,0.399,7.092,-0.999847695156391
14.978658,178.9583333,13.23208333,9.684166667,0.364625,0.398583333,6.543,-0.999390827019096
15.306085,287.625,13.42791667,9.769583333,0.364333333,0.398,7.39,-0.998629534754574
15.480984,258.125,13.57583333,9.850833333,0.3645,0.398,7.427,-0.997564050259824
15.686881,258.4166667,13.77375,9.932083333,0.363666667,0.397416667,7.462,-0.996194698091746
15.846961,261.625,13.855,10.02375,0.362458333,0.397,7.525,-0.994521895368273
15.851462,142.5416667,13.79458333,10.10916667,0.362416667,0.397,6.646,-0.992546151641322
15.598372,102.2916667,13.69458333,10.18625,0.363833333,0.396291667,7.969,-0.99026806874157
15.612746,220.0416667,13.59041667,10.2675,0.365708333,0.396,9.045,-0.987688340595138
15.702568,84.70833333,13.44041667,10.33625,0.366916667,0.396,8.7,-0.984807753012208
15.70334,113.1666667,13.31333333,10.40083333,0.367583333,0.396,9.321,-0.981627183447664
15.569933,69.79166667,13.29666667,10.46958333,0.368375,0.395166667,10.056,-0.978147600733806
15.857402,196.7916667,13.24041667,10.52791667,0.370625,0.395,10.073,-0.974370064785235
15.911194,220.2916667,13.26333333,10.58833333,0.373125,0.395,9.249,-0.970295726275996
16.071925,255.7083333,13.27375,10.64666667,0.374875,0.395,10.146,-0.965925826289068
16.320555,250.7916667,13.22375,10.70916667,0.374875,0.394666667,9.981,-0.961261695938319
15.985205,81.41666667,13.15083333,10.76541667,0.375125,0.394,9.084,-0.956304755963036
15.755579,157.8333333,13.08,10.8175,0.378125,0.394,8.92,-0.951056516295154
15.548387,110,12.9925,10.86541667,0.381916667,0.394,8.956,-0.945518575599317
15.599652,242.7916667,12.87791667,10.90916667,0.3905,0.394,11.137,-0.939692620785908
15.591371,182.0833333,12.91125,10.955,0.392875,0.394,9.973,-0.933580426497202
15.637427,167.375,12.96958333,11.00083333,0.394,0.394,10.891,-0.927183854566787
15.760726,247.9583333,12.97166667,11.04458333,0.393583333,0.394,11.562,-0.92050485345244
15.908352,239.8333333,12.92583333,11.08833333,0.392583333,0.394,11.276,-0.913545457642601
15.864537,254.4583333,12.84875,11.12166667,0.392125,0.394,10.829,-0.90630778703665
16.109136,227.5833333,12.75708333,11.155,0.3915,0.394,10.891,-0.898794046299167
15.805075,128.3333333,12.75291667,11.20291667,0.392333333,0.394,9.204,-0.891006524188368
15.599729,88.41666667,12.82166667,11.23,0.397,0.394,10.209,-0.882947592858927
15.587064,226.5416667,12.84458333,11.25708333,0.399291667,0.394,11.209,-0.874619707139396
15.608838,239.5833333,12.79875,11.305,0.400958333,0.394,12.472,-0.866025403784439
15.713408,145.125,12.73208333,11.33625,0.400625,0.394958333,12.16,-0.857167300702112
15.595951,150.2916667,12.65083333,11.35916667,0.400625,0.395,10.498,-0.848048096156426
15.680826,216.5833333,12.59041667,11.405,0.402916667,0.395,11.758,-0.838670567945424
15.399243,87.125,12.605,11.42166667,0.404666667,0.395541667,9.821,-0.829037572555042
15.249089,202.875,12.66958333,11.455,0.410708333,0.396166667,10.399,-0.819152044288992
15.119819,129.375,12.76958333,11.48,0.415875,0.397375,10.643,-0.809016994374948
15.167288,133.75,12.805,11.505,0.4185,0.399,10.872,-0.798635510047293
15.324037,247.625,12.79041667,11.5425,0.417208333,0.400625,12.217,-0.788010753606722
15.581769,246.125,12.78208333,11.555,0.414083333,0.40175,11.934,-0.777145961456971
15.390155,65,12.77375,11.60083333,0.411125,0.402125,10.091,-0.766044443118978
15.495911,136.5,12.79458333,11.605,0.409208333,0.403,11.195,-0.754709580222772
15.40745,183.0416667,12.93625,11.65083333,0.408,0.403,9.576,-0.743144825477394
15.500265,187.875,13.01125,11.66958333,0.407541667,0.403,12.386,-0.731353701619171
15.546834,167.8333333,13.03416667,11.705,0.406,0.403,12.281,-0.719339800338651
15.794624,235.7083333,13.04041667,11.73625,0.404,0.403,11.807,-0.707106781186548
15.782533,217.9583333,13.11541667,11.755,0.402291667,0.403,11.037,-0.694658370458998
15.820334,165.5833333,13.12583333,11.80291667,0.40025,0.403,11.279,-0.681998360062499
16.380446,213.5416667,13.04458333,11.81333333,0.398208333,0.403,11.362,-0.669130606358858
16.609186,133.375,13.08208333,11.855,0.396541667,0.403,10.916,-0.656059028990508
16.808733,231.0833333,13.2175,11.87791667,0.395208333,0.403,10.49,-0.642787609686539
16.613175,130.75,13.42791667,11.905,0.393791667,0.403,8.738,-0.629320391049837
16.475745,113.75,13.58833333,11.95083333,0.393,0.402541667,10.512,-0.615661475325658
16.477511,193.7916667,13.70708333,11.98416667,0.392166667,0.402,11.068,-0.601815023152048
16.686093,185.8333333,13.77791667,12.02166667,0.391041667,0.402,10.85,-0.587785252292473
16.247934,47.16666667,13.8425,12.05916667,0.398666667,0.402,9.516,-0.573576436351046
16.036987,186.7083333,13.755,12.105,0.408625,0.402,11.639,-0.559192903470747
15.803571,100.4166667,13.62791667,12.14041667,0.409208333,0.402666667,10.397,-0.544639035015027
15.732044,177.5,13.44666667,12.15708333,0.411041667,0.403,10.92,-0.529919264233205
15.482505,182.6666667,13.37375,12.205,0.414083333,0.4035,10.87,-0.515038074910054
15.474136,164.8333333,13.355,12.205,0.414,0.404,11.521,-0.5
15.529679,180.6666667,13.33208333,12.255,0.413625,0.404958333,12.537,-0.484809620246337
15.718242,181.375,13.33208333,12.255,0.412166667,0.405,12.284,-0.469471562785891
15.595745,170.375,13.32166667,12.29875,0.410416667,0.405416667,11.702,-0.453990499739547
15.584086,170.2916667,13.2425,12.305,0.408708333,0.406,11.71,-0.438371146789078
15.577148,148.4583333,13.08833333,12.33416667,0.406583333,0.406,11.341,-0.4226182617407
15.517869,109.7916667,12.93625,12.355,0.405541667,0.406,10.972,-0.4067366430758
15.518815,119.4583333,12.8425,12.355,0.403625,0.406,10.7,-0.390731128489274
15.480608,136.9166667,12.82166667,12.355,0.401541667,0.406,10.782,-0.374606593415912
15.585644,127.875,12.77375,12.36333333,0.398958333,0.405041667,10.336,-0.358367949545301
15.682781,146.8333333,12.76333333,12.405,0.396458333,0.405,9.976,-0.342020143325669
15.580543,185.4166667,12.81333333,12.405,0.393875,0.405,9.598,-0.325568154457157
15.597403,133.5416667,12.91541667,12.405,0.391458333,0.405,9.119,-0.309016994374948
15.609778,122.9583333,13.03,12.405,0.38925,0.405,7.738,-0.292371704722737
15.154411,18.16666667,13.19666667,12.4425,0.392583333,0.40425,5.717,-0.275637355816999
15.058449,105.7083333,13.25083333,12.455,0.417541667,0.404791667,10.267,-0.258819045102521
14.959707,72.625,13.10291667,12.455,0.418625,0.40575,11.38,-0.241921895599668
14.856136,116.5416667,12.93833333,12.47375,0.423625,0.407125,11.119,-0.224951054343865
14.829259,139.2916667,12.87375,12.505,0.422125,0.408708333,11.305,-0.20791169081776
14.822323,149.8333333,12.76125,12.505,0.418916667,0.409875,11.532,-0.190808995376545
14.805275,142.7083333,12.63833333,12.505,0.416,0.41,11.048,-0.17364817766693
14.816615,142.6666667,12.63208333,12.505,0.41325,0.41,11.571,-0.156434465040231
14.87882,120.75,12.655,12.505,0.410791667,0.410833333,11.686,-0.139173100960065
14.773296,31.75,12.67375,12.505,0.408583333,0.410541667,9.221,-0.121869343405147
14.712793,126.8333333,12.705,12.505,0.4075,0.410083333,10.466,-0.104528463267653
6.054075,93.91666667,5.548749913,7.309166667,0.411666667,0.421,5.831,0.573576436351046
6.057013,60.375,5.277916629,7.269583333,0.408291667,0.420666667,5.732,0.559192903470747
6.017758,51.08333333,5.159166392,7.225833333,0.406625,0.42,5.088,0.544639035015027
6.086926,104.2916667,5.113333271,7.177916504,0.406125,0.42,5.819,0.529919264233205
6.025301,112,5.0175,7.12999985,0.405,0.419625,5.749,0.515038074910054
6.197823,13.04166667,4.990416667,7.082083333,0.405583333,0.419,5.66,0.5
6.314686,64.91666667,5.236249938,7.040416667,0.415041667,0.419,5.861,0.484809620246337
6.203117,98.375,5.446666592,7.005,0.41725,0.419,5.961,0.469471562785891
6.156993,42.70833333,5.525833333,6.959166667,0.418,0.419,5.74,0.453990499739547
6.123259,112.5833333,5.484166667,6.938333233,0.418,0.419,5.606,0.438371146789077
6.083574,116.6666667,5.421666467,6.9049997,0.417875,0.419,5.565,0.422618261740699
6.001457,30.54166667,5.338333246,6.863333283,0.416666667,0.419,5.594,0.4067366430758
6.019811,116.625,5.255,6.832083333,0.417,0.419,5.594,0.390731128489274
6.059046,61.08333333,5.344583258,6.805,0.417,0.419,5.335,0.374606593415912
6.042102,118.625,5.459166642,6.757083333,0.418,0.419,5.616,0.3583679495453
6.823769,71.95833333,5.561249975,6.752916667,0.417583333,0.419,5.713,0.342020143325669
6.287045,46.16666667,5.815416604,6.705,0.415708333,0.419,5.203,0.325568154457157
6.387212,72.16666667,6.215416592,6.705,0.414166667,0.419,5.582,0.309016994374947
6.527216,119.7083333,6.615416629,6.705,0.412208333,0.419,5.529,0.292371704722737
6.620346,161.2916667,6.944583258,6.705,0.409583333,0.419,5.487,0.275637355816999
6.672919,152.375,7.096666667,6.705,0.406708333,0.418416667,5.502,0.258819045102521
6.784211,146.7083333,7.119583271,6.705,0.403875,0.418,5.578,0.241921895599668
6.774887,161.5833333,7.240416667,6.707083333,0.401041667,0.418,5.715,0.224951054343865
6.822249,160.9166667,7.177916629,6.752916667,0.39825,0.41725,5.916,0.207911690817759
6.874126,113.7916667,7.069583333,6.755,0.395875,0.417,6.185,0.190808995376545
6.972988,159.0833333,7.098749975,6.755,0.393125,0.416541667,6.519,0.17364817766693
7.088994,114.9583333,7.161249738,6.755,0.390666667,0.416,6.956,0.156434465040231
7.120697,117.2916667,7.215416667,6.755,0.388625,0.415541667,7.508,0.139173100960066
7.189475,131.9166667,7.26125,6.7675,0.386708333,0.415,8.218,0.121869343405147
7.282563,78.91666667,7.321666667,6.805,0.384833333,0.414541667,4.869,0.104528463267653
7.36941,99.25,7.338333333,6.805,0.383666667,0.414,4.7,0.0871557427476581
7.36727,89.33333333,7.355,6.805,0.388666667,0.4135,5.005,0.0697564737441255
7.294769,150.5416667,7.294583333,6.807083333,0.397291667,0.413,5.316,0.052335956242944
7.345197,176.4166667,7.140416617,6.855,0.400208333,0.413,5.252,0.0348994967025011
7.304711,164.5,6.988333321,6.855,0.401,0.413,5.712,0.0174524064372834
7.300575,184.3333333,6.840416592,6.855,0.401,0.412625,5.33,6.12323399573677e-17
7.340287,179.5833333,6.769583333,6.855,0.400625,0.412,5.481,-0.0174524064372835
7.46392,48.66666667,6.76125,6.855,0.403166667,0.412,5.786,-0.0348994967025007
7.640255,126.2916667,6.784166667,6.855,0.409708333,0.412,5.888,-0.0523359562429436
7.72048,135.7083333,6.877916604,6.855,0.409416667,0.412,5.755,-0.0697564737441253
7.791888,193.5833333,7.059166617,6.855,0.4085,0.412,5.684,-0.0871557427476582
7.88966,147.9583333,7.21125,6.855,0.406958333,0.412,5.379,-0.104528463267653
7.774091,174.625,7.255,6.855,0.4055,0.412,5.271,-0.121869343405147
7.780059,187.3333333,7.246666667,6.855,0.405,0.412,5.387,-0.139173100960065
7.775647,78.33333333,7.252916667,6.855,0.405,0.41125,5.463,-0.156434465040231
7.811029,208.2916667,7.092499963,6.900833058,0.405,0.411,6.023,-0.17364817766693
7.729861,107.5833333,6.859166629,6.9049997,0.404541667,0.411,6.193,-0.190808995376545
7.770201,87.79166667,6.694583258,6.890416454,0.4035,0.411,5.688,-0.207911690817759
7.864342,60.08333333,6.74875,6.855,0.407791667,0.411,5.67,-0.224951054343865
8.02105,196.75,6.802916667,6.855,0.410875,0.411,6.089,-0.241921895599668
8.115334,164.9166667,6.973749925,6.855,0.40975,0.411,5.99,-0.258819045102521
8.115038,201.5416667,7.142499825,6.859166642,0.408583333,0.411,5.927,-0.275637355816999
8.163775,228.3333333,7.119583246,6.902916379,0.406291667,0.411,5.933,-0.292371704722737
8.251193,140.1666667,6.988333333,6.9049997,0.404583333,0.411,5.958,-0.309016994374947
8.429822,170.4166667,6.988333333,6.9049997,0.402541667,0.411,6.007,-0.325568154457156
8.646881,182.125,7.115416617,6.9049997,0.400083333,0.410541667,6.055,-0.342020143325669
8.962287,268.1666667,7.286249963,6.9049997,0.397833333,0.41,6.181,-0.3583679495453
8.931731,251.5,7.534166629,6.9049997,0.395083333,0.41,6.371,-0.374606593415912
9.069046,228.5,7.759166654,6.909166392,0.392166667,0.41,6.6,-0.390731128489274
9.147624,238.75,7.904999725,6.955,0.3895,0.409291667,6.93,-0.4067366430758
9.279032,154.8333333,7.915416429,6.955,0.387333333,0.409,7.285,-0.422618261740699
9.279077,179,7.944583271,6.99875,0.385291667,0.409,6.857,-0.438371146789078
9.215261,245.7083333,7.898749938,7.005,0.383458333,0.408208333,6.58,-0.453990499739547
9.191806,248.125,7.709166567,7.027916667,0.381458333,0.408,6.384,-0.469471562785891
8.92075,240.875,7.527916667,7.055,0.379541667,0.407916667,5.36,-0.484809620246337
8.932313,264.3333333,7.388333283,7.055,0.378166667,0.407,5.831,-0.5
9.018362,220.3333333,7.334166667,7.055,0.37675,0.407,5.405,-0.515038074910054
9.158808,95.54166667,7.459166567,7.055,0.376,0.406375,6.128,-0.529919264233205
9.282025,262.9583333,7.72999995,7.084166667,0.377958333,0.406,6.107,-0.544639035015027
9.393031,194.625,7.921666492,7.105,0.379916667,0.406,6.164,-0.559192903470747
9.470803,112.1666667,8.050833458,7.105,0.38,0.405166667,5.904,-0.573576436351046
9.66162,244.375,8.18625,7.144583096,0.38,0.405,6.277,-0.587785252292473
9.697506,243.2916667,8.288333333,7.1549997,0.379541667,0.405,6.295,-0.601815023152048
9.751304,132.625,8.352917063,7.190416579,0.378541667,0.404291667,5.676,-0.615661475325658
10.06899,175.75,8.494583333,7.205,0.378833333,0.404,6.337,-0.629320391049837
10.492389,264.5,8.96125,7.250833333,0.378125,0.404,6.406,-0.642787609686539
10.982828,190.75,9.613333333,7.290416667,0.377,0.403291667,6.469,-0.656059028990507
11.380294,155.2083333,10.13208333,7.344583333,0.376333333,0.403,6.569,-0.669130606358858
11.784986,279.7916667,10.52166667,7.417499775,0.375166667,0.403,6.621,-0.681998360062498
12.254137,306.875,10.87791667,7.484166667,0.373041667,0.40225,6.796,-0.694658370458997
12.587909,284.7916667,11.09458333,7.565416667,0.371125,0.402,7.043,-0.707106781186547
12.739502,322.7083333,11.05916667,7.640416479,0.369041667,0.401666667,7.372,-0.719339800338651
12.871477,300.2916667,10.91958333,7.72375,0.367041667,0.401,7.807,-0.73135370161917
12.966583,151,10.86541667,7.788333333,0.365583333,0.401,7.699,-0.743144825477394
13.118946,257,10.82375,7.859166617,0.364583333,0.400208333,6.7,-0.754709580222772
13.093916,180.5833333,10.77375,7.923749813,0.363291667,0.4,6.463,-0.766044443118978
13.078107,119.375,10.74875,7.984166667,0.3625,0.399916667,5.623,-0.777145961456971
13.207507,247.0416667,10.71125,8.0425,0.367791667,0.399,6.121,-0.788010753606722
13.218081,263.1666667,10.705,8.105000458,0.3735,0.399,5.941,-0.798635510047293
13.436138,207.375,10.60708333,8.16125,0.375833333,0.399,6.529,-0.809016994374947
13.719438,264.125,10.56333333,8.213333333,0.376083333,0.398458333,6.597,-0.819152044288992
13.89772,249.7083333,10.67791667,8.2675,0.3755,0.398,6.681,-0.829037572555042
14.087713,179.875,10.76125,8.321666833,0.374583333,0.398,6.818,-0.838670567945424
14.301838,174.9166667,10.83416667,8.375833625,0.37375,0.398,6.996,-0.848048096156426
14.445855,274.625,10.99875,8.434166667,0.372625,0.397208333,7.086,-0.857167300702112
14.596223,278.625,11.24666667,8.4925,0.371583333,0.397,6.944,-0.866025403784439
14.509131,330.75,11.47791667,8.559166667,0.369916667,0.397,7.038,-0.874619707139396
14.776616,339.1666667,11.65916667,8.627916667,0.367625,0.396416667,7.29,-0.882947592858927
15.017457,324.25,11.76958333,8.690416667,0.365708333,0.396,7.629,-0.891006524188368
14.995487,304.7083333,11.93625,8.769583333,0.362708333,0.396,8.087,-0.898794046299167
15.532961,298.25,12.11958333,8.83625,0.3615,0.395166667,8.138,-0.90630778703665
16.22219,302.9166667,12.30083333,8.915416667,0.360125,0.395,8.183,-0.913545457642601
16.674501,281.0833333,12.64041667,8.990416667,0.357875,0.394625,8.222,-0.92050485345244
17.253234,243.7083333,13.055,9.08,0.355333333,0.394,8.255,-0.927183854566787
17.533753,258.7083333,13.43,9.17375,0.35325,0.394,8.284,-0.933580426497202
18.025622,223.625,13.73416667,9.271666667,0.35275,0.393166667,8.309,-0.939692620785908
18.471799,186.0416667,14.0175,9.375833333,0.35175,0.393,8.33,-0.945518575599317
18.173949,135.875,14.22583333,9.482083333,0.3505,0.392916667,6.139,-0.951056516295154
18.451813,237.3333333,14.28625,9.590416667,0.349708333,0.392,7.278,-0.956304755963035
18.322832,244.5833333,14.355,9.696666667,0.349,0.392,6.896,-0.961261695938319
18.251468,165.8333333,14.36541667,9.800833333,0.349,0.391666667,6.871,-0.965925826289068
17.834848,109.2083333,14.29666667,9.900833333,0.350916667,0.391,8.23,-0.970295726275996
17.52932,219.75,14.11541667,9.996666667,0.358375,0.391,9.166,-0.974370064785235
17.243142,245.3333333,13.96333333,10.08416667,0.361666667,0.391,9.183,-0.978147600733806
17.141705,220.5416667,13.77166667,10.17583333,0.362291667,0.390375,8.977,-0.981627183447664
17.172897,170.125,13.56541667,10.24666667,0.362,0.39,8.767,-0.984807753012208
16.94245,64.29166667,13.47791667,10.32583333,0.362208333,0.39,8.952,-0.987688340595138
16.994156,188.875,13.455,10.38833333,0.363583333,0.39,10.305,-0.99026806874157
16.985102,248.1666667,13.41333333,10.46125,0.364875,0.389833333,10.439,-0.992546151641322
17.068342,245.7083333,13.42791667,10.52791667,0.365,0.389,10.848,-0.994521895368273
17.088861,232.9166667,13.44041667,10.58833333,0.365,0.389,9.632,-0.996194698091746
16.697811,240.75,13.44458333,10.655,0.365916667,0.389,9.55,-0.997564050259824
16.638699,211.3333333,13.42166667,10.71958333,0.369166667,0.389,11.138,-0.998629534754574
16.625936,117.0833333,13.455,10.77791667,0.370583333,0.389,9.858,-0.999390827019096
16.593766,261.25,13.42166667,10.83625,0.371,0.388541667,11.799,-0.999847695156391
16.484425,210.4583333,13.3675,10.8925,0.371,0.388,10.13,-1
16.367365,259.5,13.29041667,10.94666667,0.373333333,0.388,9.987,-0.999847695156391
16.287334,92.5,13.23416667,10.99875,0.377208333,0.388,12.035,-0.999390827019096
16.085684,278.4583333,13.06958333,11.05291667,0.379875,0.388,10.5,-0.998629534754574
15.840407,250.8333333,12.93416667,11.0925,0.382166667,0.388,12.419,-0.997564050259824
16.06349,216.375,12.8675,11.13,0.383,0.388,12.62,-0.996194698091746
15.872576,146,12.82166667,11.16541667,0.384166667,0.388,11.163,-0.994521895368273
16.042571,200.9166667,12.76958333,11.205,0.386541667,0.388,12.334,-0.992546151641322
16.072885,67.91666667,12.81541667,11.24875,0.387,0.388,11.382,-0.99026806874157
16.218202,237.7916667,12.87791667,11.28,0.387208333,0.388,12.234,-0.987688340595138
16.331404,224.6666667,13.04041667,11.31541667,0.387,0.388,11.558,-0.984807753012208
16.396799,153.8333333,13.27583333,11.355,0.387041667,0.388,10.535,-0.981627183447664
16.39752,60.625,13.50083333,11.405,0.388583333,0.388,10.632,-0.978147600733806
16.233135,224.1666667,13.5675,11.45083333,0.391375,0.388,11.698,-0.974370064785235
16.228029,253.625,13.57166667,11.49666667,0.392,0.388,13.633,-0.970295726275996
16.250911,250.3333333,13.52166667,11.54458333,0.391666667,0.388,12.015,-0.965925826289068
16.264667,157.9583333,13.43416667,11.58625,0.390708333,0.388,13.165,-0.961261695938319
16.310811,99.875,13.4175,11.62583333,0.39,0.388458333,12.628,-0.956304755963036
16.520151,248.0416667,13.51541667,11.66541667,0.389583333,0.389,13.065,-0.951056516295154
16.773968,196.3333333,13.58416667,11.70708333,0.388458333,0.389,12.556,-0.945518575599317
17.350734,237.4166667,13.77583333,11.755,0.387041667,0.38875,12.063,-0.939692620785908
17.934355,246.0416667,14.05916667,11.805,0.385083333,0.388,11.579,-0.933580426497202
18.002948,214.2916667,14.4175,11.86333333,0.383583333,0.388,11.12,-0.927183854566787
17.867222,79.375,14.60291667,11.92166667,0.383,0.388,10.368,-0.92050485345244
17.964859,182.5,14.61541667,11.97791667,0.382583333,0.388,11.705,-0.913545457642601
18.031124,134.0416667,14.59458333,12.03625,0.382,0.388,11.271,-0.90630778703665
17.913508,174.7083333,14.54458333,12.0925,0.382,0.388,11.511,-0.898794046299167
17.558782,125.0416667,14.4675,12.14666667,0.382875,0.388,10.1,-0.891006524188368
17.474795,80.54166667,14.3425,12.19875,0.383708333,0.388,10.338,-0.882947592858927
17.660406,196.0833333,14.26541667,12.24666667,0.38525,0.388,13.281,-0.874619707139396
17.660932,51.70833333,14.27583333,12.2925,0.386333333,0.388,10.719,-0.866025403784439
17.092896,57.375,14.9925,13.03208333,0.38275,0.387,11.282,-0.642787609686539
17.068034,120.4583333,15.10916667,13.08,0.3935,0.387375,13.603,-0.629320391049837
17.017962,168.5833333,15.16541667,13.12791667,0.396666667,0.388,12.347,-0.615661475325658
16.923662,155,15.22375,13.17375,0.398958333,0.388,12.332,-0.601815023152048
16.942415,84.375,15.23208333,13.21958333,0.403916667,0.38875,11.989,-0.587785252292473
17.1155,158.2916667,15.23416667,13.26541667,0.405,0.389208333,13.228,-0.573576436351046
17.218661,169.4583333,15.2175,13.305,0.403708333,0.39,13.867,-0.559192903470747
17.275179,193.8333333,15.09458333,13.355,0.402,0.3905,13.369,-0.544639035015027
17.025984,155.9166667,14.97166667,13.38833333,0.400416667,0.391,11.115,-0.529919264233205
16.84815,193.7083333,14.84875,13.41541667,0.399375,0.391,11.939,-0.515038074910054
16.89304,144.3333333,14.76958333,13.455,0.398291667,0.391333333,13.452,-0.5
16.96573,225.4166667,14.73625,13.48,0.397416667,0.392,13.186,-0.484809620246337
16.908826,115.125,14.705,13.505,0.396,0.392,12.636,-0.469471562785891
16.939771,129.375,14.69875,13.53625,0.394708333,0.392,10.636,-0.453990499739547
16.870143,145.75,14.76541667,13.555,0.3935,0.392,12.626,-0.438371146789078
16.655713,72.125,14.72375,13.59666667,0.39225,0.392,11.316,-0.4226182617407
16.644036,157.4166667,14.62375,13.605,0.392,0.392,12.285,-0.4067366430758
16.616185,114.2916667,14.605,13.64458333,0.391625,0.392,12.763,-0.390731128489274
16.55612,142.9583333,14.64458333,13.655,0.393041667,0.392,12.863,-0.374606593415912
16.748111,124.5416667,14.73,13.67583333,0.395458333,0.392,12.92,-0.358367949545301
16.909362,58.04166667,14.90916667,13.705,0.396,0.392,12.473,-0.342020143325669
16.913253,81.66666667,15.07791667,13.73416667,0.396,0.392625,12.032,-0.325568154457157
16.820496,101.375,15.2425,13.755,0.396,0.393,11.784,-0.309016994374948
16.569224,70.45833333,15.18208333,13.80291667,0.395416667,0.393,11.514,-0.292371704722737
16.313814,139.7916667,14.96333333,13.81125,0.39575,0.393,11.95,-0.275637355816999
16.099497,62.66666667,14.73,13.855,0.396,0.393,10.98,-0.258819045102521
16.321295,108.5416667,14.63208333,13.855,0.399291667,0.393,11.974,-0.241921895599668
16.244973,191.875,14.58833333,13.87166667,0.401625,0.393,13.241,-0.224951054343865
16.187853,92.75,14.46541667,13.905,0.401,0.393958333,12.684,-0.20791169081776
16.169637,106.25,14.38833333,13.905,0.400666667,0.394,11.83,-0.190808995376545
16.049985,147.1666667,14.33416667,13.905,0.399666667,0.394,11.664,-0.17364817766693
16.0136,120.875,14.22791667,13.905,0.398583333,0.394,12.092,-0.156434465040231
15.99232,125.7916667,14.20708333,13.92375,0.397541667,0.394,10.249,-0.139173100960065
15.994225,124.125,14.18833333,13.955,0.396708333,0.394,12.13,-0.121869343405147
15.952669,92,14.1175,13.955,0.396,0.394,11.783,-0.104528463267653
15.742843,91.45833333,14.02791667,13.955,0.395291667,0.394,10.394,-0.0871557427476582
15.437278,90.54166667,13.84458333,13.955,0.395208333,0.394,11.289,-0.0697564737441256
15.186125,65.20833333,13.60291667,13.955,0.396875,0.394,10.968,-0.0523359562429443
15.158407,92.08333333,13.5175,13.92791667,0.408166667,0.394583333,12.018,-0.0348994967025016
14.836486,122.125,13.53208333,13.905,0.413833333,0.395416667,12.071,-0.0174524064372835
14.725511,111.0416667,13.405,13.905,0.414625,0.3965,11.809,-1.83697019872103e-16
14.683457,98.75,13.36125,13.905,0.412958333,0.397375,11.536,0.0174524064372831
14.738533,48.25,13.45083333,13.905,0.411166667,0.398,12.033,0.0348994967025013
14.560447,130.125,13.555,13.905,0.41,0.398791667,11.258,0.0523359562429439
14.35684,111.2916667,13.46333333,13.86125,0.410083333,0.399,10.965,0.0697564737441252
14.273767,123.5,13.21541667,13.855,0.411,0.399875,11.655,0.0871557427476579
14.189551,126.4583333,12.88208333,13.855,0.410166667,0.4,11.362,0.104528463267653
14.10617,40.08333333,12.705,13.8175,0.409833333,0.40075,9.877,0.121869343405148
14.067542,54.66666667,12.74875,13.805,0.419291667,0.401583333,11.136,0.139173100960065
7.551634,29.70833333,8.238333333,9.057083333,0.405458333,0.403,9.594,0.999847695156391
7.41659,31.625,7.984166713,9.055,0.407,0.403916667,9.536,0.999390827019096
7.407351,17.375,7.561249913,9.0175,0.406958333,0.404,9.133,0.998629534754574
7.456305,25.625,7.300833321,8.9925,0.406,0.404,8.828,0.997564050259824
7.381961,19.375,7.182083183,8.952916667,0.405,0.404,8.586,0.996194698091746
7.772554,11,7.175833183,8.905,0.404708333,0.404,8.053,0.994521895368273
7.84084,17.29166667,7.413333271,8.869583333,0.405,0.404,8.879,0.992546151641322
7.635411,16.83333333,7.652916604,8.852916667,0.405,0.404,8.545,0.99026806874157
7.542066,23.20833333,7.840416667,8.807083333,0.406083333,0.404,10.895,0.987688340595138
7.586098,28.79166667,7.873749888,8.805,0.407875,0.404,10.065,0.984807753012208
7.422234,28.79166667,7.990416667,8.78,0.407666667,0.404,10.027,0.981627183447664
7.114143,35.04166667,7.87999995,8.755,0.407375,0.404,10.165,0.978147600733806
6.912468,36.04166667,7.502916592,8.74875,0.408,0.404916667,9.894,0.974370064785235
6.88008,25.91666667,7.171666604,8.705,0.407125,0.405,9.39,0.970295726275996
6.990861,18.66666667,7.086249963,8.671666667,0.406875,0.405,9.013,0.965925826289068
7.080461,15.5,7.257083296,8.650833333,0.406,0.405,8.986,0.961261695938319
7.035578,27,7.477916604,8.605,0.404625,0.405,8.595,0.956304755963035
7.057806,34.95833333,7.625833208,8.605,0.403583333,0.405,8.29,0.951056516295154
6.988096,43.54166667,7.675833158,8.559166667,0.4025,0.405,8.052,0.945518575599317
6.917349,29.04166667,7.538333308,8.555,0.401333333,0.405,7.885,0.939692620785908
6.748129,47.20833333,7.223749913,8.515416667,0.400125,0.405,7.779,0.933580426497202
6.61771,49.29166667,6.738333283,8.490416667,0.398833333,0.405,7.723,0.927183854566787
6.60609,42.75,6.277916604,8.444583333,0.397958333,0.405,7.696,0.92050485345244
6.708827,30.41666667,6.03625,8.392500125,0.396708333,0.405,7.676,0.913545457642601
6.817257,13.58333333,6.304999925,8.344583729,0.395458333,0.404083333,7.668,0.90630778703665
6.763074,22.04166667,6.652916604,8.305,0.394458333,0.404,7.685,0.898794046299167
6.759302,42.375,6.807083333,8.259166667,0.394,0.404,7.183,0.891006524188368
6.637538,51.875,6.775833333,8.238333333,0.394958333,0.404,7.308,0.882947592858927
6.591898,14.83333333,6.565416604,8.205,0.395083333,0.404,7.555,0.874619707139396
6.795393,15.33333333,6.457083333,8.159166667,0.396708333,0.404,8.001,0.866025403784439
6.737669,55.66666667,6.586249925,8.125833625,0.397375,0.404,8.444,0.857167300702112
6.748689,25.58333333,6.702916654,8.100833792,0.398,0.404,8.18,0.848048096156426
6.914463,43.875,6.779999988,8.055,0.398333333,0.404,10.539,0.838670567945424
6.845475,53.375,6.973749963,8.044583333,0.399791667,0.404,9.009,0.829037572555042
6.735377,53.58333333,6.921666592,8.005,0.400666667,0.404,8.856,0.819152044288992
6.634401,62.91666667,6.68624995,7.9925,0.401,0.404,8.676,0.809016994374947
6.588033,18.95833333,6.413333283,7.955,0.401875,0.404,8.543,0.798635510047293
6.488803,63.29166667,6.294583333,7.919583121,0.406,0.404,8.724,0.788010753606722
6.399686,45.41666667,6.146666604,7.888333133,0.407,0.404,8.566,0.777145961456971
6.385577,51.33333333,6.06125,7.846666667,0.407,0.404,8.142,0.766044443118978
6.321682,62.29166667,6.000833296,7.805,0.406833333,0.404,7.837,0.754709580222772
6.194074,75.08333333,5.740416567,7.76125,0.405666667,0.404,7.622,0.743144825477394
6.087698,53.25,5.51125,7.715416667,0.404541667,0.404,7.48,0.731353701619171
6.084578,49.79166667,5.409166392,7.665416429,0.403166667,0.404,7.4,0.719339800338651
6.11729,37.45833333,5.5175,7.613333283,0.401666667,0.404,7.375,0.707106781186548
6.217199,41.16666667,5.744583258,7.5675,0.400541667,0.404,7.199,0.694658370458997
6.361464,14.45833333,6.002916604,7.532083333,0.4,0.404,7.629,0.681998360062498
6.466512,25.58333333,6.279999913,7.505,0.400666667,0.404,7.7,0.669130606358858
6.560885,58.58333333,6.629999963,7.469583333,0.401,0.404,7.869,0.656059028990507
6.699108,19.125,6.957083283,7.455,0.401,0.404,7.741,0.642787609686539
6.816639,50.54166667,7.298749913,7.455,0.401,0.404,7.799,0.629320391049838
7.142706,12.91666667,7.584166604,7.455,0.401,0.404,12.437,0.615661475325658
7.218944,26,7.7425,7.455,0.401333333,0.404,12.554,0.601815023152048
7.084491,98.125,7.794583333,7.455,0.409833333,0.404,12.731,0.587785252292473
7.120539,39.29166667,7.652916617,7.455,0.412,0.4045,9.952,0.573576436351046
7.238561,51.20833333,7.58,7.455,0.41175,0.405,12.033,0.559192903470747
7.200745,46.45833333,7.605,7.48625,0.417,0.405333333,11.659,0.544639035015027
7.068438,92.54166667,7.457083283,7.505,0.420791667,0.406625,9.636,0.529919264233205
6.977575,94.29166667,7.132083296,7.482083333,0.41925,0.407833333,9.863,0.515038074910054
6.867938,80.375,6.911249938,7.455,0.418791667,0.408708333,11.034,0.5
6.785902,51.83333333,6.750833321,7.455,0.42075,0.409666667,10.212,0.484809620246337
6.677264,21.08333333,6.600833246,7.455,0.422583333,0.41075,10.967,0.469471562785891
6.628576,52.95833333,6.482083333,7.411249738,0.428666667,0.415166667,9.611,0.453990499739547
6.626306,96.16666667,6.377916554,7.4049997,0.425,0.417708333,8.31,0.438371146789077
6.565829,74.45833333,6.300833333,7.375833208,0.42325,0.418583333,9.005,0.422618261740699
6.720334,40.29166667,6.194583196,7.355,0.42325,0.419,9.817,0.4067366430758
6.797317,122.3333333,6.246666654,7.321666667,0.423083333,0.419958333,7.913,0.390731128489274
6.908736,93.41666667,6.488333283,7.305,0.420958333,0.42,7.086,0.374606593415912
7.045993,62.04166667,6.777916579,7.305,0.418333333,0.42,7.508,0.3583679495453
7.214421,142.625,7.134166617,7.305,0.416083333,0.42,6.986,0.342020143325669
7.239381,138.0833333,7.459166617,7.305,0.413875,0.42,6.826,0.325568154457157
7.353626,119.8333333,7.632083271,7.305,0.411125,0.419958333,6.808,0.309016994374947
7.515027,113.9166667,7.869583271,7.305,0.408125,0.419,6.873,0.292371704722737
7.593049,74.125,8.036250083,7.305,0.405208333,0.419,6.857,0.275637355816999
7.63737,133.5,8.180000042,7.3425,0.402666667,0.418958333,6.547,0.258819045102521
7.849611,15.45833333,8.182083333,7.355,0.400666667,0.418,9.685,0.241921895599668
8.103944,25.33333333,8.188333333,7.359166642,0.402416667,0.418,9.6,0.224951054343865
8.362101,86.5,8.3070835,7.4049997,0.406916667,0.418,9.356,0.207911690817759
8.216901,153.7083333,8.39666675,7.4049997,0.409958333,0.417125,7.959,0.190808995376545
8.09179,117.4583333,8.188333479,7.444583271,0.409541667,0.417,7.288,0.17364817766693
8.027296,172.9583333,7.784166579,7.455,0.409583333,0.417,7.164,0.156434465040231
7.98739,131.1666667,7.502916654,7.455,0.408458333,0.417,6.874,0.139173100960066
8.074683,180.1666667,7.313333258,7.455,0.406625,0.417,6.667,0.121869343405147
8.141168,196.5416667,7.2049999,7.455,0.404458333,0.416333333,6.553,0.104528463267653
8.232439,194.7083333,7.204999963,7.455,0.402,0.416,6.509,0.0871557427476581
8.369578,198.875,7.344583296,7.455,0.399166667,0.416,6.526,0.0697564737441255
8.451302,138.125,7.57999995,7.455,0.39675,0.41525,6.602,0.052335956242944
8.644043,114.4166667,7.817499963,7.455,0.394791667,0.415,6.688,0.0348994967025011
9.257406,137.375,8.08416675,7.455,0.39325,0.414916667,6.163,0.0174524064372834
9.082276,140.2916667,8.348750104,7.457083333,0.392,0.414,6.233,6.12323399573677e-17
9.023872,168.1666667,8.494583333,7.505,0.392,0.414,6.233,-0.0174524064372835
9.107994,133.375,8.482083333,7.505,0.392,0.4135,6.555,-0.0348994967025007
9.188359,73.75,8.546666667,7.544583333,0.391583333,0.413,7.243,-0.0523359562429436
9.214064,149,8.650833333,7.555,0.391416667,0.413,6.769,-0.0697564737441253
9.311597,137.4583333,8.669583333,7.5925,0.3905,0.412291667,6.654,-0.0871557427476582
9.404647,138.4583333,8.68625,7.605,0.389291667,0.412,6.666,-0.104528463267653
9.460657,172.625,8.6675,7.632083171,0.387458333,0.411833333,6.743,-0.121869343405147
9.67416,235.75,8.63,7.6549997,0.3855,0.411,6.88,-0.139173100960065
9.587918,99.70833333,8.671666667,7.669583121,0.384166667,0.411,7.08,-0.156434465040231
9.630353,150.7083333,8.669583333,7.705,0.382375,0.410333333,7.084,-0.17364817766693
9.683509,114.6666667,8.634166667,7.705,0.380666667,0.41,7.301,-0.190808995376545
9.785779,117.625,8.665416667,7.746666667,0.379541667,0.409708333,7.148,-0.207911690817759
9.918207,134.0833333,8.688333333,7.755,0.378041667,0.409,6.814,-0.224951054343865
9.959317,82.375,8.705,7.7675,0.377041667,0.409,6.34,-0.241921895599668
9.997703,153.5833333,8.675833333,7.805,0.376625,0.408041667,6.497,-0.258819045102521
10.004976,144.6666667,8.640416667,7.805,0.376,0.408,6.594,-0.275637355816999
10.155082,211.3333333,8.68,7.83,0.374666667,0.407416667,6.614,-0.292371704722737
10.377438,180.0833333,8.763333333,7.855,0.373583333,0.407,6.73,-0.309016994374947
10.496595,111.1666667,8.900833333,7.857083321,0.372083333,0.406625,6.979,-0.325568154457156
10.630398,152.6666667,9.100833333,7.9049997,0.370625,0.406,7.225,-0.342020143325669
10.79445,168.9583333,9.275833333,7.917499775,0.369333333,0.405833333,7.631,-0.3583679495453
10.940234,138.5833333,9.413333333,7.955,0.367666667,0.405,8.165,-0.374606593415912
11.151722,150.2083333,9.515416667,7.9925,0.366666667,0.405,8.222,-0.390731128489274
10.650602,204.375,9.134166667,8.094583729,0.363458333,0.40325,7.206,-0.438371146789078
10.748911,174.9583333,8.934166667,8.1050005,0.362375,0.403,7.338,-0.453990499739547
10.826263,186.7916667,8.865416667,8.111250438,0.361416667,0.402458333,7.683,-0.469471562785891
10.796787,146.3333333,8.8675,8.155,0.3605,0.402,8.333,-0.484809620246337
10.84791,191.0833333,8.96125,8.155,0.359458333,0.401583333,7.712,-0.5
11.200139,230.375,9.125833333,8.171666667,0.358458333,0.401,7.796,-0.515038074910054
11.447104,262.4583333,9.357083333,8.205,0.356833333,0.400625,7.737,-0.529919264233205
11.468296,299.375,9.68625,8.23,0.353791667,0.4,7.844,-0.544639035015027
11.547148,295.0833333,9.946666667,8.26125,0.350541667,0.399583333,7.94,-0.559192903470747
11.602895,290.625,10.13208333,8.305,0.347541667,0.399,8.025,-0.573576436351046
11.733159,229.125,10.26333333,8.348750438,0.344916667,0.398416667,8.101,-0.587785252292473
12.066804,304.375,10.33625,8.392500125,0.341416667,0.398,8.168,-0.601815023152048
12.331114,300.3333333,10.48625,8.438333333,0.338041667,0.397125,8.226,-0.615661475325658
12.694549,305.75,10.71541667,8.484166667,0.336083333,0.396708333,8.276,-0.629320391049837
12.842816,294.0833333,10.87583333,8.53625,0.334416667,0.396,8.32,-0.642787609686539
12.949062,272.9583333,10.9675,8.588333333,0.332625,0.395458333,8.358,-0.656059028990507
13.082864,176.0416667,11.07791667,8.6425,0.331666667,0.395,8.391,-0.669130606358858
13.155443,148.375,11.19458333,8.696666667,0.331583333,0.394208333,8.378,-0.681998360062498
13.232666,245.875,11.17166667,8.757083333,0.331291667,0.394,6.493,-0.694658370458997
13.286885,111.0833333,11.16541667,8.809166667,0.331,0.393125,10.893,-0.707106781186547
13.351917,219,11.3175,8.863333333,0.331,0.393,9.52,-0.719339800338651
13.405663,263,11.41333333,8.919583333,0.331,0.392166667,9.454,-0.73135370161917
13.563833,265.25,11.38833333,8.975833333,0.331083333,0.392,8.116,-0.743144825477394
13.745618,194.7083333,11.29041667,9.027916667,0.331166667,0.391125,7.853,-0.754709580222772
13.892653,281.125,11.16125,9.075833333,0.329416667,0.391,8.157,-0.766044443118978
13.677506,203.625,11.13416667,9.121666667,0.328625,0.390333333,7.95,-0.777145961456971
13.76694,216.3333333,11.26958333,9.1675,0.329583333,0.39,8.66,-0.788010753606722
13.873173,142.875,11.40708333,9.2175,0.33,0.389416667,9.027,-0.798635510047293
14.210458,198.1666667,11.58833333,9.269583333,0.330833333,0.389,8.868,-0.809016994374947
14.834034,245.9166667,11.94458333,9.32375,0.331291667,0.388666667,8.743,-0.819152044288992
14.930209,216.2083333,12.42166667,9.382083333,0.331,0.388,8.093,-0.829037572555042
14.81711,157.4166667,12.84666667,9.459166667,0.339166667,0.388,7.922,-0.838670567945424
15.081959,252.75,12.96125,9.534166667,0.347083333,0.387125,9.457,-0.848048096156426
15.283097,205.5416667,13.01125,9.615416667,0.348916667,0.387,9.3,-0.857167300702112
15.343931,270.0416667,13.06333333,9.68625,0.349541667,0.387,8.936,-0.866025403784439
15.510474,226.7083333,13.02166667,9.771666667,0.35,0.386375,9.28,-0.874619707139396
15.556995,140.2083333,13.005,9.83625,0.35,0.386,8.044,-0.882947592858927
15.684577,293,12.955,9.91125,0.35,0.386,9.812,-0.891006524188368
15.534674,273.7083333,12.88208333,9.977916667,0.35,0.385916667,8.878,-0.898794046299167
15.243828,224.875,12.76333333,10.04041667,0.350583333,0.385,9.665,-0.90630778703665
15.155264,247.2083333,12.63,10.09666667,0.352583333,0.385,10.634,-0.913545457642601
15.160491,282.7916667,12.52375,10.155,0.355208333,0.385,11.461,-0.92050485345244
15.114036,122.375,12.41541667,10.20916667,0.357,0.385,10.438,-0.927183854566787
15.306397,169.9166667,12.31541667,10.25708333,0.358916667,0.384541667,10.757,-0.933580426497202
15.20241,199.4166667,12.3175,10.305,0.363416667,0.384,11.117,-0.939692620785908
15.078,254.0833333,12.40083333,10.355,0.367083333,0.384,11.421,-0.945518575599317
15.040527,172.2916667,12.54666667,10.40083333,0.370041667,0.384,11.581,-0.951056516295154
15.092877,170.4166667,12.555,10.45083333,0.373791667,0.384,12.587,-0.956304755963035
15.169389,168.0416667,12.59666667,10.49666667,0.375791667,0.384,11.613,-0.961261695938319
15.106213,207.7916667,12.70291667,10.54041667,0.376125,0.384,11.339,-0.965925826289068
15.172592,216.875,12.85708333,10.5925,0.37675,0.384,11.642,-0.970295726275996
15.227812,150.9166667,12.9175,10.6425,0.377,0.384,12.765,-0.974370064785235
15.187881,191.5833333,13.05916667,10.69458333,0.377,0.384,12.911,-0.978147600733806
15.677379,186.2916667,13.2675,10.74666667,0.376458333,0.384,12.504,-0.981627183447664
15.657616,272.7083333,13.47791667,10.81125,0.37525,0.38375,12.106,-0.984807753012208
16.278548,223,13.61333333,10.86958333,0.373166667,0.383,11.611,-0.987688340595138
16.332031,196.7083333,13.805,10.93208333,0.37175,0.383,11.149,-0.99026806874157
16.036191,148.5833333,13.99666667,10.99458333,0.371583333,0.383,9.205,-0.992546151641322
16.159406,149.4583333,13.96333333,11.06958333,0.370791667,0.383,10.926,-0.994521895368273
16.144052,175.5,13.86125,11.12791667,0.370583333,0.383,12.1,-0.996194698091746
16.180395,231,13.73833333,11.18625,0.371541667,0.383,12.75,-0.997564050259824
16.054034,107.3333333,13.59666667,11.2425,0.370416667,0.383,11.13,-0.998629534754574
16.651156,212.875,13.46125,11.29458333,0.370583333,0.383,12.872,-0.999390827019096
16.764428,168.1666667,13.53416667,11.3425,0.371,0.382416667,12.116,-0.999847695156391
16.26859,162,13.605,11.3925,0.371875,0.382,12.696,-1
16.119755,267.0833333,13.5425,11.4425,0.372083333,0.382,12.22,-0.999847695156391
16.114728,144.4166667,13.46958333,11.49041667,0.372,0.382,11.612,-0.999390827019096
16.090301,134.375,13.38833333,11.53208333,0.372,0.382,11.822,-0.998629534754574
16.050588,173.75,13.35708333,11.56958333,0.37175,0.382,11.301,-0.997564050259824
16.116861,202.9583333,13.43208333,11.61333333,0.371791667,0.382,12.103,-0.996194698091746
16.373659,234.7083333,13.54041667,11.655,0.372,0.382,13.775,-0.994521895368273
16.554625,134.4166667,13.70291667,11.705,0.372,0.382,12.894,-0.992546151641322
16.765009,194.9583333,13.8425,11.75083333,0.37175,0.382,13.138,-0.99026806874157
17.042751,275.375,13.84458333,11.80083333,0.370583333,0.381541667,12.773,-0.987688340595138
16.871768,66.58333333,13.83416667,11.84458333,0.369916667,0.381,12.03,-0.984807753012208
16.771963,155.4166667,13.76958333,11.89041667,0.369,0.381,11.288,-0.981627183447664
16.569019,224.2916667,13.73625,11.93,0.368166667,0.381,12.863,-0.978147600733806
16.839277,262.375,13.73208333,11.9675,0.367166667,0.381,12.61,-0.974370064785235
16.879916,172.4583333,13.76333333,12.00708333,0.365583333,0.381,12.056,-0.970295726275996
16.847807,132.8333333,13.76958333,12.055,0.365,0.381,11.115,-0.965925826289068
16.86278,66.16666667,13.81958333,12.0925,0.365,0.381,11.102,-0.961261695938319
16.9426,286.4166667,13.86541667,12.13208333,0.364208333,0.380666667,12.716,-0.956304755963036
17.560765,321.4583333,13.93625,12.16958333,0.362,0.38,12.231,-0.951056516295154
17.809374,302.8333333,14.20916667,12.21333333,0.359541667,0.38,11.674,-0.945518575599317
17.629285,82.83333333,14.63208333,12.26541667,0.358,0.38,10.439,-0.939692620785908
17.447742,241.9166667,14.70291667,12.32166667,0.359125,0.38,11.979,-0.933580426497202
16.541396,128.9166667,14.53833333,12.37166667,0.367,0.38,13.675,-0.927183854566787
16.593503,271.5,14.35916667,12.41333333,0.376333333,0.38,14.928,-0.92050485345244
16.735916,291.25,14.40083333,12.45916667,0.377,0.38,14.692,-0.913545457642601
17.051884,268.3333333,14.57375,12.50916667,0.375958333,0.38,14.012,-0.90630778703665
17.325255,108.7083333,14.705,12.55708333,0.374875,0.38,12.293,-0.898794046299167
17.037116,221.4583333,14.78,12.605,0.374833333,0.38,13.805,-0.891006524188368
16.829269,185.125,14.75291667,12.655,0.377958333,0.38,12.857,-0.882947592858927
16.797312,203.0833333,14.605,12.705,0.382041667,0.38,14.249,-0.874619707139396
16.704768,178.9166667,14.50291667,12.74458333,0.383791667,0.38,12.638,-0.866025403784439
16.575,198.3333333,14.42375,12.78,0.385625,0.38,13.297,-0.857167300702112
16.44611,219.25,14.33625,12.80708333,0.388833333,0.38,13.116,-0.848048096156426
16.441298,236.7916667,14.27166667,12.855,0.392791667,0.380333333,12.542,-0.838670567945424
16.371842,130.375,14.255,12.88,0.394,0.381,12.653,-0.829037572555042
16.514535,239.9583333,14.27583333,12.905,0.395625,0.381,13.917,-0.819152044288992
16.664767,248,14.35916667,12.95083333,0.39575,0.382,14.049,-0.809016994374948
16.343589,252.9583333,14.3675,12.97791667,0.395083333,0.382,12.36,-0.798635510047293
16.215976,149.5416667,14.33,13.005,0.394458333,0.382625,13.007,-0.788010753606722
16.258094,226.2083333,14.26958333,13.0425,0.394,0.383,13.266,-0.777145961456971
16.242951,241.75,14.20083333,13.055,0.393416667,0.383,13.583,-0.766044443118978
16.337101,242.0833333,14.1425,13.09041667,0.392333333,0.3835,14.001,-0.754709580222772
16.325785,175.0416667,14.13625,13.105,0.390666667,0.384,12.498,-0.743144825477394
16.467525,224.7083333,14.16333333,13.205,0.386333333,0.384,12.598,-0.694658370458998
16.494704,218.7083333,14.22583333,13.2175,0.386,0.384,13.878,-0.681998360062499
16.406633,125.375,14.25708333,13.255,0.386,0.384,12.707,-0.669130606358858
16.424664,168.2083333,14.31125,13.25916667,0.388125,0.384,12.426,-0.656059028990508
16.164051,161.7916667,14.32375,13.305,0.393083333,0.384708333,12.656,-0.642787609686539
16.124179,191,14.23,13.305,0.396791667,0.385,12.485,-0.629320391049837
16.062913,48.5,14.12375,13.3425,0.397,0.385,12.015,-0.615661475325658
16.626313,43.41666667,14.03208333,13.355,0.400875,0.386,12.661,-0.601815023152048
16.594649,143.9583333,14.17583333,13.355,0.40775,0.386666667,12.892,-0.587785252292473
16.607336,189.4583333,14.36958333,13.38833333,0.409,0.387791667,12.048,-0.573576436351046
16.454696,109.625,14.455,13.405,0.408541667,0.388875,11.982,-0.559192903470747
16.38514,176.5416667,14.45708333,13.43833333,0.40875,0.389916667,11.982,-0.544639035015027
16.470451,185.5416667,14.47375,13.455,0.407625,0.390875,12.747,-0.529919264233205
16.594656,93.83333333,14.505,13.48625,0.405666667,0.391625,12.44,-0.515038074910054
16.613498,102.5833333,14.55291667,13.505,0.40375,0.392,10.619,-0.5
16.522726,177.5,14.53416667,13.53208333,0.402,0.392583333,11.591,-0.484809620246337
16.531994,184.3333333,14.405,13.555,0.399958333,0.393,10.906,-0.469471562785891
16.408733,197,14.25083333,13.555,0.39825,0.393,12.496,-0.453990499739547
16.427099,195.25,14.105,13.5925,0.3965,0.393,12.765,-0.438371146789078
16.173897,73.20833333,13.9675,13.605,0.394875,0.393,10.996,-0.4226182617407
16.30815,91.20833333,13.8675,13.605,0.394583333,0.393,12.41,-0.4067366430758
16.279663,104.625,14.03416667,13.605,0.3945,0.393,11.778,-0.390731128489274
16.26495,147.5833333,14.16333333,13.605,0.394,0.393,12.238,-0.374606593415912
16.272178,133.5833333,14.16333333,13.64458333,0.393041667,0.393,11.956,-0.358367949545301
16.145966,54.33333333,14.12375,13.655,0.392,0.393,11.236,-0.342020143325669
15.893191,164.0833333,14.07583333,13.655,0.392,0.393,11.382,-0.325568154457157
15.75212,157.5833333,13.99666667,13.655,0.392083333,0.393,11.746,-0.309016994374948
15.350353,135.5,13.955,13.655,0.393208333,0.393,12.494,-0.292371704722737
15.118268,162.6666667,13.87375,13.68416667,0.397666667,0.393,11.983,-0.275637355816999
14.922727,82.625,13.76125,13.705,0.401333333,0.393291667,11.802,-0.258819045102521
14.667756,159.0416667,13.54875,13.70291667,0.405166667,0.394,11.475,-0.241921895599668
14.591226,159.9166667,13.35708333,13.66125,0.406291667,0.394375,11.145,-0.224951054343865
14.557296,128.7083333,13.24666667,13.655,0.406041667,0.395,11.527,-0.20791169081776
14.521757,72.41666667,13.1425,13.655,0.406583333,0.395291667,11.26,-0.190808995376545
14.539879,171.6666667,12.96333333,13.655,0.405541667,0.396,11.363,-0.17364817766693
14.572508,137.625,12.79875,13.63208333,0.404083333,0.396,10.97,-0.156434465040231
14.580088,76.625,12.7175,13.605,0.4025,0.396,10.368,-0.139173100960065
14.568972,75.20833333,12.84458333,13.605,0.401458333,0.396958333,9.598,-0.121869343405147
14.4925,147.875,12.79875,13.57375,0.400625,0.397,11.448,-0.104528463267653
14.259045,147.25,12.67583333,13.555,0.40275,0.397,10.381,-0.0871557427476582
14.252512,58.04166667,12.7175,13.555,0.405,0.397,10.996,-0.0697564737441256
14.33933,122.2916667,12.83,13.505,0.405208333,0.397166667,11.792,-0.0523359562429443
14.301682,127.625,12.8425,13.505,0.405,0.398,11.406,-0.0348994967025016
14.287561,95.91666667,12.82583333,13.505,0.404375,0.398,10.964,-0.0174524064372835
14.216424,19.70833333,12.96958333,13.49666667,0.407375,0.398,11.67,-1.83697019872103e-16
14.143761,34.04166667,12.96125,13.455,0.413416667,0.398875,11.412,0.0174524064372831
13.955116,118.6666667,12.8425,13.455,0.414291667,0.399708333,11.099,0.0348994967025013
13.947145,122.2916667,12.73208333,13.455,0.41475,0.4005,10.83,0.0523359562429439
13.769067,65.08333333,12.61958333,13.43,0.414,0.401166667,11.001,0.0697564737441252
13.620796,121,12.61958333,13.405,0.413375,0.402,10.425,0.0871557427476579
13.552776,83,12.58833333,13.405,0.411791667,0.402166667,10.87,0.104528463267653
13.492605,14.08333333,12.51958333,13.3675,0.411041667,0.403,10.837,0.121869343405148
13.454691,96.58333333,12.47791667,13.355,0.414333333,0.403,11.257,0.139173100960065
13.451631,32.125,12.36125,13.34458333,0.414,0.403958333,10.159,0.156434465040231
13.462937,40.79166667,12.25916667,13.305,0.412666667,0.404,10.028,0.17364817766693
13.539659,75.41666667,12.305,13.305,0.411291667,0.404666667,10.436,0.190808995376544
13.512705,64.58333333,12.36958333,13.255,0.409541667,0.405,10.393,0.207911690817759
13.467018,44,12.45291667,13.255,0.408333333,0.405,10.43,0.224951054343865
13.355079,95.16666667,12.4925,13.23625,0.409916667,0.405,11.091,0.241921895599667
13.343793,53.91666667,12.47166667,13.205,0.412,0.405,10.443,0.258819045102521
13.430274,56,12.54875,13.205,0.41225,0.40525,10.268,0.275637355816999
13.457849,26.625,12.68208333,13.205,0.413,0.406,9.989,0.292371704722737
13.476418,21.91666667,12.79875,13.18208333,0.412958333,0.406,9.598,0.309016994374947
13.257823,25.25,12.77583333,13.155,0.418666667,0.406375,8.321,0.325568154457156
13.164899,64.79166667,12.64458333,13.155,0.423416667,0.408166667,9.036,0.342020143325668
13.083325,74.66666667,12.37791667,13.155,0.418,0.409333333,9.081,0.3583679495453
12.972541,20.20833333,12.14041667,13.12583333,0.419916667,0.41,9.795,0.374606593415912
12.769827,28.91666667,11.98625,13.105,0.423791667,0.411166667,9.135,0.390731128489273
12.358044,52.70833333,11.77583333,13.07791667,0.425625,0.412708333,8.81,0.406736643075801
12.264463,56.95833333,11.64875,13.055,0.424166667,0.414458333,8.767,0.4226182617407
12.261046,33.95833333,11.62166667,13.00916667,0.422125,0.41525,8.688,0.438371146789077
12.251065,52.95833333,11.66333333,12.99458333,0.421125,0.416,8.623,0.453990499739547
12.224477,54.79166667,11.705,12.93,0.418875,0.416625,9.784,0.484809620246337
12.137447,76.58333333,11.58625,12.905,0.416666667,0.417,9.533,0.5
12.193706,28.45833333,11.45708333,12.85916667,0.414208333,0.417,8.959,0.515038074910054
12.154711,54.54166667,11.55083333,12.8425,0.411791667,0.416875,9.341,0.529919264233205
12.119291,26.25,11.49041667,12.805,0.409,0.416,9.313,0.544639035015027
12.171248,28.375,11.42375,12.77583333,0.406833333,0.416,7.619,0.559192903470746
12.196522,43.54166667,11.55291667,12.755,0.404625,0.416,10.052,0.573576436351046
12.244956,43.875,11.60291667,12.71958333,0.401625,0.416,9.98,0.587785252292473
12.173343,38.08333333,11.47583333,12.705,0.399625,0.415375,9.28,0.601815023152048
11.792467,59.04166667,11.27375,12.66125,0.397625,0.415,8.677,0.615661475325659
11.548805,58.08333333,10.94875,12.63416667,0.396541667,0.415,10.245,0.629320391049838
11.330052,19.83333333,10.72375,12.59458333,0.395916667,0.414208333,8.616,0.642787609686539
11.085538,58.79166667,10.64666667,12.555,0.400875,0.414,10.749,0.656059028990507
11.038569,10.54166667,10.38416667,12.50708333,0.402541667,0.414,9.763,0.669130606358858
11.013949,33.08333333,10.255,12.45708333,0.403458333,0.414,9.504,0.681998360062498
10.816504,26.95833333,10.29666667,12.40708333,0.403041667,0.41375,9.253,0.694658370458997
10.795391,12.91666667,10.27166667,12.36125,0.407666667,0.413,8.934,0.707106781186547
10.55669,41.54166667,10.19041667,12.3175,0.41,0.413,10.02,0.719339800338651
10.540245,12.41666667,9.915416667,12.2675,0.409291667,0.413,8.551,0.731353701619171
10.50717,13.58333333,9.771666667,12.21333333,0.4085,0.413,8.528,0.743144825477394
10.512206,16.83333333,9.77375,12.16125,0.408375,0.413,8.785,0.754709580222772
10.342236,32.125,9.755,12.10708333,0.407458333,0.413,8.026,0.766044443118978
10.29033,30.91666667,9.61125,12.055,0.406333333,0.413,9.417,0.777145961456971
10.290687,18.33333333,9.4175,11.99875,0.4045,0.413,9.544,0.788010753606722
10.243923,16.79166667,9.259166667,11.94041667,0.403666667,0.413,7.773,0.798635510047293
10.528645,24.08333333,9.250833333,11.88208333,0.402708333,0.413,8.383,0.809016994374947
10.398084,14.29166667,9.505,11.82791667,0.4015,0.413,8.72,0.819152044288992
10.217728,10.375,9.73625,11.78,0.4025,0.412125,8.624,0.829037572555041
9.943534,40.54166667,9.600833333,11.73208333,0.40475,0.412,8.691,0.838670567945424
9.690385,35.08333333,9.200833333,11.68208333,0.405583333,0.412,8.299,0.848048096156425
9.409206,38.29166667,8.709166667,11.62375,0.40525,0.412,8.345,0.857167300702112
9.336134,12.375,8.34041675,11.55291667,0.404875,0.412,7.813,0.866025403784438
9.125375,32.29166667,8.232083333,11.48,0.406625,0.412,8.321,0.874619707139396
8.907347,34.95833333,8.165416771,11.40708333,0.408,0.412,8.674,0.882947592858927
8.73285,35.58333333,7.996666667,11.33208333,0.408583333,0.412,8.538,0.891006524188368
8.570266,18.875,7.777916667,11.255,0.408416667,0.412,8.751,0.898794046299167
8.484187,17.66666667,7.6424999,11.17791667,0.407958333,0.412,8.583,0.90630778703665
8.497908,23.16666667,7.58,11.09458333,0.407,0.412,7.943,0.913545457642601
8.516074,21.16666667,7.686249875,11.02166667,0.406,0.412,7.869,0.92050485345244
8.489087,28.375,7.815416667,10.9425,0.404708333,0.411875,8.32,0.927183854566787
8.522571,23.16666667,7.904999825,10.88,0.403458333,0.411,7.966,0.933580426497202
8.59754,6.916666667,8.092500083,10.8175,0.402083333,0.411,7.402,0.939692620785908
8.148188,29.875,8.369583438,10.76125,0.402666667,0.411,8.328,0.945518575599317
7.861231,30.70833333,8.267500146,10.705,0.403625,0.411,8.195,0.951056516295154
7.752325,24.16666667,7.886249983,10.64458333,0.403833333,0.411,7.985,0.956304755963036
7.351851,21.29166667,7.467499925,10.58208333,0.403,0.411,7.605,0.961261695938319
7.167018,29.79166667,7.119583296,10.50916667,0.403291667,0.411,7.352,0.965925826289068
7.112836,6.916666667,6.871666617,10.43,0.405625,0.411,7.366,0.970295726275996
6.91397,20.875,6.757083333,10.35083333,0.411958333,0.411,7.428,0.974370064785235
6.756453,19.41666667,6.682083196,10.27583333,0.414958333,0.411,7.682,0.978147600733806
6.617993,29.20833333,6.6549997,10.19041667,0.415,0.411,7.703,0.981627183447664
6.605002,18.625,6.615416604,10.11958333,0.414708333,0.411083333,7.588,0.984807753012208
6.727509,15.79166667,6.663333271,10.03625,0.414,0.412,7.285,0.987688340595138
6.90953,13.20833333,6.805,9.969583333,0.4135,0.412,7.184,0.99026806874157
6.820508,10.41666667,6.979999925,9.896666667,0.412625,0.412,6.754,0.992546151641322
7.731481,13.29166667,7.371666617,9.838333333,0.411458333,0.412,6.723,0.994521895368273
7.325636,5.583333333,7.671666617,9.788333333,0.41025,0.412,6.765,0.996194698091746
7.362366,12.41666667,7.967500013,9.746666667,0.409833333,0.412,6.859,0.997564050259824
7.295865,16.41666667,8.248750104,9.705,0.408958333,0.412,6.389,0.998629534754574
7.560592,4.958333333,8.532083333,9.675833333,0.408125,0.412,7.094,0.999390827019096
7.393502,14.66666667,8.715416667,9.655,0.415916667,0.412,7.501,0.999847695156391
7.233407,30.54166667,8.538333375,9.63625,0.418291667,0.412291667,6.9,1
7.050925,26.66666667,8.113333392,9.605,0.417375,0.413,6.425,0.999847695156391
6.933445,19.375,7.613333271,9.563333333,0.416166667,0.413,6.174,0.999390827019096
6.694584,25.45833333,7.165416629,9.519583333,0.415583333,0.413,7.077,0.998629534754574
6.636673,26.58333333,6.9299999,9.465416667,0.416291667,0.413666667,6.899,0.997564050259824
6.580728,18.625,6.855,9.405,0.420791667,0.414,6.526,0.996194698091745
6.259294,20.66666667,6.873749913,9.13625,0.424541667,0.419833333,5.894,0.996194698091746
6.101223,37.79166667,6.690416579,9.084166667,0.422416667,0.42,5.546,0.994521895368273
5.978236,36.875,6.365416604,9.03,0.420125,0.420916667,5.372,0.992546151641322
5.815527,30.41666667,5.848749938,8.9675,0.4175,0.420083333,5.438,0.99026806874157
5.762933,6.75,5.438333208,8.88625,0.414791667,0.42,5.297,0.987688340595138
5.722718,21.66666667,5.350833321,8.8175,0.414083333,0.42,5.36,0.984807753012208
5.671285,26.125,5.263333333,8.734166667,0.416791667,0.42,5.781,0.981627183447664
5.74675,12.04166667,5.161249738,8.663333333,0.416583333,0.42,5.502,0.978147600733806
5.89326,27.58333333,5.344583283,8.584166667,0.42275,0.420333333,5.382,0.974370064785235
5.988415,9.375,5.590416604,8.519583333,0.423,0.421,6.335,0.970295726275996
5.922864,32.95833333,5.819583258,8.46125,0.424625,0.421416667,6.496,0.965925826289068
5.569487,29.66666667,5.907083171,8.398750063,0.423833333,0.422,6.371,0.961261695938319
5.45746,21.83333333,5.750833333,8.342500375,0.422416667,0.422,6.721,0.956304755963035
5.304915,38.66666667,5.667499775,8.284166667,0.424875,0.422958333,6.481,0.951056516295154
5.168688,39.5,5.567499975,8.227916667,0.423208333,0.423,6.175,0.945518575599317
5.123068,16.95833333,5.421666554,8.171666667,0.421333333,0.423,5.834,0.939692620785908
5.245008,15.70833333,5.342499963,8.11333375,0.425416667,0.423416667,6.516,0.933580426497202
5.308692,28.79166667,5.542499938,8.052916688,0.425375,0.424,5.59,0.927183854566787
5.552044,38.16666667,5.877916629,8.002916667,0.423375,0.424,6.262,0.92050485345244
5.618907,42.83333333,6.188333283,7.955,0.427208333,0.424875,5.75,0.913545457642601
5.615485,41.625,6.305,7.917499775,0.425208333,0.425,5.291,0.90630778703665
5.634974,26.95833333,6.29875,7.888333133,0.422916667,0.425,5.17,0.898794046299167
5.857458,25.33333333,6.365416617,7.855,0.422333333,0.425,5,0.891006524188368
6.028077,23.04166667,6.652916629,7.813333333,0.420625,0.425,5.135,0.882947592858927
6.056161,50.79166667,7.004999963,7.805,0.420333333,0.425,4.931,0.874619707139396
6.107619,23.33333333,7.082083333,7.788333333,0.419083333,0.425,5.012,0.866025403784439
5.715465,42.75,7.013333333,7.755,0.4185,0.424541667,4.94,0.857167300702112
5.273122,183.5,4.936249975,5.9049997,0.3895,0.409,5.793,0.190808995376545
5.388969,75.04166667,4.636249925,5.859166642,0.388208333,0.409,6.15,0.17364817766693
5.635329,34.91666667,4.757083271,5.855,0.387,0.409,5.309,0.156434465040231
5.566459,116.4166667,5.048749938,5.807083333,0.388291667,0.408041667,5.367,0.139173100960066
5.64486,158.7083333,5.255,5.805,0.390833333,0.408,5.458,0.121869343405147
5.720108,163.875,5.340416629,5.805,0.391,0.408,5.44,0.104528463267653
5.886679,59.45833333,5.409166392,5.805,0.391,0.408,5.598,0.0871557427476581
5.951528,99.08333333,5.546666642,5.794583333,0.391,0.407416667,5.425,0.0697564737441255
5.989987,159.5416667,5.646666417,5.759166667,0.391,0.407,5.591,0.052335956242944
6.014571,156.9166667,5.619583246,5.755,0.391,0.407,5.872,0.0348994967025011
6.048862,169.7916667,5.594583333,5.755,0.392916667,0.407,5.768,0.0174524064372834
6.093124,183.625,5.571666667,5.755,0.394,0.407,5.777,6.12323399573677e-17
6.124653,134.5,5.500833333,5.755,0.394,0.406625,5.776,-0.0174524064372835
6.092319,46.75,5.413333208,5.755,0.393375,0.406,5.589,-0.0348994967025007
6.083706,35.70833333,5.319583333,5.755,0.396333333,0.406,5.791,-0.0523359562429436
6.105602,211.3333333,5.259166667,5.755,0.405125,0.406,6.172,-0.0697564737441253
6.159396,120.5,5.202916554,5.715416667,0.406,0.406,6.075,-0.0871557427476582
6.399204,75.125,5.190416504,5.705,0.409291667,0.406,7.015,-0.104528463267653
6.667218,198.7083333,5.402916617,5.705,0.412583333,0.406916667,6.768,-0.121869343405147
7.126015,164.0416667,5.686249875,5.705,0.4115,0.407,6.406,-0.139173100960065
6.961985,131.875,5.965416592,5.705,0.412,0.407,6.298,-0.156434465040231
7.007115,117.8333333,6.225833258,5.705,0.410958333,0.407666667,6.193,-0.17364817766693
7.193668,121.875,6.488333271,5.719583333,0.409666667,0.408,6.126,-0.190808995376545
7.286589,92.625,6.796666592,5.755,0.408416667,0.408,6.124,-0.207911690817759
7.669584,154.7916667,7.061249963,5.7675,0.406625,0.408,6.183,-0.224951054343865
7.625289,144.9166667,7.313333283,5.805,0.404666667,0.408,6.292,-0.241921895599668
7.86103,171.125,7.577916629,5.8425,0.402708333,0.408,5.951,-0.258819045102521
7.993873,70.375,7.842499925,5.882083171,0.401416667,0.4075,5.739,-0.275637355816999
8.211752,199,7.990416692,5.92999985,0.406583333,0.407,6.172,-0.292371704722737
8.370114,87.41666667,8.219583396,5.975833333,0.4095,0.40775,6.292,-0.309016994374947
8.659556,227.7916667,8.45916675,6.03,0.410583333,0.408,6.334,-0.325568154457156
8.854559,219.6666667,8.68,6.08625,0.409541667,0.408,6.363,-0.342020143325669
8.998608,179.625,8.763333333,6.140416454,0.407833333,0.408,5.906,-0.3583679495453
9.094255,183.2083333,8.7675,6.196666617,0.407,0.408,6.215,-0.374606593415912
9.191979,102.8333333,8.790416667,6.255,0.407,0.408,6.337,-0.390731128489274
9.310103,162.7083333,8.7675,6.31125,0.407,0.408,6.168,-0.4067366430758
9.433828,227.3333333,8.727916667,6.359166642,0.407166667,0.408,6.498,-0.422618261740699
9.504326,234.5416667,8.67375,6.411249738,0.408916667,0.408,6.324,-0.438371146789078
9.535376,257.5,8.563333333,6.455,0.408958333,0.408,6.583,-0.453990499739547
9.576537,243.625,8.407083583,6.502916667,0.407625,0.408,6.614,-0.469471562785891
9.628931,257.25,8.263333396,6.544583333,0.406125,0.408,6.647,-0.484809620246337
9.830878,273.625,8.184166667,6.575833333,0.404083333,0.408,6.723,-0.5
9.77135,42.5,8.171666667,6.605,0.402166667,0.407875,7.322,-0.515038074910054
9.718024,246.9583333,8.1383335,6.650833058,0.402083333,0.407,6.926,-0.529919264233205
9.863346,77.91666667,8.169583333,6.675833158,0.402583333,0.407,6.492,-0.544639035015027
10.054026,151.625,8.292500083,6.705,0.403458333,0.407,6.864,-0.559192903470747
10.228449,207.7916667,8.54875,6.755,0.402375,0.407,6.91,-0.573576436351046
10.60469,205.5833333,8.88625,6.794583333,0.400583333,0.407,6.88,-0.587785252292473
10.815465,167.5416667,9.194583333,6.8425,0.398791667,0.407,6.894,-0.601815023152048
10.93162,249.7083333,9.446666667,6.894583096,0.396708333,0.407,6.951,-0.615661475325658
10.881347,212.9166667,9.615416667,6.959166654,0.394875,0.406958333,6.658,-0.629320391049837
10.9559,247.2083333,9.58625,7.0175,0.393791667,0.406,6.933,-0.642787609686539
10.921924,177.25,9.525833333,7.07375,0.393833333,0.406,6.477,-0.656059028990507
11.010373,282.25,9.371666667,7.125833208,0.395416667,0.406,6.989,-0.669130606358858
11.136161,223.5,9.275833333,7.173749813,0.394708333,0.406,6.447,-0.681998360062498
11.436412,154,9.346666667,7.219583333,0.393625,0.406,7.087,-0.694658370458997
11.420437,129.375,9.552916667,7.271666667,0.392541667,0.405541667,7.134,-0.707106781186547
11.577996,291.625,9.634166667,7.32375,0.390875,0.405,7.16,-0.719339800338651
12.10346,236.9166667,9.634166667,7.375833208,0.388791667,0.405,7.199,-0.73135370161917
12.089346,139.5,9.7675,7.425833158,0.386708333,0.405,7.291,-0.743144825477394
12.347788,207.4166667,9.93625,7.482083333,0.384875,0.4045,7.44,-0.754709580222772
12.465744,60,10.15708333,7.538333333,0.383125,0.404,7.27,-0.766044443118978
12.413081,205.875,10.32375,7.596666667,0.382041667,0.404,7.193,-0.777145961456971
12.687742,289.375,10.29458333,7.659166417,0.382416667,0.404,7.658,-0.788010753606722
13.630448,285.1666667,10.31958333,7.715416667,0.381166667,0.403,7.56,-0.798635510047293
13.461371,303.7916667,10.59666667,7.775833333,0.379333333,0.403,7.481,-0.809016994374947
13.438498,279.2083333,10.90708333,7.838333333,0.377583333,0.403,7.45,-0.819152044288992
13.842813,269.875,11.09666667,7.913333133,0.3755,0.402,7.469,-0.829037572555042
14.242481,285.5416667,11.44458333,7.984166667,0.373458333,0.402,7.539,-0.838670567945424
14.936509,263.5833333,11.92791667,8.071666854,0.371166667,0.401625,7.664,-0.848048096156426
15.406437,299.0416667,12.405,8.161250083,0.368583333,0.401,7.857,-0.857167300702112
15.573286,293.7916667,12.86958333,8.26125,0.3655,0.400916667,8.145,-0.866025403784439
16.597176,229.75,13.23208333,8.369583563,0.363041667,0.4,8.574,-0.874619707139396
16.188716,251.75,13.48208333,8.482083333,0.361458333,0.4,8.266,-0.882947592858927
16.428369,198.375,13.62791667,8.596666667,0.360041667,0.399375,8.308,-0.891006524188368
16.730585,192.9166667,13.72166667,8.707083333,0.35875,0.399,8.28,-0.898794046299167
17.089398,228.5,13.83833333,8.819583333,0.357083333,0.398791667,8.288,-0.90630778703665
17.333546,236.125,13.94875,8.938333333,0.355875,0.398,8.326,-0.913545457642601
17.761287,307.2083333,14.07583333,9.04875,0.354125,0.398,8.326,-0.92050485345244
18.151381,284.0416667,14.31333333,9.16125,0.351458333,0.397083333,8.359,-0.927183854566787
18.372667,298.375,14.51958333,9.28,0.349,0.397,8.388,-0.933580426497202
18.403447,220,14.57166667,9.396666667,0.346875,0.396041667,8.412,-0.939692620785908
18.217271,170.2083333,14.4925,9.509166667,0.345375,0.396,8.433,-0.945518575599317
18.103756,211.2916667,14.35291667,9.619583333,0.344375,0.395125,8.452,-0.951056516295154
18.220136,243.625,14.19458333,9.725833333,0.343583333,0.395,8.165,-0.956304755963035
17.701684,44,14.03833333,9.825833333,0.342791667,0.394333333,9.127,-0.961261695938319
17.038253,264.5416667,13.83,9.915416667,0.342083333,0.394,10.5,-0.965925826289068
16.906022,168.375,13.63208333,9.99875,0.342083333,0.393625,10.32,-0.970295726275996
16.647824,251.3333333,13.41125,10.08,0.342291667,0.393,9.932,-0.974370064785235
16.446465,114,13.28,10.15291667,0.34475,0.393,10.267,-0.978147600733806
16.399173,170.5,13.14458333,10.22583333,0.346,0.392166667,10.749,-0.981627183447664
16.013343,63.83333333,13.00083333,10.28416667,0.346583333,0.392,8.927,-0.984807753012208
15.924417,230.125,12.87166667,10.3425,0.347583333,0.391875,9.195,-0.987688340595138
16.12997,296.0416667,12.78208333,10.39666667,0.348,0.391,10.484,-0.99026806874157
16.377889,303.625,12.655,10.45083333,0.346958333,0.391,10.516,-0.992546151641322
16.646634,342.3333333,12.61958333,10.50083333,0.345375,0.390458333,10.174,-0.994521895368273
17.223626,354.9583333,12.69041667,10.54875,0.343583333,0.39,9.794,-0.996194698091746
17.816032,309.7083333,12.89875,10.59458333,0.341416667,0.389625,9.41,-0.997564050259824
18.340757,322.4583333,13.24458333,10.64666667,0.3385,0.389,9.035,-0.998629534754574
18.636457,345.6666667,14.45083333,10.78625,0.332291667,0.388,8.695,-0.999847695156391
19.399659,342.6666667,15.04041667,10.88,0.329166667,0.387541667,8.68,-1
19.65331,288,15.58625,10.97791667,0.326708333,0.387,8.667,-0.999847695156391
19.29239,157.2083333,15.87375,11.09041667,0.325875,0.3865,8.655,-0.999390827019096
19.198874,332.75,15.72791667,11.1925,0.324041667,0.386,8.752,-0.998629534754574
19.761145,340.6666667,15.5925,11.2925,0.322083333,0.385541667,8.729,-0.997564050259824
19.82853,302.375,15.69458333,11.38833333,0.320541667,0.385,8.708,-0.996194698091746
19.959126,219.7916667,15.805,11.48833333,0.319708333,0.384458333,8.691,-0.994521895368273
20.206565,232.875,15.75291667,11.58625,0.318708333,0.384,8.849,-0.992546151641322
20.249562,197.875,15.76125,11.68,0.317416667,0.383541667,8.813,-0.99026806874157
20.587549,219.0833333,15.83833333,11.77166667,0.316541667,0.383,8.834,-0.987688340595138
20.583631,271.7916667,15.97583367,11.86541667,0.3155,0.382666667,8.836,-0.984807753012208
20.421153,276.875,15.98000025,11.96125,0.315125,0.382,8.82,-0.981627183447664
20.366759,126.0416667,15.93208333,12.04875,0.315,0.381916667,9.195,-0.978147600733806
20.281712,233.5416667,15.83625,12.13208333,0.31475,0.381,9.636,-0.974370064785235
20.606918,265.5,15.7425,12.22166667,0.313625,0.381,9.516,-0.970295726275996
20.223137,54.91666667,15.73,12.29875,0.313,0.380083333,8.32,-0.965925826289068
20.078957,123.7083333,15.705,12.37583333,0.313,0.38,9.33,-0.961261695938319
20.136866,201.0416667,15.6425,12.44666667,0.312541667,0.379708333,15.246,-0.956304755963036
20.289926,187.0833333,15.49666667,12.52166667,0.312791667,0.379,15.526,-0.951056516295154
20.392822,241.4166667,15.38,12.58416667,0.311916667,0.379,15.295,-0.945518575599317
20.273109,204.875,15.28416667,12.6425,0.310458333,0.378125,14.787,-0.939692620785908
20.107327,101.8333333,15.18,12.70291667,0.31,0.378,12.541,-0.933580426497202
20.150327,146.625,15.12375,12.76125,0.31,0.377708333,16.753,-0.927183854566787
20.345553,146.8333333,15.16541667,12.81333333,0.309666667,0.377,16.57,-0.92050485345244
20.411892,167,15.33,12.8675,0.31,0.377,14.914,-0.913545457642601
20.425974,195.0416667,15.44458333,12.92375,0.309416667,0.376291667,18.234,-0.90630778703665
20.379347,235.8333333,15.42791667,12.98,0.308416667,0.376,17.69,-0.898794046299167
20.175932,78.75,15.56125,13.03416667,0.308,0.375875,17.212,-0.891006524188368
19.706891,95.95833333,15.61333333,13.09041667,0.308583333,0.375,11.606,-0.882947592858927
19.556089,155.125,15.48833333,13.14458333,0.311208333,0.375,20.607,-0.874619707139396
19.556648,255.0833333,15.22583333,13.19875,0.315375,0.374833333,21.03,-0.866025403784439
19.174106,235.7916667,15.04041667,13.2425,0.318166667,0.374,19.133,-0.857167300702112
18.42121,84.875,14.89666667,13.27583333,0.321208333,0.374,14.666,-0.848048096156426
17.92702,60.375,14.73625,13.305,0.325416667,0.374,14.302,-0.838670567945424
18.009123,67.45833333,14.71541667,13.35083333,0.330958333,0.374,21.795,-0.829037572555042
18.269453,181.875,14.82791667,13.37166667,0.335625,0.373208333,8.985,-0.819152044288992
18.441495,248.5,15.00291667,13.405,0.3385,0.373,9.752,-0.809016994374948
18.432554,143.1666667,15.105,13.44875,0.33975,0.373,11.095,-0.798635510047293
18.480778,137.1666667,15.12583333,13.47791667,0.340041667,0.373,10.643,-0.788010753606722
18.387055,161.2083333,15.13208333,13.51125,0.341,0.373,15.066,-0.777145961456971
18.247995,235.75,15.02791667,13.555,0.340625,0.372083333,14.44,-0.766044443118978
18.166849,208.4583333,14.8425,13.58208333,0.3405,0.372,19.651,-0.754709580222772
18.099172,237.3333333,14.63,13.605,0.340416667,0.372,16.568,-0.743144825477394
18.003782,93.375,14.43416667,13.63,0.34,0.372,15.29,-0.731353701619171
18.289387,195.125,14.37791667,13.655,0.34,0.372,15.477,-0.719339800338651
18.300057,136.7083333,14.50916667,13.655,0.340166667,0.371833333,14.035,-0.707106781186548
17.959482,50.29166667,14.61125,13.68833333,0.341,0.371,10.123,-0.694658370458998
17.762009,133.0416667,14.71958333,13.705,0.341,0.371,17.423,-0.681998360062499
17.555243,197.3333333,14.72791667,13.72375,0.341291667,0.371,16.708,-0.669130606358858
16.872728,61.20833333,14.65708333,13.755,0.342541667,0.371,12.857,-0.656059028990508
16.868529,81,14.60916667,13.755,0.345375,0.371,14.119,-0.642787609686539
17.267391,109.0416667,14.71333333,13.79458333,0.350458333,0.371,18.447,-0.629320391049837
17.488353,82.16666667,14.905,13.805,0.354208333,0.371,19.332,-0.615661475325658
17.373942,109.125,15.05708333,13.83625,0.356166667,0.371,13.737,-0.601815023152048
17.350345,171.9583333,15.1675,13.855,0.360208333,0.370541667,13.598,-0.587785252292473
16.937539,197.2916667,15.15083333,13.90083333,0.364666667,0.37,13.057,-0.573576436351046
