tree
version=v4
num_class=1
num_tree_per_iteration=1
label_index=0
max_feature_idx=7
objective=regression
feature_names=swt sr st100 st255 sm100 sm255 doc_gwlf cyday
feature_infos=[3.3399040000000002:21.611260999999999] [3.2916666669999999:354.95833329999999] [3.4966665830000001:17.155000000000001] [5.3049999999999997:14.005000000000001] [0.308:0.428666667] [0.37:0.42599999999999999] [4.7000000000000002:21.795000000000002] [-1:1]
tree_sizes=1348 1420 1413 1418 1419 1410 1420 1420 1416 1421 1421 1427 1419 1422 1423 1412 1408 1423 1417 1424 1425 1414 1416 1420 1426 1426 1417 1413 1425 1413 1416 1416 1420 1422 1415 1421 1421 1418 1415 1418 1420 1418 1412 1413 1421 1418 1421 1418 1421 1418 1422 1419 1417 1415 1417 1424 1420 1417 1415 1415 1423 1412 1413 1424 1421 1424 1416 1424 1424 1425 1426 1413 1422 1417 1416 1418 1422 1423 1424 1418 1423 1419 1423 1410 1426 1431 1421 1424 1430 1421 1416 1427 1418 1422 1423 1428 1419 1421 1422 1424 1419 1424 1436 1419 1427 1420 1422 1432 1419 1421 1416 1416 1417 1416 1416 1415 1422 1424 1418 1420 1421 1427 1421 1422 1418 1416 1432 1415 1421 1432 1416 1422 1431 1426 1425 1432 1426 1425 1430 1424 1433 1429 1419 1422 1427 1430 1427 1419 1431 1431 1433 1419 1428 1427 1428 1428 1427 1424 1434 1436 1428 1434 1427 1425 1435 1426 1432 1427 1428 1420 1432 1422 1426 1430 1427 1421 1422 1442 1421 1420 1426 1427 1433 1424 1425 1424 1423 1426 1439 1425 1417 1427 1423 1434 1437 1439 1437 1435 1438 1430 1433 1437 1426 1425 1435 1425 1347 1346 1432 1435 1346 1346 1444 1435 1350 1351 1433 1350 1349 1433 1431 1350 1432 1434 1424 1438 1433 1430 1423 1437 1438 1418 1433 1440 1433 1440 1442 1423 1433 1422 1433 1420 1349 1426 1418 1097 1429 1420 1100 1433 1435 1435 1099 1437 1427 1100 1438 1441 1431 1432 1439 1441 1428 1439 1434 1433 1435 1443 1426 1442 1440 1428 1254 1438 1254 1253 1437 1256 1435 1442 1340 1258 1437 1104 1430 1442 1339 1343 1433 1340 1426 1436 1184 1441 1433 1435 1339 1091 1441 1342 1438 1338 1430 1433 1260 1438 1177 1428 1251 1436 1254 1425 1428 1441 1429 1346 1431 1337 1344 1427 1437 1343 1173 1433 1014 1435 1338 1428 1428 1429 1168 1429 1434 1011 1428 1438 1336 1431 1175 1433 1430 1442 1430 1431 1337 1430 1429 1431 1342 1436 1171 1431 1428 1429 1012 1265 1436 1176 1262 1441 1435 1171 1263 1437 1259 1266 1436 1441 1441 1341 1266 1264 1423 1425 1262 1432 1254 1264 1434 1435 1262 1435 1430 1259 1265 1432 1265 1261 1434 1433 1258 1263 1435 1262 1260 1435 1430 1256 1261 931 1265 929 1432 1261 932 1262 933 1347 931 1260 1175 932 1439 1341 1429 927 1344 1434 1440 1431 933 1179 1439 1176 1269 1433 930 1429 1438 1440 933 1431 1178 930 1440 1271 1436 1435 1265 930 1439 931 1268 1431 1437 1439 1267 929 1272 1431 1436 931 1440 1267 1441 931 1182 930 1433 1271 1438 1439 932 1438 1268 930 1270 1442 1441 929 1437 1269 1440 927 1101 1185 927 1436 932 932 1437 1439 928 1270 1434 930 1268 1102 1434 927 1103 1428 931 1187 1348 935 1102 935 1268 1273

Tree=0
num_leaves=15
num_cat=0
split_feature=1 6 0 0 5 2 3 6 5 0 4 0 7 3
split_gain=17431.1 11063.6 8800.74 6488.68 4767.23 4050.15 4671.29 3618.58 4185.09 3087.97 2568.61 2814.74 1963.32 2801.82
threshold=59.229166670000005 8.9920000000000027 6.5732785000000007 17.711920000000003 0.40368750000000003 13.685208330000002 13.703958335000001 10.348500000000001 0.41495833350000005 15.334159000000001 0.35022916650000008 15.998122000000002 -0.5591929034707469 7.3018750000000008
decision_type=2 2 2 2 2 2 2 2 2 2 2 2 2 2
left_child=2 10 -1 5 -4 9 -7 8 -6 -3 11 -2 -12 -14
right_child=1 3 4 -5 7 6 -8 -9 -10 -11 12 -13 13 -15
leaf_value=59.502713880797408 59.620091412955198 59.545163535270646 59.530468002627622 59.463097599152107 59.662686045959909 59.611246289952199 59.516449315347352 59.542828191920322 59.570047726390719 59.482056460812558 59.441214007971411 59.474064670764399 59.459225500498327 59.518113245442997
leaf_weight=187 22 168 109 143 133 127 88 64 77 144 282 33 290 112
leaf_count=187 22 168 109 143 133 127 88 64 77 144 282 33 290 112
internal_value=59.5123 59.4934 59.5589 59.5228 59.5864 59.5391 59.5724 59.6087 59.6287 59.516 59.4667 59.5325 59.4614 59.4756
internal_weight=1979 1409 570 670 383 527 215 274 210 312 739 55 684 402
internal_count=1979 1409 570 670 383 527 215 274 210 312 739 55 684 402
is_linear=0
shrinkage=1


Tree=1
num_leaves=15
num_cat=0
split_feature=1 6 0 0 5 2 3 6 5 0 4 0 7 3
split_gain=17084.3 10843.5 8625.61 6359.56 4672.36 3969.55 4578.33 3546.57 4101.8 3026.52 2517.49 2758.73 1924.25 2746.06
threshold=59.229166670000005 8.9920000000000027 6.5732785000000007 17.711920000000003 0.40368750000000003 13.685208330000002 13.703958335000001 10.348500000000001 0.41495833350000005 15.334159000000001 0.35022916650000008 15.998122000000002 -0.5591929034707469 7.3018750000000008
decision_type=2 2 2 2 2 2 2 2 2 2 2 2 2 2
left_child=2 10 -1 5 -4 9 -7 8 -6 -3 11 -2 -12 -14
right_child=1 3 4 -5 7 6 -8 -9 -10 -11 12 -13 13 -15
leaf_value=-0.0094770945827750593 0.10672666462984952 0.032548063428008131 0.01799948560398653 -0.048697212802936561 0.14889535566077644 0.097969994009765762 0.0041209866868501359 0.030236073467967799 0.057183413135927993 -0.029927940559056072 -0.070361966312671387 -0.03783981357348349 -0.052530591006936696 0.0057682786349739345
leaf_weight=187 22 168 109 143 133 127 88 64 77 144 282 33 290 112
leaf_count=187 22 168 109 143 133 127 88 64 77 144 282 33 290 112
internal_value=5.05954e-10 -0.0186878 0.0461948 0.0104471 0.0733767 0.0264958 0.0595574 0.0954063 0.115268 0.00371298 -0.0451023 0.0199868 -0.0503361 -0.0362881
internal_weight=1979 1409 570 670 383 527 215 274 210 312 739 55 684 402
internal_count=1979 1409 570 670 383 527 215 274 210 312 739 55 684 402
is_linear=0
shrinkage=0.01


Tree=2
num_leaves=15
num_cat=0
split_feature=1 6 0 0 5 2 6 5 4 4 0 7 3 0
split_gain=16744.3 10627.7 8453.96 6233 4579.38 3902.92 3476 4020.18 2723.32 2467.39 2703.83 1885.96 2691.41 1775.24
threshold=59.229166670000005 8.9920000000000027 6.5732785000000007 17.711920000000003 0.40368750000000003 14.130000000000001 10.348500000000001 0.41495833350000005 0.38556250000000003 0.35022916650000008 15.998122000000002 -0.5591929034707469 7.3018750000000008 15.406943500000002
decision_type=2 2 2 2 2 2 2 2 2 2 2 2 2 2
left_child=2 9 -1 5 -4 13 7 -6 -7 10 -2 -11 -13 -3
right_child=1 3 4 -5 6 8 -8 -9 -10 11 -12 12 -14 -15
leaf_value=-0.0093823230589296733 0.10565939816561612 0.033835786063732075 0.017819490506390638 -0.0482102408027602 0.14740640229300447 0.015859932055553565 0.029933712595084216 0.056611577562697524 0.10815430239022497 -0.069658349523624624 -0.037461415513446839 -0.052005286019423912 0.0057105934726340438 -0.0089489242448299016
leaf_weight=187 22 176 109 143 133 52 64 77 83 282 33 290 112 216
leaf_count=187 22 176 109 143 133 52 64 77 83 282 33 290 112 216
internal_value=-2.61387e-10 -0.0185009 0.0457329 0.0103427 0.0726429 0.0262308 0.0944522 0.114115 0.0726039 -0.0446513 0.0197869 -0.0498328 -0.0359252 0.0102605
internal_weight=1979 1409 570 670 383 527 274 210 135 739 55 684 402 392
internal_count=1979 1409 570 670 383 527 274 210 135 739 55 684 402 392
is_linear=0
shrinkage=0.01


Tree=3
num_leaves=15
num_cat=0
split_feature=1 6 0 0 5 2 3 6 5 0 4 0 7 3
split_gain=16411.1 10416.2 8285.73 6108.96 4488.25 3849.72 4456.64 3406.82 3940.18 2925.96 2418.29 2650.02 1848.43 2637.86
threshold=59.229166670000005 8.9920000000000027 6.5732785000000007 17.711920000000003 0.40368750000000003 13.685208330000002 13.703958335000001 10.348500000000001 0.41495833350000005 15.334159000000001 0.35022916650000008 15.998122000000002 -0.5591929034707469 7.3018750000000008
decision_type=2 2 2 2 2 2 2 2 2 2 2 2 2 2
left_child=2 10 -1 5 -4 9 -7 8 -6 -3 11 -2 -12 -14
right_child=1 3 4 -5 7 6 -8 -9 -10 -11 12 -13 13 -15
leaf_value=-0.0092884991630752464 0.10460280331698331 0.031884224625038253 0.017641296020558521 -0.047728137360117238 0.14593233120580434 0.096425952155759026 0.00383259198628366 0.029634375842797454 0.056045462109825826 -0.029545112216017314 -0.06896176276847403 -0.037086801616982981 -0.051485231399536133 0.0056534874545676374
leaf_weight=187 22 168 109 143 133 127 88 64 77 144 282 33 290 112
leaf_count=187 22 168 109 143 133 127 88 64 77 144 282 33 290 112
internal_value=8.66299e-11 -0.0183159 0.0452755 0.0102392 0.0719165 0.0259685 0.0585273 0.0935077 0.112974 0.00353222 -0.0442048 0.019589 -0.0493344 -0.035566
internal_weight=1979 1409 570 670 383 527 215 274 210 312 739 55 684 402
internal_count=1979 1409 570 670 383 527 215 274 210 312 739 55 684 402
is_linear=0
shrinkage=0.01


Tree=4
num_leaves=15
num_cat=0
split_feature=1 6 0 0 5 2 3 6 5 0 4 0 7 3
split_gain=16084.5 10208.9 8120.84 5987.4 4398.93 3773.12 4367.95 3339.03 3861.77 2867.74 2370.17 2597.29 1811.64 2585.36
threshold=59.229166670000005 8.9920000000000027 6.5732785000000007 17.711920000000003 0.40368750000000003 13.685208330000002 13.703958335000001 10.348500000000001 0.41495833350000005 15.334159000000001 0.35022916650000008 15.998122000000002 -0.5591929034707469 7.3018750000000008
decision_type=2 2 2 2 2 2 2 2 2 2 2 2 2 2
left_child=2 10 -1 5 -4 9 -7 8 -6 -3 11 -2 -12 -14
right_child=1 3 4 -5 7 6 -8 -9 -10 -11 12 -13 13 -15
leaf_value=-0.0091956137186464133 0.10355677517977627 0.031565383750324451 0.017464882453749761 -0.047250857610594145 0.14447301508676738 0.095461694391693649 0.0037942668414590037 0.029338031930383295 0.055485009032410465 -0.029249661527574064 -0.06827214819636751 -0.036715932870001508 -0.050970379743082772 0.0055969532259872983
leaf_weight=187 22 168 109 143 133 127 88 64 77 144 282 33 290 112
leaf_count=187 22 168 109 143 133 127 88 64 77 144 282 33 290 112
internal_value=2.64225e-10 -0.0181327 0.0448228 0.0101369 0.0711973 0.0257088 0.057942 0.0925726 0.111844 0.0034969 -0.0437628 0.0193932 -0.0488411 -0.0352103
internal_weight=1979 1409 570 670 383 527 215 274 210 312 739 55 684 402
internal_count=1979 1409 570 670 383 527 215 274 210 312 739 55 684 402
is_linear=0
shrinkage=0.01


Tree=5
num_leaves=15
num_cat=0
split_feature=1 6 0 0 5 2 6 5 4 4 0 7 3 3
split_gain=15764.4 10005.8 7959.24 5868.25 4311.39 3712.98 3272.58 3784.92 2613.57 2323 2545.6 1775.59 2533.91 1700.48
threshold=59.229166670000005 8.9920000000000027 6.5732785000000007 17.711920000000003 0.40368750000000003 14.130000000000001 10.348500000000001 0.41495833350000005 0.38556250000000003 0.35022916650000008 15.998122000000002 -0.5591929034707469 7.3018750000000008 13.738333335000002
decision_type=2 2 2 2 2 2 2 2 2 2 2 2 2 2
left_child=2 9 -1 5 -4 13 7 -6 -7 10 -2 -11 -13 -3
right_child=1 3 4 -5 6 8 -8 -9 -10 11 -12 12 -14 -15
leaf_value=-0.0091036580136434272 0.10252120884982022 0.019075066350952713 0.017290234118016487 -0.0467783498097133 0.1430282783866825 0.01509354310683333 0.029044651004805928 0.054930157847218705 0.10550908542541138 -0.067589425227228314 -0.036348773493911281 -0.050460676933157034 0.0055409825273922513 -0.037275972224306314
leaf_weight=187 22 328 109 143 133 52 64 77 83 282 33 290 112 64
leaf_count=187 22 328 109 143 133 52 64 77 83 282 33 290 112 64
internal_value=-4.79086e-10 -0.0179514 0.0443745 0.0100355 0.0704853 0.0254518 0.0916469 0.110726 0.0706824 -0.0433251 0.0191992 -0.0483527 -0.0348582 0.0098749
internal_weight=1979 1409 570 670 383 527 274 210 135 739 55 684 402 392
internal_count=1979 1409 570 670 383 527 274 210 135 739 55 684 402 392
is_linear=0
shrinkage=0.01


Tree=6
num_leaves=15
num_cat=0
split_feature=1 6 0 0 5 2 3 6 5 0 4 0 7 3
split_gain=15450.7 9806.64 7800.85 5751.47 4225.6 3658.47 4231.31 3207.46 3709.6 2817.12 2276.77 2494.95 1740.26 2483.49
threshold=59.229166670000005 8.9920000000000027 6.5732785000000007 17.711920000000003 0.40368750000000003 13.685208330000002 13.703958335000001 10.348500000000001 0.41495833350000005 15.246458500000001 0.35022916650000008 15.998122000000002 -0.5591929034707469 7.3018750000000008
decision_type=2 2 2 2 2 2 2 2 2 2 2 2 2 2
left_child=2 10 -1 5 -4 9 -7 8 -6 -3 11 -2 -12 -14
right_child=1 3 4 -5 7 6 -8 -9 -10 -11 12 -13 13 -15
leaf_value=-0.0090126217104853166 0.10149599812247537 0.032054654453521125 0.017117332133267996 -0.04631056598042483 0.14159799573116733 0.093865038652823668 0.003642880842089653 0.028754204008146191 0.054380855986050199 -0.028103321491671888 -0.066913531789331571 -0.035985285779743484 -0.049956069892850417 0.005485573591930526
leaf_weight=187 22 163 109 143 133 127 88 64 77 149 282 33 290 112
leaf_count=187 22 163 109 143 133 127 88 64 77 149 282 33 290 112
internal_value=-4.34272e-10 -0.0177719 0.0439308 0.00993513 0.0697805 0.0251972 0.0569369 0.0907304 0.109618 0.00332536 -0.0428919 0.0190072 -0.0478691 -0.0345096
internal_weight=1979 1409 570 670 383 527 215 274 210 312 739 55 684 402
internal_count=1979 1409 570 670 383 527 215 274 210 312 739 55 684 402
is_linear=0
shrinkage=0.01


Tree=7
num_leaves=15
num_cat=0
split_feature=1 6 0 0 5 2 3 6 5 0 4 0 7 3
split_gain=15143.2 9611.49 7645.61 5637.01 4141.51 3585.66 4147.1 3143.63 3635.78 2761.71 2231.47 2445.3 1705.63 2434.07
threshold=59.229166670000005 8.9920000000000027 6.5732785000000007 17.711920000000003 0.40368750000000003 13.685208330000002 13.703958335000001 10.348500000000001 0.41495833350000005 15.334159000000001 0.35022916650000008 15.998122000000002 -0.5591929034707469 7.3018750000000008
decision_type=2 2 2 2 2 2 2 2 2 2 2 2 2 2
left_child=2 10 -1 5 -4 9 -7 8 -6 -3 11 -2 -12 -14
right_child=1 3 4 -5 7 6 -8 -9 -10 -11 12 -13 13 -15
leaf_value=-0.0089224969519969607 0.10048103397542781 0.030836837064430474 0.016946157467884755 -0.04584745939156705 0.14018201731649557 0.092926388095448328 0.0036064520418982618 0.02846666205659858 0.053837048121086965 -0.028843404513059393 -0.066244395780013815 -0.035625432111097102 -0.049456508636474605 0.0054307182133197787
leaf_weight=187 22 168 109 143 133 127 88 64 77 144 282 33 290 112
leaf_count=187 22 168 109 143 133 127 88 64 77 144 282 33 290 112
internal_value=-4.14897e-10 -0.0175941 0.0434915 0.00983578 0.0690827 0.0249453 0.0563675 0.0898231 0.108522 0.00329211 -0.042463 0.0188172 -0.0473904 -0.0341645
internal_weight=1979 1409 570 670 383 527 215 274 210 312 739 55 684 402
internal_count=1979 1409 570 670 383 527 215 274 210 312 739 55 684 402
is_linear=0
shrinkage=0.01


Tree=8
num_leaves=15
num_cat=0
split_feature=1 6 0 0 5 2 6 5 4 4 0 7 3 3
split_gain=14841.9 9420.22 7493.46 5524.84 4059.09 3532.35 3081.07 3563.42 2508.53 2187.06 2396.63 1671.68 2385.63 1662.89
threshold=59.229166670000005 8.9920000000000027 6.5732785000000007 17.711920000000003 0.40368750000000003 14.130000000000001 10.348500000000001 0.41495833350000005 0.38556250000000003 0.35022916650000008 15.998122000000002 -0.5591929034707469 7.3018750000000008 13.738333335000002
decision_type=2 2 2 2 2 2 2 2 2 2 2 2 2 2
left_child=2 9 -1 5 -4 13 7 -6 -7 10 -2 -11 -13 -3
right_child=1 3 4 -5 6 8 -8 -9 -10 11 -12 12 -14 -15
leaf_value=-0.00883327133993414 0.099476223642175857 0.018600480610095872 0.016776697029351095 -0.04538898389656227 0.13878019538140834 0.014352203852568681 0.028181996857747436 0.053298677422783589 0.10293218457555198 -0.065581950707854844 -0.035269178775223821 -0.048961942672729492 0.0053764134432588307 -0.037124180555983911
leaf_weight=187 22 328 109 143 133 52 64 77 83 282 33 290 112 64
leaf_count=187 22 328 109 143 133 52 64 77 83 282 33 290 112 64
internal_value=1.72166e-10 -0.0174182 0.0430566 0.00973742 0.0683918 0.0246958 0.0889249 0.107437 0.0688125 -0.0420383 0.018629 -0.0469165 -0.0338229 0.00950258
internal_weight=1979 1409 570 670 383 527 274 210 135 739 55 684 402 392
internal_count=1979 1409 570 670 383 527 274 210 135 739 55 684 402 392
is_linear=0
shrinkage=0.01


Tree=9
num_leaves=15
num_cat=0
split_feature=1 6 0 0 5 2 3 6 5 0 4 0 7 3
split_gain=14546.5 9232.76 7344.34 5414.89 3978.32 3476.85 4016.94 3019.76 3492.51 2713.32 2143.54 2348.94 1638.42 2338.16
threshold=59.229166670000005 8.9920000000000027 6.5732785000000007 17.711920000000003 0.40368750000000003 13.685208330000002 13.703958335000001 10.348500000000001 0.41495833350000005 15.246458500000001 0.35022916650000008 15.998122000000002 -0.5591929034707469 7.3018750000000008
decision_type=2 2 2 2 2 2 2 2 2 2 2 2 2 2
left_child=2 10 -1 5 -4 9 -7 8 -6 -3 11 -2 -12 -14
right_child=1 3 4 -5 7 6 -8 -9 -10 -11 12 -13 13 -15
leaf_value=-0.00874493889948901 0.098481463519009674 0.031321783067624266 0.016608930095483403 -0.044935094819410701 0.1373923906482252 0.091371237850330009 0.0034642140448770745 0.027900176410330459 0.052765691261012833 -0.027717446870851838 -0.064926134159091653 -0.034916486911701433 -0.048472324297345923 0.0053226461793695178
leaf_weight=187 22 163 109 143 133 127 88 64 77 149 282 33 290 112
leaf_count=187 22 163 109 143 133 127 88 64 77 149 282 33 290 112
internal_value=-7.87198e-10 -0.017244 0.042626 0.00964005 0.0677079 0.0244489 0.0553907 0.0880356 0.106363 0.00312677 -0.0416179 0.0184427 -0.0464474 -0.0334847
internal_weight=1979 1409 570 670 383 527 215 274 210 312 739 55 684 402
internal_count=1979 1409 570 670 383 527 215 274 210 312 739 55 684 402
is_linear=0
shrinkage=0.01


Tree=10
num_leaves=15
num_cat=0
split_feature=1 6 0 0 5 3 3 5 6 5 4 0 7 3
split_gain=14257 9049.02 7198.19 5307.14 3899.15 3417.88 7120.18 6807.78 2959.67 3423.01 2100.88 2302.2 1605.81 2291.63
threshold=59.229166670000005 8.9920000000000027 6.5732785000000007 17.711920000000003 0.40368750000000003 12.506041665000003 13.703958335000001 0.38660416700000005 10.348500000000001 0.41495833350000005 0.35022916650000008 15.998122000000002 -0.5591929034707469 7.3018750000000008
decision_type=2 2 2 2 2 2 2 2 2 2 2 2 2 2
left_child=2 10 -1 5 -4 7 -7 -3 9 -6 11 -2 -12 -14
right_child=1 3 4 -5 8 6 -8 -9 -10 -11 12 -13 13 -15
leaf_value=-0.0086574899387311804 0.097496650218963629 0.1005897068977356 0.0164428407322923 -0.044485743195860537 0.13601846920816521 0.096712857659520785 -0.006724268000542633 -0.027397297909438324 0.027621174281812273 0.052238034250867829 -0.064276872699459392 -0.034567322153033632 -0.047987601148671122 0.0052694211687360493
leaf_weight=187 22 52 109 143 133 145 123 207 64 77 282 33 290 112
leaf_count=187 22 52 109 143 133 145 123 207 64 77 282 33 290 112
internal_value=-5.8686e-10 -0.0170716 0.0421998 0.00954365 0.0670308 0.0242044 0.0492398 -0.00170107 0.0871553 0.105299 -0.0412018 0.0182583 -0.0459829 -0.0331498
internal_weight=1979 1409 570 670 383 527 268 259 274 210 739 55 684 402
internal_count=1979 1409 570 670 383 527 268 259 274 210 739 55 684 402
is_linear=0
shrinkage=0.01


Tree=11
num_leaves=15
num_cat=0
split_feature=1 6 0 0 5 2 3 6 5 0 4 0 7 3
split_gain=13973.3 8868.95 7054.95 5201.53 3821.55 3370.58 3864.36 2900.77 3354.89 2616.15 2059.07 2256.38 1573.86 2246.02
threshold=59.229166670000005 8.9920000000000027 6.5732785000000007 17.711920000000003 0.40368750000000003 13.685208330000002 13.703958335000001 10.348500000000001 0.41495833350000005 15.334159000000001 0.35022916650000008 15.998122000000002 -0.5591929034707469 7.3018750000000008
decision_type=2 2 2 2 2 2 2 2 2 2 2 2 2 2
left_child=2 10 -1 5 -4 9 -7 8 -6 -3 11 -2 -12 -14
right_child=1 3 4 -5 7 6 -8 -9 -10 -11 12 -13 13 -15
leaf_value=-0.0085709146732952501 0.096521681872281162 0.029777636699201096 0.016278411636658767 -0.044040887605893857 0.13465828275322017 0.089718218746147757 0.0034968159110708671 0.027344962181523443 0.051715654090724206 -0.028308542004475992 -0.063634102957600608 -0.034221649007363755 -0.047507723911055198 0.0052167281402008868
leaf_weight=187 22 168 109 143 133 127 88 64 77 144 282 33 290 112
leaf_count=187 22 168 109 143 133 127 88 64 77 144 282 33 290 112
internal_value=-4.48315e-10 -0.0169009 0.0417778 0.00944821 0.0663605 0.0239623 0.0544276 0.0862837 0.104246 0.00296863 -0.0407897 0.0180757 -0.0455231 -0.0328183
internal_weight=1979 1409 570 670 383 527 215 274 210 312 739 55 684 402
internal_count=1979 1409 570 670 383 527 215 274 210 312 739 55 684 402
is_linear=0
shrinkage=0.01


Tree=12
num_leaves=15
num_cat=0
split_feature=1 6 0 0 5 2 6 5 4 4 0 3 7 3
split_gain=13695.3 8692.46 6914.55 5098.02 3745.51 3316.68 2843.04 3288.13 2375.61 2018.1 2211.48 1611.44 1542.54 2201.33
threshold=59.229166670000005 8.9920000000000027 6.5732785000000007 17.711920000000003 0.40368750000000003 14.130000000000001 10.348500000000001 0.41495833350000005 0.38556250000000003 0.35022916650000008 15.998122000000002 13.738333335000002 -0.5591929034707469 7.3018750000000008
decision_type=2 2 2 2 2 2 2 2 2 2 2 2 2 2
left_child=2 9 -1 5 -4 11 7 -6 -7 10 -2 -3 -11 -14
right_child=1 3 4 -5 6 8 -8 -9 -10 12 -12 -13 13 -15
leaf_value=-0.0084852056448313003 0.095556468096646391 0.017956653854287252 0.016115628252609059 -0.043600477926380984 0.13331170605313511 0.013473519479426056 0.027071512681141031 0.051198497063468226 0.099674860698631018 -0.062997760452637247 -0.033879432515664533 -0.036899275728210341 -0.047032647930342578 0.0051645576953887945
leaf_weight=187 22 328 109 143 133 52 64 77 83 282 33 64 290 112
leaf_count=187 22 328 109 143 133 52 64 77 83 282 33 64 290 112
internal_value=3.99659e-11 -0.0167319 0.04136 0.00935373 0.0656969 0.0237227 0.0854209 0.103204 0.0664714 -0.0403818 0.0178949 0.00900058 -0.0450678 -0.0324901
internal_weight=1979 1409 570 670 383 527 274 210 135 739 55 392 684 402
internal_count=1979 1409 570 670 383 527 274 210 135 739 55 392 684 402
is_linear=0
shrinkage=0.01


Tree=13
num_leaves=15
num_cat=0
split_feature=1 6 0 0 5 3 3 5 6 5 4 0 7 3
split_gain=13422.7 8519.48 6776.95 4996.56 3670.97 3297.63 6827.54 6635.07 2786.47 3222.7 1977.94 2167.47 1511.84 2157.52
threshold=59.229166670000005 8.9920000000000027 6.5732785000000007 17.711920000000003 0.40368750000000003 12.506041665000003 13.703958335000001 0.38660416700000005 10.348500000000001 0.41495833350000005 0.35022916650000008 15.998122000000002 -0.5591929034707469 7.3018750000000008
decision_type=2 2 2 2 2 2 2 2 2 2 2 2 2 2
left_child=2 10 -1 5 -4 7 -7 -3 9 -6 11 -2 -12 -14
right_child=1 3 4 -5 8 6 -8 -9 -10 -11 12 -13 13 -15
leaf_value=-0.0084003519406293178 0.09460090377114036 0.099024740549234241 0.015954471048685387 -0.043164471832813918 0.13197858710038035 0.094563753907022804 -0.006725393098786594 -0.027328312714102767 0.026800797880423489 0.050686511206743008 -0.062367782332795739 -0.033540638323986169 -0.046562319973419454 0.0051129136766706199
leaf_weight=187 22 52 109 143 133 145 123 207 64 77 282 33 290 112
leaf_count=187 22 52 109 143 133 145 123 207 64 77 282 33 290 112
internal_value=5.32068e-10 -0.0165645 0.0409464 0.00926019 0.06504 0.0234855 0.0480766 -0.00196013 0.0845667 0.102171 -0.039978 0.017716 -0.0446172 -0.0321652
internal_weight=1979 1409 570 670 383 527 268 259 274 210 739 55 684 402
internal_count=1979 1409 570 670 383 527 268 259 274 210 739 55 684 402
is_linear=0
shrinkage=0.01


Tree=14
num_leaves=15
num_cat=0
split_feature=1 6 0 0 5 2 3 6 5 7 4 0 7 3
split_gain=13155.6 8349.94 6642.09 4897.13 3597.92 3232.71 3673.13 2731.02 3158.57 2538.95 1938.58 2124.34 1481.76 2114.59
threshold=59.229166670000005 8.9920000000000027 6.5732785000000007 17.711920000000003 0.40368750000000003 13.685208330000002 13.703958335000001 10.348500000000001 0.41495833350000005 -0.25037047035109417 0.35022916650000008 15.998122000000002 -0.5591929034707469 7.3018750000000008
decision_type=2 2 2 2 2 2 2 2 2 2 2 2 2 2
left_child=2 10 -1 5 -4 9 -7 8 -6 -3 11 -2 -12 -14
right_child=1 3 4 -5 7 6 -8 -9 -10 -11 12 -13 13 -15
leaf_value=-0.0083163502605203641 0.093654890927401466 -0.018508118971144384 0.015794927440925473 -0.042732828664821344 0.13065879836454428 0.087492636186400741 0.0034317481907253917 0.02653279004870001 0.050179647206292526 0.04107794030561103 -0.061744104821419885 -0.033205231455239383 -0.046096697059170959 0.0050617867495332449
leaf_weight=187 22 201 109 143 133 127 88 64 77 111 282 33 290 112
leaf_count=187 22 201 109 143 133 127 88 64 77 111 282 33 290 112
internal_value=7.19894e-11 -0.0163989 0.0405369 0.00916759 0.0643896 0.0232506 0.0530863 0.083721 0.10115 0.00269077 -0.0395782 0.0175388 -0.044171 -0.0318436
internal_weight=1979 1409 570 670 383 527 215 274 210 312 739 55 684 402
internal_count=1979 1409 570 670 383 527 215 274 210 312 739 55 684 402
is_linear=0
shrinkage=0.01


Tree=15
num_leaves=15
num_cat=0
split_feature=1 6 0 0 5 3 3 5 6 5 4 0 3 6
split_gain=12893.8 8183.77 6509.91 4799.68 3526.32 3183.38 6618.09 6474.3 2676.67 3095.71 1900 2082.07 1476.02 2851.75
threshold=59.229166670000005 8.9920000000000027 6.5732785000000007 17.711920000000003 0.40368750000000003 12.506041665000003 13.703958335000001 0.38660416700000005 10.348500000000001 0.41495833350000005 0.35022916650000008 15.998122000000002 7.4560416665000009 6.5500000000000007
decision_type=2 2 2 2 2 2 2 2 2 2 2 2 2 2
left_child=2 10 12 5 -4 7 -7 -3 9 -6 11 -2 -1 -14
right_child=1 3 4 -5 8 6 -8 -9 -10 -11 -12 -13 13 -15
leaf_value=-0.051203397832079126 0.09271834286776455 0.097771107233487642 0.015636977800808916 -0.042305500120758177 0.12935221024872945 0.092948053154452093 -0.006775357966515713 -0.027041783156458304 0.026267461736279075 0.049677850162828129 -0.04372928394655539 -0.032873179415861764 0.085929051248563648 -0.018585906314222436
leaf_weight=56 22 52 109 143 133 145 123 207 64 77 684 33 36 95
leaf_count=56 22 52 109 143 133 145 123 207 64 77 684 33 36 95
internal_value=2.4989e-11 -0.0162349 0.0401315 0.00907591 0.0637457 0.0230181 0.0471795 -0.00198282 0.0828838 0.100138 -0.0391825 0.0173634 -0.00823318 0.0101358
internal_weight=1979 1409 570 670 383 527 268 259 274 210 739 55 187 131
internal_count=1979 1409 570 670 383 527 268 259 274 210 739 55 187 131
is_linear=0
shrinkage=0.01


Tree=16
num_leaves=15
num_cat=0
split_feature=1 3 4 5 0 5 4 6 5 5 7 3 6 7
split_gain=12637.2 8025.67 9263.73 6404.18 6380.37 3456.15 2824.26 2623.4 3034.11 2501 3305.47 1446.65 2795 1276.53
threshold=59.229166670000005 12.003958330000001 0.39147916650000009 0.38660416700000005 6.5732785000000007 0.40368750000000003 0.33568750000000008 10.348500000000001 0.41495833350000005 0.39862500000000006 -0.078456108245891901 7.4560416665000009 6.5500000000000007 -0.63605400036818815
decision_type=2 2 2 2 2 2 2 2 2 2 2 2 2 2
left_child=4 3 -3 -2 11 -6 -5 8 -7 10 -4 -1 -13 -8
right_child=1 2 9 6 5 7 13 -9 -10 -11 -12 12 -14 -15
leaf_value=-0.050691365940895468 0.069984980968006871 -0.024334892305835593 0.130435444197537 0.07253472891720858 0.015480607549805162 0.12805869469965311 -0.054177825599569393 0.026004787712008693 0.049181072789353214 0.033703457677466242 -0.010352093651890755 0.085069755117098481 -0.01840004724734708 -0.029907806501767348
leaf_weight=56 57 244 81 22 109 133 439 64 77 117 21 36 95 428
leaf_count=56 57 244 81 22 109 133 439 64 77 117 21 36 95 428
internal_value=5.097e-10 -0.0160726 0.018042 -0.0327692 0.0397302 0.0631082 -0.0393575 0.0820549 0.0991369 0.0652565 0.10145 -0.00815085 0.0100344 -0.0421968
internal_weight=1979 1409 463 946 570 383 889 274 210 219 102 187 131 867
internal_count=1979 1409 463 946 570 383 889 274 210 219 102 187 131 867
is_linear=0
shrinkage=0.01


Tree=17
num_leaves=15
num_cat=0
split_feature=1 6 0 0 5 2 3 6 5 0 4 0 7 3
split_gain=12385.7 7895.88 6253.4 4652.98 3387.37 3078.82 3491.99 2571.2 2973.73 2421.13 1829.94 2028.25 1431.54 2069.91
threshold=59.229166670000005 8.9920000000000027 6.5732785000000007 17.711920000000003 0.40368750000000003 13.685208330000002 13.703958335000001 10.348500000000001 0.41495833350000005 15.334159000000001 0.35022916650000008 15.998122000000002 -0.5591929034707469 7.3018750000000008
decision_type=2 2 2 2 2 2 2 2 2 2 2 2 2 2
left_child=2 10 -1 5 -4 9 -7 8 -6 -3 11 -2 -12 -14
right_child=1 3 4 -5 7 6 -8 -9 -10 -11 12 -13 13 -15
leaf_value=-0.0080693460271798363 0.091416147838939324 0.028403173283939914 0.015325802005485658 -0.04164031434804201 0.12677810539652529 0.085341406016368568 0.0033793770394880663 0.02574473980232142 0.048689261578120195 -0.027476040108336344 -0.060187156307411956 -0.032541554633415112 -0.044899359012472218 0.0057158620974847255
leaf_weight=187 22 168 109 143 133 127 88 64 77 144 282 33 290 112
leaf_count=187 22 168 109 143 133 127 88 64 77 144 282 33 290 112
internal_value=-1.7273e-10 -0.0159118 0.0393329 0.00894979 0.0624771 0.0226773 0.0517942 0.0812344 0.0981455 0.00261277 -0.0384521 0.0170415 -0.0429144 -0.0307976
internal_weight=1979 1409 570 670 383 527 215 274 210 312 739 55 684 402
internal_count=1979 1409 570 670 383 527 215 274 210 312 739 55 684 402
is_linear=0
shrinkage=0.01


Tree=18
num_leaves=15
num_cat=0
split_feature=1 6 0 0 5 3 3 5 6 5 4 0 3 6
split_gain=12139.3 7738.75 6128.96 4560.39 3319.96 3023.92 6340.6 6226.64 2520.03 2914.55 1793.53 1987.89 1417.86 2739.38
threshold=59.229166670000005 8.9920000000000027 6.5732785000000007 17.711920000000003 0.40368750000000003 12.506041665000003 13.703958335000001 0.38660416700000005 10.348500000000001 0.41495833350000005 0.35022916650000008 15.998122000000002 7.4560416665000009 6.5500000000000007
decision_type=2 2 2 2 2 2 2 2 2 2 2 2 2 2
left_child=2 10 12 5 -4 7 -7 -3 9 -6 11 -2 -1 -14
right_child=1 3 4 -5 8 6 -8 -9 -10 -11 -12 -13 13 -15
leaf_value=-0.050103758146454187 0.090501987067135886 0.095911197754052963 0.015172543995970979 -0.041223911362296375 0.12551032516293059 0.090797755553804593 -0.006812624073004335 -0.026491235188087044 0.025487292213365435 0.048202368063586097 -0.042485207430800503 -0.032216139273210008 0.084299755957391531 -0.018135353816182993
leaf_weight=56 22 52 109 143 133 145 123 207 64 77 684 33 36 95
leaf_count=56 22 52 109 143 133 145 123 207 64 77 684 33 36 95
internal_value=1.82382e-11 -0.0157527 0.0389396 0.0088603 0.0618523 0.0224505 0.045999 -0.00191623 0.0804221 0.0971641 -0.0380676 0.0168711 -0.00798865 0.0100148
internal_weight=1979 1409 570 670 383 527 268 259 274 210 739 55 187 131
internal_count=1979 1409 570 670 383 527 268 259 274 210 739 55 187 131
is_linear=0
shrinkage=0.01


Tree=19
num_leaves=15
num_cat=0
split_feature=1 3 4 5 0 5 4 6 5 5 7 3 6 7
split_gain=11897.7 7590.66 8882.32 6105.95 6006.99 3253.89 2687.65 2469.88 2856.55 2402.64 3222.63 1389.65 2684.87 1245.62
threshold=59.229166670000005 12.003958330000001 0.39147916650000009 0.38660416700000005 6.5732785000000007 0.40368750000000003 0.33568750000000008 10.348500000000001 0.41495833350000005 0.39862500000000006 -0.078456108245891901 7.4560416665000009 6.5500000000000007 -0.63605400036818815
decision_type=2 2 2 2 2 2 2 2 2 2 2 2 2 2
left_child=4 3 -3 -2 11 -6 -5 8 -7 10 -4 -1 -13 -8
right_child=1 2 9 6 5 7 13 -9 -10 -11 -12 12 -14 -15
leaf_value=-0.049602719960468153 0.068500126809404607 -0.023913387589645192 0.12790888672257647 0.070886341252110227 0.015020817911953008 0.12425521839830213 -0.052870996049976568 0.025232418337836862 0.047720345396113084 0.032887858335788431 -0.011103298195770809 0.083456756605042343 -0.017954000411849275 -0.028896539748829102
leaf_weight=56 57 244 81 22 109 133 439 64 77 117 21 36 95 428
leaf_count=56 57 244 81 22 109 133 439 64 77 117 21 36 95 428
internal_value=-3.42373e-10 -0.0155952 0.017582 -0.0318331 0.0385502 0.0612338 -0.0382661 0.0796178 0.0961924 0.0638143 0.0992887 -0.00790877 0.0099146 -0.0410359
internal_weight=1979 1409 463 946 570 383 889 274 210 219 102 187 131 867
internal_count=1979 1409 463 946 570 383 889 274 210 219 102 187 131 867
is_linear=0
shrinkage=0.01


Tree=20
num_leaves=15
num_cat=0
split_feature=1 6 0 0 5 2 3 6 5 0 4 0 7 3
split_gain=11660.9 7466.59 5887.45 4420.72 3189.14 2932.06 3319.22 2420.73 2799.7 2304.57 1727.31 1936.49 1382.95 2026.29
threshold=59.229166670000005 8.9920000000000027 6.5732785000000007 17.711920000000003 0.40368750000000003 13.685208330000002 13.703958335000001 10.348500000000001 0.41495833350000005 15.334159000000001 0.35022916650000008 15.998122000000002 -0.5591929034707469 7.3018750000000008
decision_type=2 2 2 2 2 2 2 2 2 2 2 2 2 2
left_child=2 10 -1 5 -4 9 -7 8 -6 -3 11 -2 -12 -14
right_child=1 3 4 -5 7 6 -8 -9 -10 -11 12 -13 13 -15
leaf_value=-0.0078296781669963487 0.089229559248143978 0.027699079927988351 0.014870610630840338 -0.040574182290714099 0.1230126704936637 0.083238838502741233 0.0033301644230430776 0.024980094842612745 0.047243141340357918 -0.026818479183647367 -0.058670630115381581 -0.031891842186450955 -0.043736549112303499 0.0063424484431743623
leaf_weight=187 22 168 109 143 133 127 88 64 77 144 282 33 290 112
leaf_count=187 22 168 109 143 133 127 88 64 77 144 282 33 290 112
internal_value=-5.49664e-12 -0.0154392 0.0381647 0.00873711 0.0606215 0.0221176 0.050532 0.0788217 0.0952305 0.00253713 -0.0373582 0.0165567 -0.0416935 -0.0297842
internal_weight=1979 1409 570 670 383 527 215 274 210 312 739 55 684 402
internal_count=1979 1409 570 670 383 527 215 274 210 312 739 55 684 402
is_linear=0
shrinkage=0.01


Tree=21
num_leaves=15
num_cat=0
split_feature=1 6 0 0 5 2 6 5 4 4 0 3 3 6
split_gain=11428.9 7318.01 5770.29 4332.75 3125.68 2883.61 2372.56 2743.99 2048.26 1692.93 1897.96 1524.03 1361.99 2631.44
threshold=59.229166670000005 8.9920000000000027 6.5732785000000007 17.711920000000003 0.40368750000000003 14.130000000000001 10.348500000000001 0.41495833350000005 0.38556250000000003 0.35022916650000008 15.998122000000002 13.738333335000002 7.4560416665000009 6.5500000000000007
decision_type=2 2 2 2 2 2 2 2 2 2 2 2 2 2
left_child=2 9 12 5 -4 11 7 -6 -7 10 -2 -3 -1 -14
right_child=1 3 4 -5 6 8 -8 -9 -10 -11 -12 -13 13 -15
leaf_value=-0.049028397186526233 0.088337263410741634 0.016878837839495845 0.014721903718939616 -0.040168440729067049 0.12178254459361386 0.012545526636621127 0.024730293858301593 0.046770708823165336 0.092587590361215985 -0.041276577572550689 -0.03157292394927054 -0.036468503429205157 0.082700483749310175 -0.017696162386944419
leaf_weight=56 22 328 109 143 133 52 64 77 83 684 33 64 36 95
leaf_count=56 22 328 109 143 133 52 64 77 83 684 33 64 36 95
internal_value=1.34512e-10 -0.0152848 0.0377831 0.00864974 0.0600153 0.0218964 0.0780334 0.0942782 0.0617566 -0.0369847 0.0163912 0.00816907 -0.00775138 0.00989376
internal_weight=1979 1409 570 670 383 527 274 210 135 739 55 392 187 131
internal_count=1979 1409 570 670 383 527 274 210 135 739 55 392 187 131
is_linear=0
shrinkage=0.01


Tree=22
num_leaves=15
num_cat=0
split_feature=1 3 4 5 0 5 4 6 5 5 7 3 6 5
split_gain=11201.4 7214.5 8514.52 5894.1 5655.46 3063.47 2557.76 2325.34 2689.38 2309.43 3114.9 1334.89 2579.07 1231.14
threshold=59.229166670000005 12.003958330000001 0.39147916650000009 0.38660416700000005 6.5732785000000007 0.40368750000000003 0.33568750000000008 10.348500000000001 0.41495833350000005 0.39862500000000006 -0.078456108245891901 7.4560416665000009 6.5500000000000007 0.41793750000000002
decision_type=2 2 2 2 2 2 2 2 2 2 2 2 2 2
left_child=4 3 -3 -2 11 -6 -5 8 -7 10 -4 -1 -13 -14
right_child=1 2 9 6 5 7 -8 -9 -10 -11 -12 12 13 -15
leaf_value=-0.048538113221792245 0.067614840457313946 -0.023414509975443001 0.12539489817472152 0.069199260527437384 0.014574684757705127 0.12056471274311381 -0.039984861729277732 0.024482991399272579 0.046303002969785172 0.032157065022704948 -0.011274020363177572 0.081873477515247137 0.052192811958491798 -0.036109071691830953
leaf_weight=56 57 244 81 22 109 133 867 64 77 117 21 36 20 75
leaf_count=56 57 244 81 22 109 133 867 64 77 117 21 36 20 75
internal_value=-8.05342e-11 -0.015132 0.0172127 -0.0309624 0.0374052 0.0594151 -0.0372829 0.0772531 0.0933354 0.0624777 0.0972572 -0.00767387 0.00979482 -0.0175192
internal_weight=1979 1409 463 946 570 383 889 274 210 219 102 187 131 95
internal_count=1979 1409 463 946 570 383 889 274 210 219 102 187 131 95
is_linear=0
shrinkage=0.01


Tree=23
num_leaves=15
num_cat=0
split_feature=1 3 4 5 0 5 4 6 5 5 7 3 6 7
split_gain=10978.5 7070.93 8345.08 5776.81 5542.92 3002.51 2506.86 2279.07 2650.46 2263.48 3052.91 1308.33 2527.75 1227.85
threshold=59.229166670000005 12.003958330000001 0.39147916650000009 0.38660416700000005 6.5732785000000007 0.40368750000000003 0.33568750000000008 10.348500000000001 0.41693750000000002 0.39862500000000006 -0.078456108245891901 7.4560416665000009 6.5500000000000007 -0.63605400036818815
decision_type=2 2 2 2 2 2 2 2 2 2 2 2 2 2
left_child=4 3 -3 -2 11 -6 -5 8 -7 10 -4 -1 -13 -8
right_child=1 2 9 6 5 7 13 -9 -10 -11 -12 12 -14 -15
leaf_value=-0.048052731243494365 0.066938692310400172 -0.023180364480539853 0.1241409499409758 0.068507268564267601 0.01442893791499488 0.11069248366786774 -0.051335405663572309 0.024238160816021263 0.023397321376780217 0.031835494836171471 -0.011161279848643712 0.081054746641053083 -0.01734400856651758 -0.027532624514582001
leaf_weight=56 57 244 81 22 109 166 439 64 44 117 21 36 95 428
leaf_count=56 57 244 81 22 109 166 439 64 44 117 21 36 95 428
internal_value=5.52078e-10 -0.0149807 0.0170405 -0.0306528 0.0370312 0.058821 -0.0369101 0.0764806 0.0924021 0.0618529 0.0962846 -0.00759713 0.00969687 -0.039585
internal_weight=1979 1409 463 946 570 383 889 274 210 219 102 187 131 867
internal_count=1979 1409 463 946 570 383 889 274 210 219 102 187 131 867
is_linear=0
shrinkage=0.01


Tree=24
num_leaves=15
num_cat=0
split_feature=1 6 0 0 5 3 5 3 6 5 4 0 7 3
split_gain=10760.1 6934.78 5432.61 4159.41 2942.76 2615.2 4959.86 3890.01 2233.72 2600.22 1598.44 1840.27 1335.77 1979.51
threshold=59.229166670000005 8.9920000000000027 6.5732785000000007 17.847816000000005 0.40368750000000003 11.900833335000002 0.38660416700000005 13.703958335000001 10.348500000000001 0.41495833350000005 0.35022916650000008 15.998122000000002 -0.5591929034707469 7.3018750000000008
decision_type=2 2 2 2 2 2 2 2 2 2 2 2 2 2
left_child=2 10 -1 5 -4 6 -3 -7 9 -6 11 -2 -12 -14
right_child=1 3 4 -5 8 7 -8 -9 -10 -11 12 -13 13 -15
leaf_value=-0.0075211565614924491 0.086754317066886202 0.091643125653266919 0.014284648632784502 -0.041597040623874593 0.11825214287952372 0.063789998541975243 -0.032932399455575072 -0.0064831042426824574 0.02399577944073826 0.045231877243397271 -0.056810280343530868 -0.031319619480407603 -0.042211243588348914 0.0072863691619464337
leaf_weight=187 22 40 109 133 133 213 159 125 64 77 282 33 290 112
leaf_count=187 22 40 109 133 133 213 159 125 64 77 282 33 290 112
internal_value=-9.65218e-11 -0.0148309 0.0366609 0.00846858 0.0582328 0.0208684 -0.00789209 0.0378014 0.0757158 0.091478 -0.0359549 0.01591 -0.0401253 -0.0284209
internal_weight=1979 1409 570 670 383 537 199 338 274 210 739 55 684 402
internal_count=1979 1409 570 670 383 537 199 338 274 210 739 55 684 402
is_linear=0
shrinkage=0.01


Tree=25
num_leaves=15
num_cat=0
split_feature=1 6 0 0 5 3 5 3 6 5 4 0 7 3
split_gain=10545.9 6796.78 5324.5 4076.63 2884.2 2563.16 4861.16 3812.6 2189.27 2562.67 1566.63 1803.65 1309.19 1940.12
threshold=59.229166670000005 8.9920000000000027 6.5732785000000007 17.847816000000005 0.40368750000000003 11.900833335000002 0.38660416700000005 13.703958335000001 10.348500000000001 0.41693750000000002 0.35022916650000008 15.998122000000002 -0.5591929034707469 7.3018750000000008
decision_type=2 2 2 2 2 2 2 2 2 2 2 2 2 2
left_child=2 10 -1 5 -4 6 -3 -7 9 -6 11 -2 -12 -14
right_child=1 3 4 -5 8 7 -8 -9 -10 -11 12 -13 13 -15
leaf_value=-0.0074459457734131563 0.085886770811947899 0.090726692676544193 0.014141801889609854 -0.041181069817534069 0.10854819745723024 0.063152100046475729 -0.032603075762496055 -0.0064182734158635133 0.023755822584789713 0.022711028745397925 -0.056242178991859688 -0.031006423298156626 -0.041789129292142804 0.0072135073159422195
leaf_weight=187 22 40 109 133 166 213 159 125 64 44 282 33 290 112
leaf_count=187 22 40 109 133 166 213 159 125 64 44 282 33 290 112
internal_value=2.93308e-10 -0.0146826 0.0362943 0.00838389 0.0576504 0.0206598 -0.00781317 0.0374234 0.0749586 0.0905633 -0.0355953 0.0157509 -0.039724 -0.0281367
internal_weight=1979 1409 570 670 383 537 199 338 274 210 739 55 684 402
internal_count=1979 1409 570 670 383 537 199 338 274 210 739 55 684 402
is_linear=0
shrinkage=0.01


Tree=26
num_leaves=15
num_cat=0
split_feature=1 6 0 0 5 3 3 5 0 5 5 4 0 3
split_gain=10336.1 6661.52 5218.55 3998.55 2826.81 2703.77 5691.73 5657.3 2155.88 3548.47 1582.09 1535.46 1767.76 1285.04
threshold=59.229166670000005 8.9920000000000027 6.5732785000000007 17.711920000000003 0.40368750000000003 12.506041665000003 13.703958335000001 0.38660416700000005 10.178570500000001 0.40502083350000007 0.41112500000000002 0.35022916650000008 15.998122000000002 6.3404166665000004
decision_type=2 2 2 2 2 2 2 2 2 2 2 2 2 2
left_child=2 11 -1 5 -4 7 -7 -3 9 -6 -10 12 -2 -13
right_child=1 3 4 -5 8 6 -8 -9 10 -11 -12 13 -14 -15
leaf_value=-0.0073714861849492243 0.085027905810963034 0.091232517499190105 0.014000384542373344 -0.038597574363221657 0.13862880361904187 0.085737305293823118 -0.0067437655439342914 -0.02543974084136243 0.064044031813031158 0.039928467205166816 0.17574812948703766 -0.0016647638082504274 -0.03069635929483356 -0.044315125405393688
leaf_weight=187 22 52 109 143 46 145 123 207 21 175 32 80 33 604
leaf_count=187 22 52 109 143 46 145 123 207 21 175 32 80 33 604
internal_value=1.44882e-10 -0.0145357 0.0359313 0.00830006 0.0570739 0.0210256 0.0432926 -0.00201519 0.074209 0.0604724 0.131488 -0.0352394 0.0155933 -0.0393268
internal_weight=1979 1409 570 670 383 527 268 259 274 221 53 739 55 684
internal_count=1979 1409 570 670 383 527 268 259 274 221 53 739 55 684
is_linear=0
shrinkage=0.01


Tree=27
num_leaves=15
num_cat=0
split_feature=1 3 4 5 0 5 4 5 7 6 5 3 6 5
split_gain=10130.4 6539.47 7871.86 5346.95 5114.7 2770.55 2354.85 2187.14 2981.14 2129.56 2493.11 1282.29 2477.45 1206.64
threshold=59.229166670000005 12.003958330000001 0.39147916650000009 0.38660416700000005 6.5732785000000007 0.40368750000000003 0.33568750000000008 0.39862500000000006 -0.078456108245891901 10.348500000000001 0.41495833350000005 7.4560416665000009 6.5500000000000007 0.41793750000000002
decision_type=2 2 2 2 2 2 2 2 2 2 2 2 2 2
left_child=4 3 -3 -2 11 -6 -5 8 -4 10 -7 -1 -13 -14
right_child=1 2 7 6 5 9 -8 -9 -10 -11 -12 12 13 -15
leaf_value=-0.047348817393316756 0.064428347370080782 -0.022659897577307627 0.12130028566828481 0.066689316427165815 0.013860380481415933 0.11507420896811593 -0.038074575723809512 0.030420293499771347 -0.01240204481851487 0.022967195461969823 0.043573622513417301 0.080467587179607808 0.052067709304392341 -0.035351154716809594
leaf_weight=56 57 244 81 22 109 133 867 117 21 64 77 36 20 75
leaf_count=56 57 244 81 22 109 133 867 117 21 64 77 36 20 75
internal_value=4.00506e-10 -0.0143904 0.016404 -0.029462 0.035572 0.0565032 -0.035482 0.0599272 0.0937733 0.0734669 0.0888573 -0.00729777 0.00982329 -0.0169472
internal_weight=1979 1409 463 946 570 383 889 219 102 274 210 187 131 95
internal_count=1979 1409 463 946 570 383 889 219 102 274 210 187 131 95
is_linear=0
shrinkage=0.01


Tree=28
num_leaves=15
num_cat=0
split_feature=1 6 0 0 5 2 4 0 0 5 5 4 0 7
split_gain=9928.79 6412.68 5012.92 3877.34 2715.42 2454.81 2969.57 2498.04 2103.11 3450.25 1551.55 1475.34 1724.42 1275.52
threshold=59.229166670000005 8.9920000000000027 6.5732785000000007 17.847816000000005 0.40368750000000003 13.538333335000003 0.38587500000000002 15.334159000000001 10.178570500000001 0.40502083350000007 0.41112500000000002 0.35022916650000008 15.998122000000002 -0.5591929034707469
decision_type=2 2 2 2 2 2 2 2 2 2 2 2 2 2
left_child=2 11 -1 5 -4 7 -7 -3 9 -6 -10 12 -2 -13
right_child=1 3 4 -5 8 6 -8 -9 10 -11 -12 13 -14 -15
leaf_value=-0.0072247940349706354 0.083846128420396279 0.025503561834067656 0.013721776898574392 -0.040179487253938405 0.13623194032065247 0.0064284201187449468 0.075068987359417902 -0.034471735395183251 0.062516013383865351 0.038907176943336216 0.17313682317733764 -0.054870704317874941 -0.030450922458460841 -0.027128922706516231
leaf_weight=187 22 163 109 133 46 119 134 121 21 175 32 282 33 402
leaf_count=187 22 163 109 133 46 119 134 121 21 175 32 282 33 402
internal_value=4.90191e-10 -0.0142465 0.0352163 0.00815874 0.0559382 0.0201308 0.0427835 -4.92937e-05 0.0727323 0.0591648 0.129306 -0.0345597 0.0152679 -0.0385663
internal_weight=1979 1409 570 670 383 537 253 284 274 221 53 739 55 684
internal_count=1979 1409 570 670 383 537 253 284 274 221 53 739 55 684
is_linear=0
shrinkage=0.01


Tree=29
num_leaves=15
num_cat=0
split_feature=1 3 4 5 0 5 4 5 7 6 5 3 6 5
split_gain=9731.21 6290.71 7616.64 5211.93 4913.16 2661.38 2273.18 2118.42 2904.47 2071.45 2423.6 1256.77 2428.15 1182.63
threshold=59.229166670000005 12.003958330000001 0.39147916650000009 0.38660416700000005 6.5732785000000007 0.40368750000000003 0.33568750000000008 0.39862500000000006 -0.078456108245891901 10.348500000000001 0.41693750000000002 7.4560416665000009 6.5500000000000007 0.41793750000000002
decision_type=2 2 2 2 2 2 2 2 2 2 2 2 2 2
left_child=4 3 -3 -2 11 -6 -5 8 -4 10 -7 -1 -13 -14
right_child=1 2 7 6 5 9 -8 -9 -10 -11 -12 12 13 -15
leaf_value=-0.046803083079201835 0.063811137362530357 -0.02232644534032395 0.11939166486999135 0.065554226989095868 0.013584558799726155 0.10467404756021788 -0.037376913363855187 0.029871163414074826 -0.012580265115414347 0.022198896277695893 0.021198451542718846 0.07973515702618493 0.051619280919432645 -0.034925396188100179
leaf_weight=56 57 244 81 22 109 166 867 117 21 64 44 36 20 75
leaf_count=56 57 244 81 22 109 166 867 117 21 64 44 36 20 75
internal_value=3.12795e-10 -0.014104 0.0160989 -0.0288862 0.0348641 0.0553788 -0.0348297 0.0589108 0.092221 0.0720049 0.0871839 -0.00715255 0.0097973 -0.0167055
internal_weight=1979 1409 463 946 570 383 889 219 102 274 210 187 131 95
internal_count=1979 1409 463 946 570 383 889 219 102 274 210 187 131 95
is_linear=0
shrinkage=0.01


Tree=30
num_leaves=15
num_cat=0
split_feature=1 6 0 0 5 2 4 0 0 5 5 4 0 3
split_gain=9537.56 6173 4815.39 3759.27 2608.42 2368.16 2845.15 2423.41 2046.42 3359.5 1515.58 1417.45 1682.22 1253.8
threshold=59.229166670000005 8.9920000000000027 6.5732785000000007 17.847816000000005 0.40368750000000003 13.538333335000003 0.38587500000000002 15.334159000000001 10.178570500000001 0.40502083350000007 0.41112500000000002 0.35022916650000008 15.998122000000002 6.3404166665000004
decision_type=2 2 2 2 2 2 2 2 2 2 2 2 2 2
left_child=2 11 -1 5 -4 7 -7 -3 9 -6 -10 12 -2 -13
right_child=1 3 4 -5 8 6 -8 -9 10 -11 -12 13 -14 -15
leaf_value=-0.0070810207047245725 0.082681216976859345 0.025155453999166841 0.013448712950862876 -0.039577048376090544 0.13394838801544645 0.0064719358450506161 0.07365914723453626 -0.033917171559796844 0.061079754715874082 0.037912119164637159 0.17041057318449021 -0.00061884424090385439 -0.030208601093653479 -0.042747540499595615
leaf_weight=187 22 163 109 133 46 119 134 121 21 175 32 80 33 604
leaf_count=187 22 163 109 133 46 119 134 121 21 175 32 80 33 604
internal_value=-2.15367e-10 -0.013963 0.0345155 0.00801955 0.054825 0.0198079 0.0420573 -1.28125e-05 0.0712849 0.0579016 0.127091 -0.033893 0.0149473 -0.0378202
internal_weight=1979 1409 570 670 383 537 253 284 274 221 53 739 55 684
internal_count=1979 1409 570 670 383 537 253 284 274 221 53 739 55 684
is_linear=0
shrinkage=0.01


Tree=31
num_leaves=15
num_cat=0
split_feature=1 3 4 5 0 5 4 5 7 6 5 3 6 0
split_gain=9347.76 6054.37 7368.15 5080.24 4719.56 2556.51 2194.46 2051.62 2829.92 2014.92 2370.72 1231.76 2379.83 1178.66
threshold=59.229166670000005 12.003958330000001 0.39147916650000009 0.38660416700000005 6.5732785000000007 0.40368750000000003 0.33568750000000008 0.39862500000000006 -0.078456108245891901 10.348500000000001 0.41495833350000005 7.4560416665000009 6.5500000000000007 14.153564500000002
decision_type=2 2 2 2 2 2 2 2 2 2 2 2 2 2
left_child=4 3 -3 -2 11 -6 -5 8 -4 10 -7 -1 -13 -9
right_child=1 2 7 6 5 9 -8 13 -10 -11 -12 12 -14 -15
leaf_value=-0.046264240068516566 0.063193513740573012 -0.021986563429055108 0.11751504816114902 0.064437291784719991 0.01331422579329495 0.11110773819953876 -0.036695833230324541 0.072549485695071345 -0.01275221126774947 0.021450323346070947 0.041384275867664196 0.079008611308203802 -0.016467599015486868 0.0060240232042576142
leaf_weight=56 57 244 81 22 109 133 867 41 21 64 77 36 95 76
leaf_count=56 57 244 81 22 109 133 867 41 21 64 77 36 95 76
internal_value=-3.32844e-10 -0.0138233 0.0158068 -0.0283252 0.0341703 0.0542767 -0.0341931 0.0579145 0.0906953 0.070572 0.0855425 -0.00701021 0.00977014 0.0293364
internal_weight=1979 1409 463 946 570 383 889 219 102 274 210 187 131 117
internal_count=1979 1409 463 946 570 383 889 219 102 274 210 187 131 117
is_linear=0
shrinkage=0.01


Tree=32
num_leaves=15
num_cat=0
split_feature=1 6 0 0 5 2 4 0 0 5 5 4 0 7
split_gain=9161.74 5943.36 4625.64 3642.14 2505.64 2291.68 2730.69 2342.75 1996.34 3266.46 1486.33 1361.83 1641.12 1242.24
threshold=59.229166670000005 8.9920000000000027 6.5732785000000007 17.847816000000005 0.40368750000000003 13.538333335000003 0.38587500000000002 15.334159000000001 10.178570500000001 0.40502083350000007 0.41112500000000002 0.35022916650000008 15.998122000000002 -0.5591929034707469
decision_type=2 2 2 2 2 2 2 2 2 2 2 2 2 2
left_child=2 11 -1 5 -4 7 -7 -3 9 -6 -10 12 -2 -13
right_child=1 3 4 -5 8 6 -8 -9 10 -11 -12 13 -14 -15
leaf_value=-0.0069401083173439458 0.081532949751073669 0.024735719335773971 0.013181084196228501 -0.038964532771168792 0.131634261187004 0.0065128121357567667 0.072334786641564397 -0.033345454301962181 0.059614044144040063 0.03693705734104983 0.16788486868143082 -0.053180579570326819 -0.029969294188600597 -0.025803107905447185
leaf_weight=187 22 163 109 133 46 119 134 121 21 175 32 282 33 402
leaf_count=187 22 163 109 133 46 119 134 121 21 175 32 282 33 402
internal_value=2.74074e-10 -0.0136851 0.0338286 0.00788466 0.053734 0.0194879 0.041375 -1.01328e-05 0.0698663 0.0566478 0.124985 -0.0332409 0.0146316 -0.0370903
internal_weight=1979 1409 570 670 383 537 253 284 274 221 53 739 55 684
internal_count=1979 1409 570 670 383 537 253 284 274 221 53 739 55 684
is_linear=0
shrinkage=0.01


Tree=33
num_leaves=15
num_cat=0
split_feature=1 6 0 0 5 2 3 0 6 5 4 0 3 3
split_gain=8979.42 5825.09 4533.59 3569.66 2455.78 2246.08 2703.8 2296.13 1959.91 2304.31 1334.73 1608.46 1222.57 1207.25
threshold=59.229166670000005 8.9920000000000027 6.5732785000000007 17.847816000000005 0.40368750000000003 13.538333335000003 13.703958335000001 15.334159000000001 10.348500000000001 0.41495833350000005 0.35022916650000008 15.998122000000002 6.3404166665000004 7.4560416665000009
decision_type=2 2 2 2 2 2 2 2 2 2 2 2 2 2
left_child=2 10 13 5 -4 7 -7 -3 9 -6 11 -2 -12 -1
right_child=1 3 4 -5 8 6 -8 -9 -10 -11 12 -13 -14 -15
leaf_value=-0.045732197000512058 0.08071761846542358 0.024488361650632205 0.013049272585215918 -0.038574888140411309 0.10913696362559958 0.067172343056987632 0.00018854895945299754 -0.033011998321152917 0.020721154944039883 0.040396988622408793 1.5756815671920777e-05 -0.029669600869670059 -0.04158499378163602 0.0097418390043819223
leaf_weight=56 22 163 109 133 133 154 99 121 64 77 80 33 604 131
leaf_count=56 22 163 109 133 133 154 99 121 64 77 80 33 604 131
internal_value=3.93377e-11 -0.0135483 0.0334903 0.00780582 0.0531966 0.019293 0.0409613 -1.00312e-05 0.0691677 0.0839323 -0.0329085 0.0144853 -0.0367194 -0.00687071
internal_weight=1979 1409 570 670 383 537 253 284 274 210 739 55 684 187
internal_count=1979 1409 570 670 383 537 253 284 274 210 739 55 684 187
is_linear=0
shrinkage=0.01


Tree=34
num_leaves=15
num_cat=0
split_feature=1 3 4 5 3 5 6 3 4 5 7 6 7 0
split_gain=8800.73 5730.29 7062.56 4907.29 4445.1 3216.4 4413.26 2420.01 2087.44 1969.82 2745.8 1759.39 1221.23 1156.74
threshold=59.229166670000005 12.003958330000001 0.39147916650000009 0.38660416700000005 7.3404166665000004 0.41693750000000002 8.9920000000000027 9.7081250000000008 0.34029166700000008 0.39862500000000006 -0.078456108245891901 6.5500000000000007 -0.608738249238853 14.153564500000002
decision_type=2 2 2 2 2 2 2 2 2 2 2 2 2 2
left_child=4 3 -3 -2 -1 6 -6 -8 -5 10 -4 -7 -10 -11
right_child=1 2 9 8 5 11 7 -9 12 13 -12 -13 -14 -15
leaf_value=-0.050621491079790547 0.062426272526121977 -0.021587880577540911 0.11517745671816813 0.048707633455594382 0.10787034029640802 0.057081167782016565 0.1261359531402588 0.021780536798201501 -0.047599109448075827 0.071445517947034146 -0.013139119701726097 -0.014815707273590259 -0.023732412591287236 0.0055416069211634365
leaf_weight=57 57 244 81 30 123 48 25 200 447 41 21 117 412 76
leaf_count=57 57 244 81 30 123 48 25 200 447 41 21 117 412 76
internal_value=-1.83464e-11 -0.0134128 0.0154135 -0.0275212 0.0331554 0.042464 0.0597056 0.0333756 -0.0332883 0.0566387 0.0887593 0.00609975 -0.036152 0.0286361
internal_weight=1979 1409 463 946 570 513 348 225 889 219 102 165 859 117
internal_count=1979 1409 463 946 570 513 348 225 889 219 102 165 859 117
is_linear=0
shrinkage=0.01


Tree=35
num_leaves=15
num_cat=0
split_feature=1 6 0 3 3 5 0 6 5 4 7 4 6 3
split_gain=8636.47 6725.55 3749.22 2953.47 5791.33 4960.19 2905.49 2791.16 1829.27 2425.59 1234.96 1861.59 1105.51 2133.74
threshold=44.354166670000005 8.318500000000002 17.711920000000003 12.506041665000003 13.703958335000001 0.38595833350000003 6.5732785000000007 10.216500000000002 0.41495833350000005 0.40127083350000009 -0.84335933205092484 0.36000000000000004 6.5500000000000007 7.7435416670000015
decision_type=2 2 2 2 2 2 2 2 2 2 2 2 2 2
left_child=6 10 3 5 -5 -3 12 8 9 -8 -2 -12 13 -1
right_child=1 2 -4 4 -6 -7 7 -9 -10 -11 11 -13 -14 -15
leaf_value=-0.038249767863232156 -0.060380442139692604 0.090308547782897958 -0.03342582374974562 0.078807684727028815 -0.0075066775790807129 -0.01770495578344964 0.031225102320313454 0.011448754218872637 0.033985538146842055 0.12323347420975714 0.065164040156773156 -0.030766002104741043 -0.021536583136109747 0.087221385439236965
leaf_weight=23 140 50 171 178 138 284 40 96 68 101 21 551 85 33
leaf_count=23 140 50 171 178 138 284 40 96 68 101 21 551 85 33
internal_value=-1.39451e-10 -0.0112679 0.00823782 0.0191986 0.0411134 -0.00153527 0.0387301 0.0560842 0.0765866 0.0971318 -0.0337597 -0.0272441 0.00119115 0.0356886
internal_weight=1979 1533 821 650 316 334 446 305 209 141 712 572 141 56
internal_count=1979 1533 821 650 316 334 446 305 209 141 712 572 141 56
is_linear=0
shrinkage=0.01


Tree=36
num_leaves=15
num_cat=0
split_feature=1 6 0 3 3 5 0 6 5 4 7 4 6 3
split_gain=8464.6 6591.71 3674.61 2894.69 5676.08 4861.48 2847.67 2735.61 1792.86 2377.32 1210.39 1824.54 1083.51 2091.28
threshold=44.354166670000005 8.318500000000002 17.711920000000003 12.506041665000003 13.703958335000001 0.38595833350000003 6.5732785000000007 10.216500000000002 0.41495833350000005 0.40127083350000009 -0.84335933205092484 0.36000000000000004 6.5500000000000007 7.7435416670000015
decision_type=2 2 2 2 2 2 2 2 2 2 2 2 2 2
left_child=6 10 3 5 -5 -3 12 8 9 -8 -2 -12 13 -1
right_child=1 2 -4 4 -6 -7 7 -9 -10 -11 11 -13 -14 -15
leaf_value=-0.037867270733999168 -0.059776636171021628 0.089405464363098139 -0.033091565924669393 0.078019607849837691 -0.0074316103521572512 -0.017527906195798391 0.030912852242588995 0.011334267115065206 0.033645682819187644 0.12200114018846266 0.064512401762462798 -0.030458340876872658 -0.021321216718238944 0.086349173585573827
leaf_weight=23 140 50 171 178 138 284 40 96 68 101 21 551 85 33
leaf_count=23 140 50 171 178 138 284 40 96 68 101 21 551 85 33
internal_value=5.09296e-10 -0.0111552 0.00815544 0.0190066 0.0407023 -0.00151992 0.0383428 0.0555234 0.0758207 0.0961605 -0.0334221 -0.0269717 0.00117923 0.0353317
internal_weight=1979 1533 821 650 316 334 446 305 209 141 712 572 141 56
internal_count=1979 1533 821 650 316 334 446 305 209 141 712 572 141 56
is_linear=0
shrinkage=0.01


Tree=37
num_leaves=15
num_cat=0
split_feature=1 3 4 5 3 5 6 3 4 5 7 6 7 0
split_gain=8305.29 5410.4 6758.12 4642.2 4230.93 3069.72 4248.34 2354.72 2025.06 1891.75 2686.31 1668.67 1109.48 1094.31
threshold=59.229166670000005 12.003958330000001 0.39147916650000009 0.38660416700000005 7.3404166665000004 0.41693750000000002 8.9920000000000027 9.7081250000000008 0.33568750000000008 0.39862500000000006 -0.078456108245891901 6.378000000000001 -0.63605400036818815 14.153564500000002
decision_type=2 2 2 2 2 2 2 2 2 2 2 2 2 2
left_child=4 3 -3 -2 -1 6 -6 -8 -5 10 -4 -7 -10 -11
right_child=1 2 9 8 5 11 7 -9 12 13 -12 -13 -14 -15
leaf_value=-0.049525157275952796 0.060745519232331659 -0.021214764939590555 0.11291525243609041 0.062399330802939156 0.10539030401081574 0.062925374553753771 0.12380123245716096 0.020863119858037682 -0.045921769351581779 0.069503375669805023 -0.01400344954360099 -0.011927700756738584 -0.023295407293138105 0.0054024387798026988
leaf_weight=57 57 244 81 22 123 39 25 200 439 41 21 126 428 76
leaf_count=57 57 244 81 22 123 39 25 200 439 41 21 126 428 76
internal_value=2.23527e-10 -0.0130298 0.0149803 -0.0267387 0.0322086 0.0412902 0.0581341 0.0323007 -0.0323479 0.0553072 0.0867849 0.00576484 -0.0347521 0.0278652
internal_weight=1979 1409 463 946 570 513 348 225 889 219 102 165 867 117
internal_count=1979 1409 463 946 570 513 348 225 889 219 102 165 867 117
is_linear=0
shrinkage=0.01


Tree=38
num_leaves=15
num_cat=0
split_feature=1 6 0 3 3 5 0 6 5 4 7 4 6 3
split_gain=8142.03 6360.88 3564.01 2782.6 5492.7 4707.88 2736.6 2650.05 1733.46 2321.23 1173.23 1778.63 1056.1 2016.85
threshold=44.354166670000005 8.318500000000002 17.711920000000003 12.506041665000003 13.703958335000001 0.38595833350000003 6.5732785000000007 10.216500000000002 0.41495833350000005 0.40127083350000009 -0.84335933205092484 0.36000000000000004 6.5500000000000007 7.7435416670000015
decision_type=2 2 2 2 2 2 2 2 2 2 2 2 2 2
left_child=6 10 3 5 -5 -3 12 8 9 -8 -2 -12 13 -1
right_child=1 2 -4 4 -6 -7 7 -9 -10 -11 11 -13 -14 -15
leaf_value=-0.036993347665537961 -0.058761056330587182 0.088067873191833498 -0.032592632001952122 0.076696561455224341 -0.0073629325398824356 -0.017162681189824787 0.029951323866844178 0.010954787957016378 0.032954201519592864 0.1199586678200429 0.063862200464521138 -0.029905984265401881 -0.021040543280761034 0.084992522507002857
leaf_weight=23 140 50 171 178 138 284 40 96 68 101 21 551 85 33
leaf_count=23 140 50 171 178 138 284 40 96 68 101 21 551 85 33
internal_value=9.61966e-11 -0.0109406 0.00802893 0.0187155 0.039987 -0.0014096 0.0376051 0.0544473 0.0744247 0.0944247 -0.0328141 -0.0264634 0.00117348 0.0348912
internal_weight=1979 1533 821 650 316 334 446 305 209 141 712 572 141 56
internal_count=1979 1533 821 650 316 334 446 305 209 141 712 572 141 56
is_linear=0
shrinkage=0.01


Tree=39
num_leaves=15
num_cat=0
split_feature=1 3 4 5 3 5 6 3 4 5 7 6 7 0
split_gain=7987.44 5204.61 6544.94 4469.75 4086.71 2969.07 4126.68 2299.55 1972.13 1835.44 2630.49 1615.12 1080.84 1053.71
threshold=59.229166670000005 12.003958330000001 0.39147916650000009 0.38660416700000005 7.3404166665000004 0.41693750000000002 8.9920000000000027 9.7081250000000008 0.33568750000000008 0.39862500000000006 -0.078456108245891901 5.8480000000000008 -0.63605400036818815 14.153564500000002
decision_type=2 2 2 2 2 2 2 2 2 2 2 2 2 2
left_child=4 3 -3 -2 -1 6 -6 -8 -5 10 -4 -7 -10 -11
right_child=1 2 9 8 5 11 7 -9 12 13 -12 -13 -14 -15
leaf_value=-0.048742342878851978 0.059620195627212526 -0.020925414204963896 0.11124311506012341 0.061772950481284748 0.10365184135553314 0.077914110963734295 0.12203869478702546 0.020313590450026092 -0.04512484745389797 0.06820784099218323 -0.014350182013142676 -0.0079576568060015195 -0.022792449154864964 0.0053073737515430697
leaf_weight=57 57 244 81 22 123 26 25 200 439 41 21 139 428 76
leaf_count=57 57 244 81 22 123 26 25 200 439 41 21 139 428 76
internal_value=5.02857e-11 -0.012778 0.0146942 -0.0262237 0.0315863 0.0405117 0.0570772 0.0316164 -0.0317278 0.05438 0.0853857 0.00557365 -0.0341003 0.0273494
internal_weight=1979 1409 463 946 570 513 348 225 889 219 102 165 867 117
internal_count=1979 1409 463 946 570 513 348 225 889 219 102 165 867 117
is_linear=0
shrinkage=0.01


Tree=40
num_leaves=15
num_cat=0
split_feature=1 6 0 3 3 5 0 6 5 4 7 4 6 3
split_gain=7830.54 6137.76 3456.77 2674.8 5315.23 4559.32 2631.49 2567.52 1675.24 2266.47 1137.36 1733.79 1030.94 1945.59
threshold=44.354166670000005 8.318500000000002 17.711920000000003 12.506041665000003 13.703958335000001 0.38595833350000003 6.5732785000000007 10.216500000000002 0.41495833350000005 0.40127083350000009 -0.84335933205092484 0.36000000000000004 6.5500000000000007 7.7435416670000015
decision_type=2 2 2 2 2 2 2 2 2 2 2 2 2 2
left_child=6 10 3 5 -5 -3 12 8 9 -8 -2 -12 13 -1
right_child=1 2 -4 4 -6 -7 7 -9 -10 -11 11 -13 -14 -15
leaf_value=-0.036135989479396655 -0.057762904113956862 0.08675208511352539 -0.032101176841870735 0.075396202714757984 -0.0072942068726094302 -0.016804795641793123 0.029011149257421494 0.010584415809328977 0.032290071629206926 0.11795048204979094 0.063216965766180133 -0.029361791679950029 -0.020794250325354584 0.083675716808347997
leaf_weight=23 140 50 171 178 138 284 40 96 68 101 21 551 85 33
leaf_count=23 140 50 171 178 138 284 40 96 68 101 21 551 85 33
internal_value=7.20257e-11 -0.0107292 0.00790459 0.0184292 0.0392846 -0.00130227 0.0368788 0.0533943 0.0730582 0.0927195 -0.0322157 -0.0259629 0.00115361 0.0344673
internal_weight=1979 1533 821 650 316 334 446 305 209 141 712 572 141 56
internal_count=1979 1533 821 650 316 334 446 305 209 141 712 572 141 56
is_linear=0
shrinkage=0.01


Tree=41
num_leaves=15
num_cat=0
split_feature=1 6 3 0 5 6 3 2 4 0 6 4 0 3
split_gain=7681.73 5008.28 3947.55 3136.01 2871.79 4008.55 2245.68 2043.86 2435.11 2020.97 1558.33 1199.9 1466.49 1173.41
threshold=59.229166670000005 8.9920000000000027 7.3404166665000004 17.847816000000005 0.41693750000000002 8.9920000000000027 9.7081250000000008 13.538333335000003 0.38587500000000002 15.334159000000001 5.8480000000000008 0.35022916650000008 15.998122000000002 6.3404166665000004
decision_type=2 2 2 2 2 2 2 2 2 2 2 2 2 2
left_child=2 11 -1 7 5 -4 -7 9 -9 -3 -6 12 -2 -13
right_child=1 3 4 -5 10 6 -8 8 -10 -11 -12 13 -14 -15
leaf_value=-0.047973235071751115 0.077695381858132101 0.022606251492090751 0.10194311253605336 -0.036202976746673707 0.07644445716188504 0.12030304546356201 0.019776572904735803 0.0057846312944879056 0.06794218562710197 -0.031338975641353073 -0.0079042093311067971 0.0018930773437023163 -0.02770759355841261 -0.038862773368739528
leaf_weight=57 22 163 123 133 26 25 200 119 134 121 139 80 33 604
leaf_count=57 22 163 123 133 26 25 200 119 134 121 139 80 33 604
internal_value=-6.71197e-11 -0.0125311 0.0309759 0.0072693 0.0397481 0.0560399 0.0309462 0.0180362 0.038706 -0.000377454 0.0053871 -0.0304827 0.0144536 -0.034096
internal_weight=1979 1409 570 670 513 348 225 537 253 284 165 739 55 684
internal_count=1979 1409 570 670 513 348 225 537 253 284 165 739 55 684
is_linear=0
shrinkage=0.01


Tree=42
num_leaves=15
num_cat=0
split_feature=1 6 0 3 3 5 0 6 5 4 7 4 6 3
split_gain=7530.91 5905.89 3322.27 2581.15 5183.31 4464.44 2530.28 2487.49 1618.97 2213.01 1109.07 1677.93 1006.41 1876.85
threshold=44.354166670000005 8.318500000000002 17.711920000000003 12.506041665000003 13.703958335000001 0.38595833350000003 6.5732785000000007 10.216500000000002 0.41495833350000005 0.40127083350000009 -0.84335933205092484 0.36000000000000004 6.5500000000000007 7.7435416670000015
decision_type=2 2 2 2 2 2 2 2 2 2 2 2 2 2
left_child=6 10 3 5 -5 -3 12 8 9 -8 -2 -12 13 -1
right_child=1 2 -4 4 -6 -7 7 -9 -10 -11 11 -13 -14 -15
leaf_value=-0.035294898489247196 -0.056826185935309956 0.085824631309509278 -0.0314632042835069 0.074222045651312629 -0.0074357278277571116 -0.0166490648690821 0.028091898262500765 0.010223744087585753 0.031638612408081399 0.11597600216912751 0.062307377996898838 -0.028767801405297437 -0.0205502140522551 0.082381238829005846
leaf_weight=23 140 50 171 178 138 284 40 96 68 101 21 551 85 33
leaf_count=23 140 50 171 178 138 284 40 96 68 101 21 551 85 33
internal_value=2.40503e-10 -0.010522 0.0077565 0.0180743 0.0385614 -0.00130869 0.0361663 0.0523612 0.0717162 0.0910443 -0.0315987 -0.0254241 0.00113496 0.03405
internal_weight=1979 1533 821 650 316 334 446 305 209 141 712 572 141 56
internal_count=1979 1533 821 650 316 334 446 305 209 141 712 572 141 56
is_linear=0
shrinkage=0.01


Tree=43
num_leaves=15
num_cat=0
split_feature=1 3 4 5 3 5 6 3 4 5 7 6 7 0
split_gain=7387.69 4824.74 6182.53 4205.01 3813.3 2777.8 3893.83 2193.09 1880.55 1742.2 2558.69 1506.72 1122.77 999.318
threshold=59.229166670000005 12.003958330000001 0.39147916650000009 0.38660416700000005 7.3404166665000004 0.41693750000000002 8.9920000000000027 9.7081250000000008 0.34029166700000008 0.39862500000000006 -0.078456108245891901 6.378000000000001 -0.608738249238853 14.153564500000002
decision_type=2 2 2 2 2 2 2 2 2 2 2 2 2 2
left_child=4 3 -3 -2 -1 6 -6 -8 -5 10 -4 -7 -10 -11
right_child=1 2 9 8 5 11 7 -9 12 13 -12 -13 -14 -15
leaf_value=-0.047217783384155804 0.058028271072789239 -0.020457661525560087 0.10844309973403995 0.047253400295972824 0.10026358466648415 0.059520876353176738 0.11859425076246261 0.019251887006126345 -0.044267225555963068 0.066188086678342126 -0.015424274660292127 -0.011607033753442386 -0.021382820949826426 0.0049324566518005571
leaf_weight=57 57 244 81 30 123 39 25 200 447 41 21 126 412 76
leaf_count=57 57 244 81 30 123 39 25 200 447 41 21 126 412 76
internal_value=2.11771e-10 -0.0122889 0.0141617 -0.0252346 0.0303773 0.038999 0.055022 0.0302899 -0.0305732 0.0527331 0.082941 0.00520502 -0.0332912 0.0263981
internal_weight=1979 1409 463 946 570 513 348 225 889 219 102 165 859 117
internal_count=1979 1409 463 946 570 513 348 225 889 219 102 165 859 117
is_linear=0
shrinkage=0.01


Tree=44
num_leaves=15
num_cat=0
split_feature=1 6 0 3 3 5 0 6 5 4 3 6 7 6
split_gain=7243.79 5701 3223.57 2479.78 5015.78 4322.7 2431.16 2409.47 1565.29 2160.81 1097.41 1262.08 2243.12 981.013
threshold=44.354166670000005 8.318500000000002 17.711920000000003 12.506041665000003 13.703958335000001 0.38595833350000003 6.5732785000000007 10.216500000000002 0.41495833350000005 0.40127083350000009 6.3404166665000004 6.4755000000000011 -0.63605400036818815 6.5500000000000007
decision_type=2 2 2 2 2 2 2 2 2 2 2 2 2 2
left_child=6 10 3 5 -5 -3 13 8 9 -8 -2 -12 -13 -1
right_child=1 2 -4 4 -6 -7 7 -9 -10 -11 11 12 -14 -15
leaf_value=0.03362885986055647 0.004367633966299204 0.084543072319030771 -0.030993603424316177 0.072962943076135142 -0.0073643676315744725 -0.016290880945821876 0.027193147964775562 0.009873327415358896 0.030986121297978304 0.11403464455415707 -0.053581383850018524 -0.044979541660142897 0.003139518781526554 -0.020277931960409178
leaf_weight=56 78 50 171 178 138 284 40 96 68 101 238 227 169 85
leaf_count=56 78 50 171 178 138 284 40 96 68 101 238 227 169 85
internal_value=-9.05904e-11 -0.0103194 0.00763917 0.0178026 0.0378833 -0.00119598 0.0354702 0.0513447 0.0703937 0.0893988 -0.0310273 -0.0353819 -0.0244439 0.00113186
internal_weight=1979 1533 821 650 316 334 446 305 209 141 712 634 396 141
internal_count=1979 1533 821 650 316 334 446 305 209 141 712 634 396 141
is_linear=0
shrinkage=0.01


Tree=45
num_leaves=15
num_cat=0
split_feature=1 3 4 5 3 5 6 3 4 5 7 6 7 0
split_gain=7103.43 4639.59 5987.92 4047.57 3705.12 2677.3 3780.34 2141.73 1847.8 1690.85 2505.57 1470.69 1017.62 961.806
threshold=59.229166670000005 12.003958330000001 0.39147916650000009 0.38660416700000005 7.3404166665000004 0.41693750000000002 8.9920000000000027 9.7081250000000008 0.33568750000000008 0.39862500000000006 -0.078456108245891901 5.8480000000000008 -0.63605400036818815 14.153564500000002
decision_type=2 2 2 2 2 2 2 2 2 2 2 2 2 2
left_child=4 3 -3 -2 -1 6 -6 -8 -5 10 -4 -7 -10 -11
right_child=1 2 9 8 5 11 7 -9 12 13 -12 -13 -14 -15
leaf_value=-0.046699377277441195 0.056944186206449539 -0.020182172340554663 0.10684280467622075 0.060522818578915158 0.09859354199190451 0.074138882206752896 0.11691148155927658 0.01873917337122839 -0.042976589843605341 0.064939482968027998 -0.01573190577328205 -0.0078035080489173214 -0.021307088484656869 0.0048445306404640799
leaf_weight=57 57 244 81 22 123 26 25 200 439 41 21 139 428 76
leaf_count=57 57 244 81 22 123 26 25 200 439 41 21 139 428 76
internal_value=1.20528e-10 -0.0120502 0.013888 -0.0247451 0.0297872 0.0382857 0.0540162 0.0296472 -0.0299827 0.0518475 0.0816068 0.00510863 -0.0322793 0.0259034
internal_weight=1979 1409 463 946 570 513 348 225 889 219 102 165 867 117
internal_count=1979 1409 463 946 570 513 348 225 889 219 102 165 867 117
is_linear=0
shrinkage=0.01


Tree=46
num_leaves=15
num_cat=0
split_feature=1 6 0 0 6 3 3 5 5 4 3 6 7 6
split_gain=6966.5 5501.27 3130.33 2337.39 2334.22 2233.15 3327.23 3317.24 1512.71 2109.85 1073.39 1241.04 2176.67 957.669
threshold=44.354166670000005 8.318500000000002 17.847816000000005 6.5732785000000007 10.216500000000002 11.900833335000002 13.703958335000001 0.38595833350000003 0.41495833350000005 0.40127083350000009 6.3404166665000004 6.4755000000000011 -0.63605400036818815 6.5500000000000007
decision_type=2 2 2 2 2 2 2 2 2 2 2 2 2 2
left_child=3 10 5 13 8 7 -7 -3 9 -5 -2 -12 -13 -1
right_child=1 2 -4 4 -6 6 -8 -9 -10 -11 11 12 -14 -15
leaf_value=0.033223072311707902 0.0045435401720878409 0.081328401942002151 -0.03216721826139838 0.026314589150249958 0.009531374797613049 0.053833541099832759 -0.0068832332946892295 -0.019558377910128849 0.03035927207537872 0.11212598864099768 -0.052815718565981433 -0.044151337222987995 0.0032497192839899009 -0.020038467259968031
leaf_weight=56 78 38 160 40 96 254 140 229 68 101 238 227 169 85
leaf_count=56 78 38 160 40 96 254 140 229 68 101 238 227 169 85
internal_value=-2.75114e-11 -0.01012 0.00752122 0.0347847 0.05035 0.0171281 0.0322591 -0.00519996 0.0690992 0.0877823 -0.0304619 -0.0347686 -0.0239221 0.00111505
internal_weight=1979 1533 821 446 305 661 394 267 209 141 712 634 396 141
internal_count=1979 1533 821 446 305 661 394 267 209 141 712 634 396 141
is_linear=0
shrinkage=0.01


Tree=47
num_leaves=15
num_cat=0
split_feature=1 6 3 0 5 6 3 3 5 4 6 4 0 3
split_gain=6832.64 4463.8 3600.59 2847.42 2581.36 3669.93 2091.47 1600.02 3709.46 2999.28 1434.94 1123.52 1391.56 1095.79
threshold=59.229166670000005 8.9920000000000027 7.3404166665000004 18.053714000000003 0.41693750000000002 8.9920000000000027 9.7081250000000008 12.003958330000001 0.38660416700000005 0.38587500000000002 6.378000000000001 0.35022916650000008 15.998122000000002 6.3404166665000004
decision_type=2 2 2 2 2 2 2 2 2 2 2 2 2 2
left_child=2 11 -1 7 5 -4 -7 8 -3 -9 -6 12 -2 -13
right_child=1 3 4 -5 10 6 -8 9 -10 -11 -12 13 -14 -15
leaf_value=-0.046185979069324964 0.076321446462111031 0.078457430998484304 0.096959284520973035 -0.040413066751462903 0.058020897629933482 0.11526152716279031 0.018247990466421473 -0.010506804799961467 -0.02642982230810394 0.050696870746025073 -0.011392261521920325 0.002515931338071823 -0.026353315282048602 -0.036868820392421835
leaf_weight=57 22 42 123 107 39 25 200 124 171 226 126 80 33 604
leaf_count=57 22 42 123 107 39 25 200 124 171 226 126 80 33 604
internal_value=1.33108e-10 -0.0118183 0.0292139 0.00687487 0.0375917 0.0530377 0.0290273 0.0158621 -0.00574783 0.0290133 0.00501449 -0.028766 0.0147166 -0.0322624
internal_weight=1979 1409 570 670 513 348 225 563 213 350 165 739 55 684
internal_count=1979 1409 570 670 513 348 225 563 213 350 165 739 55 684
is_linear=0
shrinkage=0.01


Tree=48
num_leaves=15
num_cat=0
split_feature=1 6 0 0 6 3 4 5 5 4 7 4 6 7
split_gain=6700.75 5294.05 3011.49 2245.57 2260.87 2157.48 4828.13 4205.11 1462.57 2060.1 1034.71 1593 933.477 1761.45
threshold=44.354166670000005 8.318500000000002 17.847816000000005 6.5732785000000007 10.216500000000002 12.506041665000003 0.38587500000000002 0.38595833350000003 0.41495833350000005 0.40127083350000009 -0.84335933205092484 0.36000000000000004 6.5500000000000007 0.87878364999916159
decision_type=2 2 2 2 2 2 2 2 2 2 2 2 2 2
left_child=3 10 5 12 8 7 -7 -3 9 -5 -2 -12 13 -1
right_child=1 2 -4 4 -6 6 -8 -9 -10 -11 11 -13 -14 -15
leaf_value=-0.027431192856568556 -0.054247258014976985 0.082815563351500268 -0.031547093515982852 0.025455729298293595 0.0091991222254000603 -0.018146516632053768 0.063260396514966524 -0.015726337261783536 0.029730972655884483 0.11024939815006635 0.061566055161612371 -0.027174230914921275 -0.019771511473199901 0.085024628619352977
leaf_weight=26 140 51 160 40 96 111 212 287 68 101 21 551 85 30
leaf_count=26 140 51 160 40 96 111 212 287 68 101 21 551 85 30
internal_value=6.05571e-11 -0.00992511 0.00738068 0.0341148 0.0493713 0.0168034 0.0352846 -0.000857589 0.0678236 0.0861945 -0.0298802 -0.0239163 0.00111312 0.032813
internal_weight=1979 1533 821 446 305 661 323 338 209 141 712 572 141 56
internal_count=1979 1533 821 446 305 661 323 338 209 141 712 572 141 56
is_linear=0
shrinkage=0.01


Tree=49
num_leaves=15
num_cat=0
split_feature=1 3 4 5 3 5 6 3 4 4 5 6 0 7
split_gain=6571.29 4290.63 5597.62 3754.83 3480.99 2496.3 3565.24 2042.5 1775.35 1674.49 1969.27 1389.17 1227.86 977.917
threshold=59.229166670000005 12.003958330000001 0.39147916650000009 0.38660416700000005 7.3404166665000004 0.41693750000000002 8.9920000000000027 9.7081250000000008 0.33568750000000008 0.40993750000000007 0.39895833350000004 5.8480000000000008 14.153564500000002 -0.63605400036818815
decision_type=2 2 2 2 2 2 2 2 2 2 2 2 2 2
left_child=4 3 -3 -2 -1 6 -6 -8 -5 10 -4 -7 -11 -10
right_child=1 2 9 8 5 11 7 -9 13 12 -12 -13 -14 -15
leaf_value=-0.045487258998971242 0.054881583598622108 -0.019587478761820765 0.095971319668561872 0.059870439225977123 0.095367241372104478 0.071940908317382521 0.11362971834540368 0.017758772038202732 -0.041580486147025926 0.043782159993052482 0.028356904707573079 -0.0076979279571728742 -0.059940407957349506 -0.020337952899542055
leaf_weight=57 57 244 92 22 123 26 25 200 439 25 81 139 21 428
leaf_count=57 57 244 92 22 123 26 25 200 439 25 81 139 21 428
internal_value=-5.22934e-11 -0.01159 0.0133536 -0.0237982 0.0286497 0.0368872 0.0520766 0.0284111 -0.0288429 0.0500551 0.0643137 0.00485122 -0.00356945 -0.031094
internal_weight=1979 1409 463 946 570 513 348 225 889 219 173 165 46 867
internal_count=1979 1409 463 946 570 513 348 225 889 219 173 165 46 867
is_linear=0
shrinkage=0.01


Tree=50
num_leaves=15
num_cat=0
split_feature=1 6 7 5 5 4 0 6 4 5 4 5 3 6
split_gain=6444.11 5111.49 3137.43 5467.97 5217.55 2635.52 2158.7 2190.13 2102.54 1413.43 2011.53 1384.56 1336.17 911.261
threshold=44.354166670000005 7.7785000000000002 -0.52247866957162958 0.38522916650000005 0.39081250000000006 0.35022916650000008 6.5732785000000007 10.216500000000002 0.35137500000000005 0.41495833350000005 0.40127083350000009 0.39725000000000005 6.3404166665000004 6.5500000000000007
decision_type=2 2 2 2 2 2 2 2 2 2 2 2 2 2
left_child=6 12 3 5 -4 -3 13 9 -5 10 -8 -6 -2 -1
right_child=1 2 4 8 11 -7 7 -9 -10 -11 -12 -13 -14 -15
leaf_value=0.032418407704535641 0.0070299327051317377 -0.012231417056173087 -0.028156989367978117 0.023229623935311229 0.092267667939481532 0.082338434257885298 0.02461613971553743 0.0088749278973167152 -0.034983833286435888 0.029127756783410029 0.10840424992955557 0.039287249318437079 -0.038391283154631167 -0.019536612374817623
leaf_weight=56 74 46 112 74 69 82 40 96 384 68 101 173 519 85
leaf_count=56 74 46 112 74 69 82 40 96 384 68 101 173 519 85
internal_value=1.20225e-10 -0.00973319 0.00477009 -0.00942951 0.0282757 0.0483524 0.0334551 0.0484136 -0.0255782 0.0665749 0.0846346 0.0543932 -0.0327232 0.00109801
internal_weight=1979 1533 940 586 354 128 446 305 458 209 141 242 593 141
internal_count=1979 1533 940 586 354 128 446 305 458 209 141 242 593 141
is_linear=0
shrinkage=0.01


Tree=51
num_leaves=15
num_cat=0
split_feature=1 6 3 0 5 6 3 2 4 0 6 4 0 3
split_gain=6321.74 4133.38 3384.57 2679.61 2405.61 3459.64 1988.84 1506.69 2490.46 1740.2 1352.59 1053.5 1333.82 1054.79
threshold=59.229166670000005 8.9920000000000027 7.3404166665000004 18.053714000000003 0.41693750000000002 8.9920000000000027 9.7081250000000008 13.538333335000003 0.38587500000000002 15.334159000000001 5.7855000000000008 0.35022916650000008 15.998122000000002 8.2643750000000029
decision_type=2 2 2 2 2 2 2 2 2 2 2 2 2 2
left_child=2 11 -1 7 5 -4 -7 9 -9 -3 -6 12 -2 -13
right_child=1 3 4 -5 10 6 -8 8 -10 -11 -12 13 -14 -15
leaf_value=-0.045002589779987667 0.074742681871760974 0.020451571538221618 0.09377864200833852 -0.039253269425880546 0.075915558915990208 0.11191332873702049 0.017310136451896687 0.0012072030827403068 0.0609801449090034 -0.029606290098803105 -0.0067484197762965317 -0.023135677450049071 -0.025779252941861296 -0.050517363050256413
leaf_weight=57 22 163 123 107 23 25 200 136 143 121 142 486 33 198
leaf_count=57 22 163 123 107 23 25 200 136 143 121 142 486 33 198
internal_value=1.0413e-10 -0.0113678 0.0281005 0.00662013 0.036223 0.051134 0.0278216 0.0153385 0.0318435 -0.000875898 0.00477444 -0.0276763 0.0144295 -0.031062
internal_weight=1979 1409 570 670 513 348 225 563 279 284 165 739 55 684
internal_count=1979 1409 570 670 513 348 225 563 279 284 165 739 55 684
is_linear=0
shrinkage=0.01


Tree=52
num_leaves=15
num_cat=0
split_feature=1 6 7 5 5 4 0 6 4 5 4 5 3 6
split_gain=6197.41 4934.23 3026.7 5342.78 5077.81 2560.67 2075.24 2121.69 2046.97 1365.7 1964.12 1344.45 1307.67 890.141
threshold=44.354166670000005 7.7785000000000002 -0.52247866957162958 0.38522916650000005 0.39081250000000006 0.35022916650000008 6.5732785000000007 10.216500000000002 0.35137500000000005 0.41495833350000005 0.40127083350000009 0.39725000000000005 6.3404166665000004 6.5500000000000007
decision_type=2 2 2 2 2 2 2 2 2 2 2 2 2 2
left_child=6 12 3 5 -4 -3 13 9 -5 10 -8 -6 -2 -1
right_child=1 2 4 8 11 -7 7 -9 -10 -11 -12 -13 -14 -15
leaf_value=0.032038354813121263 0.007193945146895744 -0.01184278964307969 -0.027880268902684163 0.022953481996381603 0.090878890875888921 0.081374301339794938 0.023795417444780469 0.0085589617413158216 -0.034485515126919684 0.028540842298637417 0.10659019505992384 0.038671388195429236 -0.03774021679381185 -0.019311048774158252
leaf_weight=56 74 46 112 74 69 82 40 96 384 68 101 173 519 85
leaf_count=56 74 46 112 74 69 82 40 96 384 68 101 173 519 85
internal_value=-4.68155e-11 -0.00954506 0.00470452 -0.00924225 0.0277915 0.0478744 0.0328085 0.047475 -0.025205 0.0653503 0.0831023 0.053557 -0.0321329 0.00108304
internal_weight=1979 1533 940 586 354 128 446 305 458 209 141 242 593 141
internal_count=1979 1533 940 586 354 128 446 305 458 209 141 242 593 141
is_linear=0
shrinkage=0.01


Tree=53
num_leaves=15
num_cat=0
split_feature=1 3 4 5 3 5 6 3 4 4 5 6 0 7
split_gain=6081.68 3975.5 5252.64 3519.72 3291.01 2318.21 3357.19 1936.6 1677.61 1630.46 1868.18 1321.39 1200.07 938.875
threshold=59.229166670000005 12.003958330000001 0.39147916650000009 0.38660416700000005 7.3404166665000004 0.41693750000000002 8.9920000000000027 9.7081250000000008 0.33568750000000008 0.40993750000000007 0.39895833350000004 6.378000000000001 14.153564500000002 -0.63605400036818815
decision_type=2 2 2 2 2 2 2 2 2 2 2 2 2 2
left_child=4 3 -3 -2 -1 6 -6 -8 -5 10 -4 -7 -11 -10
right_child=1 2 9 8 5 11 7 -9 13 12 -12 -13 -14 -15
leaf_value=-0.044523875002275441 0.053275507249330216 -0.01904963882090371 0.093317032702591104 0.058451368564909158 0.092217370821693095 0.055565093110482668 0.11022428424358369 0.016871723207086325 -0.040248688185388105 0.042310653430223465 0.027461022517563386 -0.011044939021979059 -0.060231358210245771 -0.019434507965832671
leaf_weight=57 57 244 92 22 123 39 25 200 439 25 81 126 21 428
leaf_count=57 57 244 92 22 123 39 25 200 439 25 81 126 21 428
internal_value=3.56058e-11 -0.0111499 0.0128603 -0.0229012 0.0275618 0.0355713 0.0502089 0.0272442 -0.0277854 0.0484129 0.0624827 0.00469925 -0.004502 -0.0299736
internal_weight=1979 1409 463 946 570 513 348 225 889 219 173 165 46 867
internal_count=1979 1409 463 946 570 513 348 225 889 219 173 165 46 867
is_linear=0
shrinkage=0.01


Tree=54
num_leaves=15
num_cat=0
split_feature=1 6 7 5 5 4 0 6 4 5 4 3 3 6
split_gain=5960.78 4771.36 2916.24 5182.6 4924.05 2490.33 1993.36 2054.85 1990.03 1320.44 1917.84 1295.24 1278.96 867.663
threshold=44.354166670000005 7.7785000000000002 -0.52247866957162958 0.38522916650000005 0.39081250000000006 0.35022916650000008 6.5732785000000007 10.216500000000002 0.35137500000000005 0.41495833350000005 0.40127083350000009 12.978958335000003 6.3404166665000004 6.5500000000000007
decision_type=2 2 2 2 2 2 2 2 2 2 2 2 2 2
left_child=6 12 3 5 -4 -3 13 9 -5 10 -8 -6 -2 -1
right_child=1 2 4 8 11 -7 7 -9 -10 -11 -12 -13 -14 -15
leaf_value=0.031644767675482272 0.0073197424733960946 -0.011675922860917839 -0.027509231002810077 0.022723805884251724 0.026035997076676441 0.080251951269441998 0.022993181519210339 0.0082521253886322175 -0.03391068556862592 0.0279472958022619 0.1048067108585988 0.072769252021891481 -0.037118405218815757 -0.019052155980292491
leaf_weight=56 74 46 112 74 104 82 40 96 384 68 101 138 519 85
leaf_count=56 74 46 112 74 104 82 40 96 384 68 101 138 519 85
internal_value=5.4357e-11 -0.00936106 0.00465138 -0.00903852 0.0273132 0.0472154 0.032176 0.0465502 -0.0247601 0.0641417 0.0815972 0.0526855 -0.031573 0.00108279
internal_weight=1979 1533 940 586 354 128 446 305 458 209 141 242 593 141
internal_count=1979 1533 940 586 354 128 446 305 458 209 141 242 593 141
is_linear=0
shrinkage=0.01


Tree=55
num_leaves=15
num_cat=0
split_feature=1 6 3 0 5 6 3 2 4 0 6 4 0 3
split_gain=5853.3 3830.73 3200.57 2530.36 2234.61 3256.4 1886.25 1432.29 2347.54 1628.35 1289.52 975.926 1293.42 1017.87
threshold=59.229166670000005 8.9920000000000027 7.3404166665000004 18.053714000000003 0.41693750000000002 8.9920000000000027 9.7081250000000008 13.538333335000003 0.38587500000000002 15.334159000000001 5.7855000000000008 0.35022916650000008 15.998122000000002 8.2643750000000029
decision_type=2 2 2 2 2 2 2 2 2 2 2 2 2 2
left_child=2 11 -1 7 5 -4 -7 9 -9 -3 -6 12 -2 -13
right_child=1 3 4 -5 10 6 -8 8 -10 -11 -12 13 -14 -15
leaf_value=-0.044048835436503099 0.073280203884298151 0.019672162377166968 0.090682345829540642 -0.038199155428490353 0.074090644535811045 0.1085862224817276 0.016455151749867947 0.0011985215293380488 0.059230942553938272 -0.028750297425945929 -0.0066232687095836018 -0.022110912762735607 -0.025707887528520643 -0.04900910470879289
leaf_weight=57 22 163 123 107 23 25 200 136 143 121 142 486 33 198
leaf_count=57 22 163 123 107 23 25 200 136 143 121 142 486 33 198
internal_value=-4.04201e-11 -0.0109385 0.0270393 0.00637834 0.034938 0.0493092 0.0266919 0.0148504 0.0309427 -0.000958534 0.00462776 -0.0266386 0.0138873 -0.0298972
internal_weight=1979 1409 570 670 513 348 225 563 279 284 165 739 55 684
internal_count=1979 1409 570 670 513 348 225 563 279 284 165 739 55 684
is_linear=0
shrinkage=0.01


Tree=56
num_leaves=15
num_cat=0
split_feature=1 6 3 0 5 6 3 2 4 0 6 4 0 3
split_gain=5736.82 3754.5 3136.88 2480 2190.14 3191.6 1848.72 1403.78 2300.82 1595.95 1267.17 956.505 1267.68 997.612
threshold=59.229166670000005 8.9920000000000027 7.3404166665000004 18.053714000000003 0.41693750000000002 8.9920000000000027 9.7081250000000008 13.538333335000003 0.38587500000000002 15.334159000000001 6.5500000000000007 0.35022916650000008 15.998122000000002 8.2643750000000029
decision_type=2 2 2 2 2 2 2 2 2 2 2 2 2 2
left_child=2 11 -1 7 5 -4 -7 9 -9 -3 -6 12 -2 -13
right_child=1 3 4 -5 10 6 -8 8 -10 -11 -12 13 -14 -15
leaf_value=-0.043608346696485549 0.072547401840036566 0.019475440260000025 0.089775523895897519 -0.037817164829749374 0.047847543354922285 0.10750035786628724 0.016290600242861546 0.001186535655767383 0.058638633484919593 -0.028462794037643544 -0.013168693433205288 -0.021889803571772184 -0.025450808374267636 -0.048519012438041645
leaf_weight=57 22 163 123 107 48 25 200 136 143 121 117 486 33 198
leaf_count=57 22 163 123 107 48 25 200 136 143 121 117 486 33 198
internal_value=1.37525e-10 -0.0108292 0.0267689 0.00631456 0.0345886 0.0488161 0.026425 0.0147019 0.0306333 -0.000948948 0.00458148 -0.0263722 0.0137485 -0.0295983
internal_weight=1979 1409 570 670 513 348 225 563 279 284 165 739 55 684
internal_count=1979 1409 570 670 513 348 225 563 279 284 165 739 55 684
is_linear=0
shrinkage=0.01


Tree=57
num_leaves=15
num_cat=0
split_feature=1 6 0 2 3 7 0 6 5 4 3 6 7 5
split_gain=5625.37 4537.96 2790.79 2055.66 2983.84 2416.7 1877.85 1967.02 1258.65 1865.74 1249.89 841.229 1608.88 818.392
threshold=44.354166670000005 7.7785000000000002 17.047317500000002 13.782083335000001 13.753958335000002 -0.25881904510252068 6.5732785000000007 10.216500000000002 0.41495833350000005 0.40127083350000009 6.3404166665000004 6.5500000000000007 0.87878364999916159 0.40597916650000004
decision_type=2 2 2 2 2 2 2 2 2 2 2 2 2 2
left_child=6 10 3 5 -5 -3 11 8 9 -8 13 12 -1 -2
right_child=1 2 -4 4 -6 -7 7 -9 -10 -11 -12 -13 -14 -15
leaf_value=-0.026404442878869862 -0.030406625159084797 -0.011608261490842646 -0.024369366314031218 0.08232849678240324 -0.0011359844177674789 0.032989693736474132 0.021660303335636854 0.0077385045091311134 0.027083239282673116 0.10235483258372487 -0.036237740881008909 -0.018747130762128267 0.081070764854550351 0.036720317062877476
leaf_weight=26 32 328 246 95 78 193 40 96 68 101 519 85 30 42
leaf_count=26 32 328 246 95 78 193 40 96 68 101 519 85 30 42
internal_value=-2.74166e-10 -0.00909387 0.00457153 0.0148301 0.0446971 0.00491267 0.0312576 0.0452092 0.0624206 0.0794628 -0.0307557 0.00107873 0.0311716 0.00769245
internal_weight=1979 1533 940 694 173 521 446 305 209 141 593 141 56 74
internal_count=1979 1533 940 694 173 521 446 305 209 141 593 141 56 74
is_linear=0
shrinkage=0.01


Tree=58
num_leaves=15
num_cat=0
split_feature=1 3 4 5 3 5 6 3 4 4 5 6 0 7
split_gain=5515.35 3608.63 4872.03 3332.77 3030.44 2117.06 3099.4 1801.45 1576 1572.49 1777.92 1231.14 1164.82 905.161
threshold=59.229166670000005 12.003958330000001 0.39147916650000009 0.38660416700000005 7.3404166665000004 0.41693750000000002 8.9920000000000027 9.7081250000000008 0.33568750000000008 0.40993750000000007 0.39895833350000004 5.7855000000000008 14.153564500000002 -0.608738249238853
decision_type=2 2 2 2 2 2 2 2 2 2 2 2 2 2
left_child=4 3 -3 -2 -1 6 -6 -8 -5 10 -4 -7 -11 -10
right_child=1 2 9 8 5 11 7 -9 13 12 -12 -13 -14 -15
leaf_value=-0.042925876995973423 0.052312037923879791 -0.018474619520606746 0.090395407550360837 0.057017780379815537 0.088284613701507322 0.072302965858708254 0.10588805078864098 0.015851802795752882 -0.038410608157454118 0.040652283252775673 0.026149882563838253 -0.0065626603326904521 -0.060372756435757589 -0.017950013919362743
leaf_weight=57 57 244 92 22 123 23 25 200 455 25 81 142 21 412
leaf_count=57 57 244 92 22 123 23 25 200 455 25 81 142 21 412
internal_value=-1.65774e-10 -0.0106181 0.0122574 -0.021814 0.0262471 0.033933 0.0479212 0.0258558 -0.0265668 0.0464977 0.0603151 0.00443073 -0.00546784 -0.0286877
internal_weight=1979 1409 463 946 570 513 348 225 889 219 173 165 46 867
internal_count=1979 1409 463 946 570 513 348 225 889 219 173 165 46 867
is_linear=0
shrinkage=0.01


Tree=59
num_leaves=15
num_cat=0
split_feature=1 6 0 2 3 7 0 6 3 5 4 6 7 5
split_gain=5409.86 4388.1 2707.98 1980.79 2893.37 2329.83 1804.96 1905.51 1222.05 1216.19 1821.85 821.707 1555.95 802.249
threshold=44.354166670000005 7.7785000000000002 17.047317500000002 13.782083335000001 13.753958335000002 -0.25881904510252068 6.5732785000000007 10.216500000000002 6.3404166665000004 0.41495833350000005 0.40127083350000009 6.5500000000000007 0.87878364999916159 0.40597916650000004
decision_type=2 2 2 2 2 2 2 2 2 2 2 2 2 2
left_child=6 8 3 5 -5 -3 11 9 13 10 -8 12 -1 -2
right_child=1 2 -4 4 -6 -7 7 -9 -10 -11 -12 -13 -14 -15
leaf_value=-0.025813763233331535 -0.029923058040440084 -0.011331284164178482 -0.023988394431194396 0.080999708219578401 -0.0011897309210437996 0.032457730743667312 0.020904911328572782 0.0074509978527203206 -0.035639788886830066 0.026535091092673078 0.10064480328028745 -0.018528820966973027 0.079878779976318287 0.036538561412266322
leaf_weight=26 32 328 246 95 78 193 40 96 519 68 101 85 30 42
leaf_count=26 32 328 246 95 78 193 40 96 519 68 101 85 30 42
internal_value=-1.50569e-10 -0.00891798 0.0045199 0.0146251 0.0439432 0.00488998 0.030653 0.0443312 -0.0302192 0.0612713 0.0780236 0.00106564 0.0308072 0.0077984
internal_weight=1979 1533 940 694 173 521 446 305 593 209 141 141 56 74
internal_count=1979 1533 940 694 173 521 446 305 593 209 141 141 56 74
is_linear=0
shrinkage=0.01


Tree=60
num_leaves=15
num_cat=0
split_feature=1 6 3 0 5 6 3 2 4 0 6 4 0 3
split_gain=5302.4 3484.25 2927.7 2340.34 2046.48 3009.91 1755.41 1328.21 2150.43 1501.84 1190.28 916.406 1229.09 975.946
threshold=59.229166670000005 8.9920000000000027 7.3404166665000004 18.053714000000003 0.41693750000000002 8.9920000000000027 9.7081250000000008 13.538333335000003 0.38587500000000002 15.334159000000001 5.7855000000000008 0.35022916650000008 15.998122000000002 8.2643750000000029
decision_type=2 2 2 2 2 2 2 2 2 2 2 2 2 2
left_child=2 11 -1 7 5 -4 -7 9 -9 -3 -6 12 -2 -13
right_child=1 3 4 -5 10 6 -8 8 -10 -11 -12 13 -14 -15
leaf_value=-0.0422549293334024 0.071783402616327457 0.018841177152892564 0.086819341155734461 -0.036766903202667414 0.071019892485245414 0.10430133714945987 0.015423083444684745 0.0012803859677275316 0.056823150156052799 -0.027662127309840571 -0.0065258252683659682 -0.020917702281671297 -0.024711566202794064 -0.047256149422621942
leaf_weight=57 22 163 123 107 23 25 200 136 143 121 142 486 33 198
leaf_count=57 22 163 123 107 23 25 200 136 143 121 142 486 33 198
internal_value=-2.43636e-10 -0.0104111 0.0257354 0.00610415 0.0332899 0.0470429 0.0252984 0.0142519 0.0297485 -0.00097185 0.00428358 -0.0253843 0.0138864 -0.028542
internal_weight=1979 1409 570 670 513 348 225 563 279 284 165 739 55 684
internal_count=1979 1409 570 670 513 348 225 563 279 284 165 739 55 684
is_linear=0
shrinkage=0.01


Tree=61
num_leaves=15
num_cat=0
split_feature=1 6 0 2 3 7 0 6 3 5 4 6 3 5
split_gain=5202.58 4236.79 2616.09 1914.39 2811.84 2254.67 1734.8 1845.87 1195.9 1175.16 1779.01 802.648 1510.98 786.406
threshold=44.354166670000005 7.7785000000000002 17.047317500000002 13.782083335000001 13.753958335000002 -0.25881904510252068 6.5732785000000007 10.216500000000002 6.3404166665000004 0.41495833350000005 0.40127083350000009 6.5500000000000007 7.9956250000000013 0.40597916650000004
decision_type=2 2 2 2 2 2 2 2 2 2 2 2 2 2
left_child=6 8 3 5 -5 -3 11 9 13 10 -8 12 -1 -2
right_child=1 2 -4 4 -6 -7 7 -9 -10 -11 -12 -13 -14 -15
leaf_value=-0.0082686435658898619 -0.02941465124487877 -0.011137085011876302 -0.023561699593598707 0.079744149531188774 -0.0012789798709444511 0.031939848499285745 0.020166801042854784 0.0071712816848109161 -0.035038501013335929 0.025997496059383538 0.098963565197819375 -0.018312474484829342 0.10013815772533416 0.036387434176036286
leaf_weight=36 32 328 246 95 78 193 40 96 519 68 101 85 20 42
leaf_count=36 32 328 246 95 78 193 40 96 519 68 101 85 20 42
internal_value=2.41033e-10 -0.00874546 0.0044587 0.014391 0.0432135 0.0048204 0.0300601 0.0434697 -0.0296762 0.0601427 0.0766099 0.00105342 0.0304481 0.00793248
internal_weight=1979 1533 940 694 173 521 446 305 593 209 141 141 56 74
internal_count=1979 1533 940 694 173 521 446 305 593 209 141 141 56 74
is_linear=0
shrinkage=0.01


Tree=62
num_leaves=15
num_cat=0
split_feature=1 6 0 2 3 7 0 6 3 5 4 6 7 5
split_gain=5099.05 4152.48 2564.03 1876.29 2755.88 2209.8 1700.28 1810.4 1172.1 1151.84 1829.48 786.675 1486.16 770.757
threshold=44.354166670000005 7.7785000000000002 17.047317500000002 13.782083335000001 13.753958335000002 -0.25881904510252068 6.5732785000000007 10.069000000000001 6.3404166665000004 0.41495833350000005 0.4024791665000001 6.5500000000000007 0.87878364999916159 0.40597916650000004
decision_type=2 2 2 2 2 2 2 2 2 2 2 2 2 2
left_child=6 8 3 5 -5 -3 11 9 13 10 -8 12 -1 -2
right_child=1 2 -4 4 -6 -7 7 -9 -10 -11 -12 -13 -14 -15
leaf_value=-0.025192961990833283 -0.029120504707098007 -0.011025714338529946 -0.023326082689445315 0.078946709080746302 -0.0012661898074050745 0.031620449875457299 0.025397236761839494 0.0084098579129665216 -0.034688116277573428 0.026199442924959446 0.10277638486780964 -0.018129349910161074 0.078101934182147184 0.036023559740611485
leaf_weight=26 32 328 246 95 78 193 46 101 519 67 91 85 30 42
leaf_count=26 32 328 246 95 78 193 46 101 519 67 91 85 30 42
internal_value=1.31364e-10 -0.00865801 0.00441412 0.0142471 0.0427814 0.00477219 0.0297595 0.043035 -0.0293794 0.0601779 0.0767951 0.00104288 0.0301436 0.00785315
internal_weight=1979 1533 940 694 173 521 446 305 593 204 137 141 56 74
internal_count=1979 1533 940 694 173 521 446 305 593 204 137 141 56 74
is_linear=0
shrinkage=0.01


Tree=63
num_leaves=15
num_cat=0
split_feature=1 6 3 0 5 6 3 2 4 0 6 4 0 3
split_gain=5000.3 3283.62 2792.94 2230.49 1948.97 2895.43 1701.33 1277.79 2053.31 1435.74 1141.35 893.647 1198.61 962.533
threshold=59.229166670000005 8.9920000000000027 7.3404166665000004 18.053714000000003 0.41693750000000002 8.9920000000000027 9.7081250000000008 13.538333335000003 0.38587500000000002 15.334159000000001 5.7855000000000008 0.35022916650000008 15.998122000000002 8.2643750000000029
decision_type=2 2 2 2 2 2 2 2 2 2 2 2 2 2
left_child=2 11 -1 7 5 -4 -7 9 -9 -3 -6 12 -2 -13
right_child=1 3 4 -5 10 6 -8 8 -10 -11 -12 13 -14 -15
leaf_value=-0.041415541726246216 0.071308816237883127 0.01831693055553853 0.084804112386957911 -0.035930355508076287 0.069413675121639082 0.10224107858538627 0.014742489145882427 0.0012585846515481963 0.055532564432262545 -0.02715161753987724 -0.0065217028211959653 -0.020192386929880936 -0.023982303424766573 -0.046349218480966306
leaf_weight=57 22 163 123 107 23 25 200 136 143 121 142 486 33 198
leaf_count=57 22 163 123 107 23 25 200 136 143 121 142 486 33 198
internal_value=1.25593e-10 -0.0101101 0.0249915 0.00592252 0.0323701 0.0457915 0.0244646 0.0138768 0.0290764 -0.00105523 0.00406323 -0.0246458 0.0141341 -0.0277641
internal_weight=1979 1409 570 670 513 348 225 563 279 284 165 739 55 684
internal_count=1979 1409 570 670 513 348 225 563 279 284 165 739 55 684
is_linear=0
shrinkage=0.01


Tree=64
num_leaves=15
num_cat=0
split_feature=1 6 0 2 3 7 0 6 3 5 4 7 6 3
split_gain=4903.57 4009.46 2476.9 1813.28 2678.17 2138.54 1634 1753.63 1146.97 1113.38 1706.54 778.359 773.488 1521.56
threshold=44.354166670000005 7.7785000000000002 17.047317500000002 13.782083335000001 13.753958335000002 -0.25881904510252068 6.5732785000000007 10.216500000000002 6.3404166665000004 0.41495833350000005 0.40127083350000009 0.92384435400961407 6.4755000000000011 8.2508333335000028
decision_type=2 2 2 2 2 2 2 2 2 2 2 2 2 2
left_child=6 8 3 5 -5 -3 -1 9 -2 10 -8 -11 -10 -14
right_child=1 2 -4 4 -6 -7 7 -9 12 11 -12 -13 13 -15
leaf_value=0.0010321568068883099 0.007979413287059681 -0.010836445565290023 -0.022910227183994603 0.077721925133153014 -0.0013520119353555716 0.031116454860320979 0.019195912301307544 0.006817788758004705 -0.047368371674493578 0.077626364707946774 0.096370925545176067 0.0033742366203417381 -0.0062380567160985802 -0.055428312665537785
leaf_weight=141 74 328 246 95 78 193 40 96 238 20 101 48 186 95
leaf_count=141 74 328 246 95 78 193 40 96 238 20 101 48 186 95
internal_value=1.96759e-11 -0.00849043 0.00435461 0.0140191 0.0420701 0.00470465 0.0291835 0.0421977 -0.0288519 0.0584488 0.0744773 0.0252131 -0.0341034 -0.0228682
internal_weight=1979 1533 940 694 173 521 446 305 593 209 141 68 519 281
internal_count=1979 1533 940 694 173 521 446 305 593 209 141 68 519 281
is_linear=0
shrinkage=0.01


Tree=65
num_leaves=15
num_cat=0
split_feature=1 6 3 0 5 6 3 2 4 0 6 4 2 3
split_gain=4806.78 3155.48 2706.18 2155.8 1880.76 2813.85 1659.87 1240.83 1986.36 1389.79 1125.91 881.054 1577.47 1181.59
threshold=59.229166670000005 8.9920000000000027 7.3404166665000004 18.053714000000003 0.41693750000000002 8.9920000000000027 9.7081250000000008 13.538333335000003 0.38587500000000002 15.334159000000001 6.378000000000001 0.36195833350000006 12.108125000000003 7.9956250000000013
decision_type=2 2 2 2 2 2 2 2 2 2 2 2 2 2
left_child=2 11 -1 7 5 -4 -7 9 -9 -3 -6 12 -2 -13
right_child=1 3 4 -5 10 6 -8 8 -10 -11 -12 13 -14 -15
leaf_value=-0.040864330206001019 0.07416506459315618 0.017969302436557564 0.08340975384159785 -0.03534195058968214 0.050912150178964319 0.10074918969869615 0.014323461516574026 0.0012416887606548912 0.054623499701802553 -0.026765749244527383 -0.010573925144142576 -0.019726258593284533 -0.018980537531773249 -0.049604399683163124
leaf_weight=57 24 163 123 107 39 25 200 136 143 121 126 453 75 187
leaf_count=57 24 163 123 107 39 25 200 136 143 121 126 453 75 187
internal_value=-1.81152e-10 -0.00991257 0.0245032 0.00580415 0.0317662 0.0449506 0.0239263 0.0136241 0.0286023 -0.00109035 0.00395915 -0.0241618 0.00360021 -0.0284563
internal_weight=1979 1409 570 670 513 348 225 563 279 284 165 739 99 640
internal_count=1979 1409 570 670 513 348 225 563 279 284 165 739 99 640
is_linear=0
shrinkage=0.01


Tree=66
num_leaves=15
num_cat=0
split_feature=1 6 0 2 3 7 0 6 3 5 4 6 3 7
split_gain=4716.15 3869.39 2394.9 1751.06 2604.16 2069.41 1568.97 1699.51 1122.05 1076.76 1746.66 764.176 1440.64 761.527
threshold=44.354166670000005 7.7785000000000002 17.047317500000002 13.782083335000001 13.753958335000002 -0.25881904510252068 6.5732785000000007 10.069000000000001 6.3404166665000004 0.41495833350000005 0.4024791665000001 6.5500000000000007 7.9956250000000013 0.92384435400961407
decision_type=2 2 2 2 2 2 2 2 2 2 2 2 2 2
left_child=6 8 3 5 -5 -3 11 9 -2 10 -8 12 -1 -11
right_child=1 2 -4 4 -6 -7 7 -9 -10 13 -12 -13 -14 -15
leaf_value=-0.0080884471866819602 0.008099737505655031 -0.010645872076132856 -0.022517621224912684 0.076516584253232725 -0.0014571145081367248 0.030623407932143135 0.023827949851427391 0.0078249657847503633 -0.033523306376327666 0.076812064170837399 0.099435362754451057 -0.017861197944073117 0.097765185236930854 0.0031377412299526497
leaf_weight=36 74 328 246 95 78 193 46 101 519 20 91 85 20 47
leaf_count=36 74 328 246 95 78 193 46 101 519 20 91 85 20 47
internal_value=7.94377e-11 -0.00832659 0.00429208 0.0137952 0.0413608 0.00464198 0.0286203 0.0413729 -0.0283292 0.0579824 0.0740489 0.00103488 0.0297164 0.0251301
internal_weight=1979 1533 940 694 173 521 446 305 593 204 137 141 56 67
internal_count=1979 1533 940 694 173 521 446 305 593 204 137 141 56 67
is_linear=0
shrinkage=0.01


Tree=67
num_leaves=15
num_cat=0
split_feature=1 6 0 2 3 7 0 6 3 5 4 6 7 5
split_gain=4622.29 3792.39 2347.24 1716.22 2552.34 2028.23 1537.74 1665.69 1099.72 1055.33 1712 761.494 1480.9 755.655
threshold=44.354166670000005 7.7785000000000002 17.047317500000002 13.782083335000001 13.753958335000002 -0.25881904510252068 6.5732785000000007 10.069000000000001 6.3404166665000004 0.41495833350000005 0.40127083350000009 6.4755000000000011 -0.55191596924288666 0.40597916650000004
decision_type=2 2 2 2 2 2 2 2 2 2 2 2 2 2
left_child=6 8 3 5 -5 -3 -1 9 13 10 -8 -10 -13 -2
right_child=1 2 -4 4 -6 -7 7 -9 11 -11 -12 12 -14 -15
leaf_value=0.0010245290789621096 -0.02859090354293585 -0.010539413378914682 -0.022292445109990556 0.075751418765634307 -0.0014425433274262991 0.030317174095486732 0.018259734347462656 0.0077467163703819307 -0.046349843099337672 0.0248787749302921 0.096008938804806515 -0.041007636282258411 0.0057449798521242643 0.035911804693085803
leaf_weight=141 32 328 246 95 78 193 40 101 238 67 97 167 114 42
leaf_count=141 32 328 246 95 78 193 40 101 238 67 97 167 114 42
internal_value=-5.04204e-11 -0.00824332 0.00424916 0.0136573 0.0409472 0.00459556 0.0283341 0.0409592 -0.0280459 0.0574026 0.0733084 -0.0331881 -0.0220404 0.00801874
internal_weight=1979 1533 940 694 173 521 446 305 593 204 137 519 281 74
internal_count=1979 1533 940 694 173 521 446 305 593 204 137 519 281 74
is_linear=0
shrinkage=0.01


Tree=68
num_leaves=15
num_cat=0
split_feature=1 6 3 0 5 6 3 2 4 0 6 4 2 3
split_gain=4530.66 2972.34 2589.65 2054.79 1788.74 2706.54 1611.51 1193.95 1896.7 1328.77 1099.94 857.059 1540.7 1158.3
threshold=59.229166670000005 8.9920000000000027 7.3404166665000004 18.053714000000003 0.41693750000000002 8.9920000000000027 9.7081250000000008 13.538333335000003 0.38587500000000002 15.334159000000001 5.7855000000000008 0.36195833350000006 12.108125000000003 7.9956250000000013
decision_type=2 2 2 2 2 2 2 2 2 2 2 2 2 2
left_child=2 11 -1 7 5 -4 -7 9 -9 -3 -6 12 -2 -13
right_child=1 3 4 -5 10 6 -8 8 -10 -11 -12 13 -14 -15
leaf_value=-0.040155726242483709 0.073665734529495236 0.017467393062643114 0.081470449316065494 -0.034540430218956183 0.067929381443106604 0.09882779180854559 0.013670323940739035 0.0012212595529854297 0.053384434589660253 -0.026274524215331749 -0.0066154776859871098 -0.019045250839810762 -0.018387844635049503 -0.048627398963918024
leaf_weight=57 24 163 123 107 23 25 200 136 143 121 142 453 75 187
leaf_count=57 24 163 123 107 23 25 200 136 143 121 142 453 75 187
internal_value=2.48026e-10 -0.00962365 0.023789 0.00563016 0.030894 0.0437518 0.0231323 0.0132647 0.0279572 -0.00116913 0.00377562 -0.0234532 0.00392817 -0.0276888
internal_weight=1979 1409 570 670 513 348 225 563 279 284 165 739 99 640
internal_count=1979 1409 570 670 513 348 225 563 279 284 165 739 99 640
is_linear=0
shrinkage=0.01


Tree=69
num_leaves=15
num_cat=0
split_feature=1 6 0 2 3 7 0 6 3 5 4 7 6 3
split_gain=4444.96 3659.61 2269.44 1657.22 2481.79 1962.64 1477.57 1614.25 1075.68 1020.3 1599.05 760.132 749.262 1446.52
threshold=44.354166670000005 7.7785000000000002 17.047317500000002 13.782083335000001 13.753958335000002 -0.25881904510252068 6.5732785000000007 10.216500000000002 6.3404166665000004 0.41495833350000005 0.40127083350000009 0.92384435400961407 6.4755000000000011 8.2508333335000028
decision_type=2 2 2 2 2 2 2 2 2 2 2 2 2 2
left_child=6 8 3 5 -5 -3 -1 9 -2 10 -8 -11 -10 -14
right_child=1 2 -4 4 -6 -7 7 -9 12 11 -12 -13 13 -15
leaf_value=0.0010153497768737745 0.0081318584326151265 -0.010353725738028383 -0.021909857565400804 0.074575616435000769 -0.0015439921455123488 0.029836748069239097 0.017584484230726959 0.0062161292508244514 -0.045677772889993772 0.075732651948928836 0.092289606992265974 0.0023550689383409918 -0.00534944369587847 -0.053311446214977069
leaf_weight=141 74 328 246 95 78 193 40 96 238 20 101 48 186 95
leaf_count=141 74 328 246 95 78 193 40 96 238 20 101 48 186 95
internal_value=-2.19301e-11 -0.00808365 0.00418819 0.0134391 0.0402558 0.00453449 0.0277853 0.0401609 -0.0275365 0.0557528 0.0710967 0.0239367 -0.0326221 -0.0215644
internal_weight=1979 1533 940 694 173 521 446 305 593 209 141 68 519 281
internal_count=1979 1533 940 694 173 521 446 305 593 209 141 68 519 281
is_linear=0
shrinkage=0.01


Tree=70
num_leaves=15
num_cat=0
split_feature=1 6 4 3 7 0 6 5 7 0 6 3 5 4
split_gain=4356.51 3586.78 2229.21 3929.67 2717.51 1448.17 1582.8 1399.7 2665.96 1646.47 1214.37 1054.28 999.931 1644.63
threshold=44.354166670000005 7.7785000000000002 0.39302083350000006 12.506041665000003 0.18222858652173737 6.5732785000000007 10.069000000000001 0.38422916650000005 -0.30069434954884217 15.578845500000002 11.535000000000002 6.3404166665000004 0.41495833350000005 0.4024791665000001
decision_type=2 2 2 2 2 2 2 2 2 2 2 2 2 2
left_child=5 11 7 4 -4 -1 12 8 -3 -9 -5 -2 13 -7
right_child=1 2 3 10 -6 6 -8 9 -10 -11 -12 -13 -14 -15
leaf_value=0.0010051968284215487 0.0080505397835293341 0.043694291063541668 -0.030454845995979106 0.085970148425071655 0.061183397571245836 0.022538893619633238 0.007383683764993554 0.013264636335999615 -0.052646854046063549 -0.030034323161238947 0.033984466969685732 -0.032295924067956637 0.024129710560525531 0.095904963949879449
leaf_weight=141 74 109 141 78 42 46 101 124 39 301 106 519 67 91
leaf_count=141 74 109 141 78 42 46 101 124 39 301 106 519 67 91
internal_value=7.07645e-11 -0.00800282 0.00414631 0.0233885 -0.00942312 0.0275074 0.0397593 -0.00817813 0.0183071 -0.0174012 0.0560219 -0.0272611 0.0557884 0.0712711
internal_weight=1979 1533 940 367 183 446 305 573 148 425 184 593 204 137
internal_count=1979 1533 940 367 183 446 305 573 148 425 184 593 204 137
is_linear=0
shrinkage=0.01


Tree=71
num_leaves=15
num_cat=0
split_feature=1 6 0 2 3 7 0 6 3 5 0 6 3 7
split_gain=4269.82 3515.41 2201.3 1617.84 2407.83 1870.36 1419.35 1551.79 1033.3 980.569 1540.11 746.329 1402.75 744.934
threshold=44.354166670000005 7.7785000000000002 17.047317500000002 13.782083335000001 13.753958335000002 -0.25881904510252068 6.5732785000000007 10.216500000000002 6.3404166665000004 0.41495833350000005 7.8696900000000012 6.5500000000000007 7.9956250000000013 0.92384435400961407
decision_type=2 2 2 2 2 2 2 2 2 2 2 2 2 2
left_child=6 8 3 5 -5 -3 11 9 -2 10 -8 12 -1 -11
right_child=1 2 -4 4 -6 -7 7 -9 -10 13 -12 -13 -14 -15
leaf_value=-0.0079646429088380596 0.007970034302891912 -0.010116363917023126 -0.021598417765945503 0.073516562387347217 -0.0014602520097142611 0.029117915367664182 0.11101811387322165 0.0060801313879589236 -0.031972965455841926 0.074734027862548832 0.043261047373782995 -0.017678978224449297 0.096487786412239082 0.0020937098634506886
leaf_weight=36 74 328 246 95 78 193 55 96 519 20 86 85 20 48
leaf_count=36 74 328 246 95 78 193 55 96 519 20 86 85 20 48
internal_value=-1.09557e-10 -0.00792279 0.00410484 0.0132158 0.039712 0.00441764 0.0272324 0.0393617 -0.0269885 0.0546489 0.0696911 0.000995145 0.0293398 0.0234585
internal_weight=1979 1533 940 694 173 521 446 305 593 209 141 141 56 68
internal_count=1979 1533 940 694 173 521 446 305 593 209 141 141 56 68
is_linear=0
shrinkage=0.01


Tree=72
num_leaves=15
num_cat=0
split_feature=3 7 5 5 5 4 4 0 3 5 5 0 4 6
split_gain=4205.6 7328.48 5688.61 4578.61 2276.39 2021.11 1994.18 1889.37 1461.02 1088.76 1150.32 974.734 752.597 680.436
threshold=7.3018750000000008 -0.50751903745502724 0.38522916650000005 0.39177083350000003 0.42206250000000006 0.35022916650000008 0.35022916650000008 15.912836500000003 12.767500000000002 0.40968750000000004 0.40597916650000004 15.953489500000002 0.38689583350000006 6.5500000000000007
decision_type=2 2 2 2 2 2 2 2 2 2 2 2 2 2
left_child=9 2 5 -3 8 -2 7 -4 -5 10 -1 -8 -12 -6
right_child=1 3 6 4 13 -7 11 -9 -10 -11 12 -13 -14 -15
leaf_value=-0.041086467536720066 -0.0084640876495319858 -0.028112384538565363 0.081407920440038042 0.034313848772823098 0.02971661242571744 0.074172330468174924 -0.047638764775927281 -0.02104450154966778 0.068739825929907794 -0.044206027705565712 -0.035112322171529139 -0.020621947568493434 0.026143397566599724 -0.037227681197834255
leaf_weight=74 46 126 30 479 22 83 288 45 166 217 27 249 78 49
leaf_count=74 46 126 30 479 22 83 288 45 166 217 27 249 78 49
internal_value=1.27096e-10 0.00729119 -0.0156446 0.0274758 0.037258 0.0447051 -0.0283653 0.0199365 0.0431739 -0.0291463 -0.0108896 -0.0351114 0.0103919 -0.0164844
internal_weight=1979 1583 741 842 716 129 612 75 645 396 179 537 105 71
internal_count=1979 1583 741 842 716 129 612 75 645 396 179 537 105 71
is_linear=0
shrinkage=0.01


Tree=73
num_leaves=15
num_cat=0
split_feature=3 7 5 5 5 4 4 0 3 5 5 0 4 6
split_gain=4121.91 7182.64 5575.41 4487.5 2231.09 1980.89 1954.5 1851.77 1431.95 1067.1 1127.43 955.336 737.62 666.896
threshold=7.3018750000000008 -0.50751903745502724 0.38522916650000005 0.39177083350000003 0.42206250000000006 0.35022916650000008 0.35022916650000008 15.912836500000003 12.767500000000002 0.40968750000000004 0.40597916650000004 15.953489500000002 0.38689583350000006 6.5500000000000007
decision_type=2 2 2 2 2 2 2 2 2 2 2 2 2 2
left_child=9 2 5 -3 8 -2 7 -4 -5 10 -1 -8 -12 -6
right_child=1 3 6 4 13 -7 11 -9 -10 -11 12 -13 -14 -15
leaf_value=-0.04067560342518059 -0.0083794469872246619 -0.027831260638370638 0.080593841632207244 0.033970710325087874 0.02941944729198109 0.073430607387100361 -0.047162377446268992 -0.020834056165483263 0.068052427400869919 -0.043763967335979509 -0.034761199443428606 -0.020415728156151901 0.025881962119004665 -0.036855404637944032
leaf_weight=74 46 126 30 479 22 83 288 45 166 217 27 249 78 49
leaf_count=74 46 126 30 479 22 83 288 45 166 217 27 249 78 49
internal_value=9.98442e-12 0.00721828 -0.0154881 0.027201 0.0368855 0.044258 -0.0280817 0.0197371 0.0427421 -0.0288549 -0.0107807 -0.0347603 0.010288 -0.0163195
internal_weight=1979 1583 741 842 716 129 612 75 645 396 179 537 105 71
internal_count=1979 1583 741 842 716 129 612 75 645 396 179 537 105 71
is_linear=0
shrinkage=0.01


Tree=74
num_leaves=15
num_cat=0
split_feature=1 6 0 2 3 7 0 6 3 5 4 6 3 7
split_gain=4048.17 3314.99 2092.28 1543.89 2295.31 1754.74 1341.73 1513.06 995.262 962.112 1598.96 725.459 1352.11 719.623
threshold=44.354166670000005 7.7785000000000002 17.047317500000002 13.782083335000001 13.753958335000002 -0.25881904510252068 6.5732785000000007 10.069000000000001 6.3404166665000004 0.41495833350000005 0.4024791665000001 6.5500000000000007 7.9956250000000013 0.92384435400961407
decision_type=2 2 2 2 2 2 2 2 2 2 2 2 2 2
left_child=6 8 3 5 -5 -3 11 9 -2 10 -8 12 -1 -11
right_child=1 2 -4 4 -6 -7 7 -9 -10 13 -12 -13 -14 -15
leaf_value=-0.007672938712769084 0.0080804047552314965 -0.0098245356159239287 -0.021093336267801896 0.071736621924136823 -0.0014673343187389086 0.028177750939648076 0.021117516550356926 0.0066548363445787743 -0.03112054496371907 0.073166824996471411 0.093457590552804226 -0.017404771498897496 0.094876653552055365 0.0015481985503054681
leaf_weight=36 74 328 246 95 78 193 46 101 519 20 91 85 20 47
leaf_count=36 74 328 246 95 78 193 46 101 519 20 91 85 20 47
internal_value=7.74588e-11 -0.00771441 0.00396535 0.0128478 0.0387314 0.00425309 0.0265161 0.0383091 -0.0262287 0.0539811 0.0691682 0.0010064 0.0289519 0.0229269
internal_weight=1979 1533 940 694 173 521 446 305 593 204 137 141 56 67
internal_count=1979 1533 940 694 173 521 446 305 593 204 137 141 56 67
is_linear=0
shrinkage=0.01


Tree=75
num_leaves=15
num_cat=0
split_feature=3 7 5 5 5 4 4 0 3 5 5 0 4 6
split_gain=3983.23 6931.86 5427.38 4379.72 2164.63 1920.6 1913.68 1812.76 1389.63 1034.27 1106.51 929.404 722.51 645.986
threshold=7.3018750000000008 -0.50751903745502724 0.38522916650000005 0.39177083350000003 0.42206250000000006 0.35022916650000008 0.35022916650000008 15.912836500000003 12.767500000000002 0.40968750000000004 0.40597916650000004 15.953489500000002 0.38689583350000006 6.5500000000000007
decision_type=2 2 2 2 2 2 2 2 2 2 2 2 2 2
left_child=9 2 5 -3 8 -2 7 -4 -5 10 -1 -8 -12 -6
right_child=1 3 6 4 13 -7 11 -9 -10 -11 12 -13 -14 -15
leaf_value=-0.040187593883759261 -0.008093252143944088 -0.027640778712987427 0.079893247207005816 0.033421983994166356 0.028903679630973123 0.072462176241608986 -0.046477028848603372 -0.020460644294818243 0.066996312434897273 -0.043043258282171419 -0.03428441972644241 -0.020095896165458912 0.02573438178270291 -0.036323915206047955
leaf_weight=74 46 126 30 479 22 83 288 45 166 217 27 249 78 49
leaf_count=74 46 126 30 479 22 83 288 45 166 217 27 249 78 49
internal_value=-1.8346e-10 0.00709581 -0.0152107 0.0267266 0.036294 0.043737 -0.0276359 0.0196809 0.0420628 -0.0283653 -0.0105714 -0.0342444 0.010301 -0.0161125
internal_weight=1979 1583 741 842 716 129 612 75 645 396 179 537 105 71
internal_count=1979 1583 741 842 716 129 612 75 645 396 179 537 105 71
is_linear=0
shrinkage=0.01


Tree=76
num_leaves=15
num_cat=0
split_feature=3 7 5 5 5 4 4 0 3 5 5 0 4 6
split_gain=3903.96 6793.92 5319.37 4292.56 2121.55 1882.38 1875.6 1776.69 1361.97 1013.68 1084.49 910.909 708.132 633.131
threshold=7.3018750000000008 -0.50751903745502724 0.38522916650000005 0.39177083350000003 0.42206250000000006 0.35022916650000008 0.35022916650000008 15.912836500000003 12.767500000000002 0.40968750000000004 0.40597916650000004 15.953489500000002 0.38689583350000006 6.5500000000000007
decision_type=2 2 2 2 2 2 2 2 2 2 2 2 2 2
left_child=9 2 5 -3 8 -2 7 -4 -5 10 -1 -8 -12 -6
right_child=1 3 6 4 13 -7 11 -9 -10 -11 12 -13 -14 -15
leaf_value=-0.039785718780917093 -0.008012319237155759 -0.027364370555927359 0.079094315449396768 0.033087764894978645 0.02861464337869124 0.071737555295947081 -0.046012258839327844 -0.020256037698851693 0.066326349036072388 -0.042612826214772796 -0.033941576922381367 -0.019894937346729143 0.025477038193971683 -0.035960676124205393
leaf_weight=74 46 126 30 479 22 83 288 45 166 217 27 249 78 49
leaf_count=74 46 126 30 479 22 83 288 45 166 217 27 249 78 49
internal_value=-9.63421e-11 0.00702485 -0.0150586 0.0264593 0.0359311 0.0432996 -0.0273596 0.0194841 0.0416422 -0.0280817 -0.0104657 -0.033902 0.010198 -0.0159514
internal_weight=1979 1583 741 842 716 129 612 75 645 396 179 537 105 71
internal_count=1979 1583 741 842 716 129 612 75 645 396 179 537 105 71
is_linear=0
shrinkage=0.01


Tree=77
num_leaves=15
num_cat=0
split_feature=1 6 4 3 7 0 6 5 7 0 6 3 5 4
split_gain=3838.05 3125.59 1996.66 3496.53 2502.92 1268.26 1475.02 1242.76 2473.29 1534.22 1172.18 958.702 944.303 1562.35
threshold=44.354166670000005 7.7785000000000002 0.39302083350000006 12.506041665000003 0.18222858652173737 6.5732785000000007 10.069000000000001 0.38422916650000005 -0.30069434954884217 15.578845500000002 11.535000000000002 6.3404166665000004 0.41495833350000005 0.40127083350000009
decision_type=2 2 2 2 2 2 2 2 2 2 2 2 2 2
left_child=5 11 7 4 -4 -1 12 8 -3 -9 -5 -2 13 -7
right_child=1 2 3 10 -6 6 -8 9 -10 -11 -12 -13 -14 -15
leaf_value=0.0010173014630662635 0.0081838926995122761 0.041574623680101078 -0.029094274988833893 0.082246450552573569 0.058851493667988544 0.015216287040191675 0.0060306039036223946 0.013077203259172459 -0.051219967328585109 -0.02871977513164059 0.031171753339047703 -0.030290301716016148 0.021992638681584329 0.089489636580296544
leaf_weight=141 74 109 141 78 42 40 101 124 39 301 106 519 67 97
leaf_count=141 74 109 141 78 42 40 101 124 39 301 106 519 67 97
internal_value=4.73834e-11 -0.00751154 0.00382965 0.0220406 -0.00891 0.0258188 0.0372844 -0.00783425 0.017122 -0.0165249 0.052823 -0.0254891 0.0527581 0.067804
internal_weight=1979 1533 940 367 183 446 305 573 148 425 184 593 204 137
internal_count=1979 1533 940 367 183 446 305 573 148 425 184 593 204 137
is_linear=0
shrinkage=0.01


Tree=78
num_leaves=15
num_cat=0
split_feature=3 7 5 5 5 4 4 0 3 5 5 0 4 6
split_gain=3771.83 6560.75 5127.04 4151.51 2057.37 1846.06 1831.38 1727.87 1290.86 984.571 1062.77 891.015 693.336 640.097
threshold=7.3018750000000008 -0.50751903745502724 0.38522916650000005 0.39177083350000003 0.42145833350000006 0.35022916650000008 0.35022916650000008 15.912836500000003 12.767500000000002 0.40968750000000004 0.40597916650000004 15.953489500000002 0.38689583350000006 6.7925000000000013
decision_type=2 2 2 2 2 2 2 2 2 2 2 2 2 2
left_child=9 2 5 -3 8 -2 7 -4 -5 10 -1 -8 -12 -6
right_child=1 3 6 4 13 -7 11 -9 -10 -11 12 -13 -14 -15
leaf_value=-0.039266125012088468 -0.0083173796259190733 -0.02692896164362393 0.078200987974802655 0.03278214219914273 0.023579451647298088 0.070659541748015281 -0.045314935785071508 -0.019774996469418209 0.065194112053477624 -0.041923304596220567 -0.033461441596349083 -0.019484377761023592 0.025333158939312667 -0.035924873215456808
leaf_weight=74 46 126 30 473 29 83 288 45 166 217 27 249 78 48
leaf_count=74 46 126 30 473 29 83 288 45 166 217 27 249 78 48
internal_value=-1.33849e-10 0.00690494 -0.0147962 0.026003 0.0353179 0.0424972 -0.0268728 0.0194154 0.0412022 -0.0276023 -0.0102411 -0.0333376 0.0102145 -0.0135142
internal_weight=1979 1583 741 842 716 129 612 75 639 396 179 537 105 77
internal_count=1979 1583 741 842 716 129 612 75 639 396 179 537 105 77
is_linear=0
shrinkage=0.01


Tree=79
num_leaves=15
num_cat=0
split_feature=1 6 0 3 3 4 0 6 3 5 4 0 7 6
split_gain=3700.14 3004.56 1941.17 1250.61 2804.34 1896.28 1219.9 1441.8 931.566 926.16 1530.56 703.36 1026.29 702.663
threshold=44.354166670000005 7.7785000000000002 17.711920000000003 11.609166665000002 13.703958335000001 0.35266666650000006 6.5732785000000007 10.069000000000001 6.3404166665000004 0.41495833350000005 0.4024791665000001 5.8448710000000004 -0.017452406437283484 6.5500000000000007
decision_type=2 2 2 2 2 2 2 2 2 2 2 2 2 2
left_child=6 8 3 5 -5 -3 13 9 -2 10 -8 -10 -13 -1
right_child=1 2 -4 4 -6 -7 7 -9 11 -11 -12 12 -14 -15
leaf_value=0.02852970389915364 0.0081916314363479608 0.057768311432974284 -0.0247130784524985 0.040917947844645565 -0.012582704132262446 -0.013625070459810018 0.019782855586837168 0.0056956256020556 -0.057840226728861265 0.021425540574979203 0.090558872703503768 -0.034083683627385362 0.00034768227992926616 -0.017092863638611403
leaf_weight=56 74 43 191 279 151 276 46 101 76 67 91 325 118 85
leaf_count=56 74 43 191 279 151 276 46 101 76 67 91 325 118 85
internal_value=4.87168e-11 -0.00737535 0.00374408 0.0110009 0.0221305 -0.00400151 0.0253507 0.0365955 -0.0250014 0.051894 0.0667947 -0.0297342 -0.0249123 0.00102674
internal_weight=1979 1533 940 749 430 319 446 305 593 204 137 519 443 141
internal_count=1979 1533 940 749 430 319 446 305 593 204 137 519 443 141
is_linear=0
shrinkage=0.01


Tree=80
num_leaves=15
num_cat=0
split_feature=3 7 5 5 5 4 4 0 3 5 5 0 4 6
split_gain=3652.48 6355.6 5005.92 4040.43 1992.35 1790.45 1771.49 1672.99 1282.75 959.791 1044.3 861.276 749.188 607.141
threshold=7.3018750000000008 -0.50751903745502724 0.38522916650000005 0.39177083350000003 0.42206250000000006 0.35022916650000008 0.35022916650000008 15.912836500000003 12.767500000000002 0.40968750000000004 0.40514583350000005 15.953489500000002 0.38689583350000006 6.5500000000000007
decision_type=2 2 2 2 2 2 2 2 2 2 2 2 2 2
left_child=9 2 5 -3 8 -2 7 -4 -5 10 -1 -8 -12 -6
right_child=1 3 6 4 13 -7 11 -9 -10 -11 12 -13 -14 -15
leaf_value=-0.04016128395284925 -0.0079949863352205448 -0.026627136106115012 0.076871912479400631 0.032013888395972752 0.028145212043415416 0.06978318090718913 -0.044631400305014619 -0.019535377466016347 0.064271214362346077 -0.041301731278407409 -0.034208518657191045 -0.019235563771701027 0.025120146185159686 -0.035090817127908978
leaf_weight=70 46 126 30 479 22 83 288 45 166 217 29 249 80 49
leaf_count=70 46 126 30 479 22 83 288 45 166 217 29 249 80 49
internal_value=2.88368e-11 0.00679482 -0.0145644 0.0255919 0.0347813 0.0420483 -0.0264974 0.0190275 0.0403158 -0.0271621 -0.0100208 -0.0328557 0.00933546 -0.0154966
internal_weight=1979 1583 741 842 716 129 612 75 645 396 179 537 109 71
internal_count=1979 1583 741 842 716 129 612 75 645 396 179 537 109 71
is_linear=0
shrinkage=0.01


Tree=81
num_leaves=15
num_cat=0
split_feature=3 7 5 5 5 4 4 0 3 5 5 0 4 6
split_gain=3579.79 6229.12 4906.31 3960.03 1952.7 1754.82 1736.23 1639.69 1257.22 940.691 1023.52 844.137 734.279 595.059
threshold=7.3018750000000008 -0.50751903745502724 0.38522916650000005 0.39177083350000003 0.42206250000000006 0.35022916650000008 0.35022916650000008 15.912836500000003 12.767500000000002 0.40968750000000004 0.40514583350000005 15.953489500000002 0.38689583350000006 6.5500000000000007
decision_type=2 2 2 2 2 2 2 2 2 2 2 2 2 2
left_child=9 2 5 -3 8 -2 7 -4 -5 10 -1 -8 -12 -6
right_child=1 3 6 4 13 -7 11 -9 -10 -11 12 -13 -14 -15
leaf_value=-0.039759671330451968 -0.007915036692891432 -0.026360864600846693 0.076103193759918211 0.031693749457737723 0.027863758694041861 0.06908534960574414 -0.044185085737101171 -0.019340023908350205 0.06362850281914853 -0.040888713955501539 -0.033866434179503344 -0.01904320848215536 0.02486894541978836 -0.034739908645955886
leaf_weight=70 46 126 30 479 22 83 288 45 166 217 29 249 80 49
leaf_count=70 46 126 30 479 22 83 288 45 166 217 29 249 80 49
internal_value=1.35943e-10 0.00672687 -0.0144187 0.025336 0.0344335 0.0416278 -0.0262325 0.0188373 0.0399126 -0.0268905 -0.0099206 -0.0325271 0.0092421 -0.0153416
internal_weight=1979 1583 741 842 716 129 612 75 645 396 179 537 109 71
internal_count=1979 1583 741 842 716 129 612 75 645 396 179 537 109 71
is_linear=0
shrinkage=0.01


Tree=82
num_leaves=15
num_cat=0
split_feature=3 7 5 5 5 4 4 0 3 5 5 0 4 6
split_gain=3508.56 6105.17 4808.67 3881.22 1914.9 1719.9 1701.68 1607.06 1209.77 921.971 1003.15 827.339 719.667 601.798
threshold=7.3018750000000008 -0.50751903745502724 0.38522916650000005 0.39177083350000003 0.42145833350000006 0.35022916650000008 0.35022916650000008 15.912836500000003 12.767500000000002 0.40968750000000004 0.40514583350000005 15.953489500000002 0.38689583350000006 6.7925000000000013
decision_type=2 2 2 2 2 2 2 2 2 2 2 2 2 2
left_child=9 2 5 -3 8 -2 7 -4 -5 10 -1 -8 -12 -6
right_child=1 3 6 4 13 -7 11 -9 -10 -11 12 -13 -14 -15
leaf_value=-0.039362074519906726 -0.0078358863010678601 -0.026097256238258166 0.075342161655426024 0.031614817691923577 0.02294500324232825 0.068394496444478092 -0.043743235184568519 -0.019146623694234425 0.062992217423371882 -0.040479827836383361 -0.033527770247952692 -0.018852775816368052 0.02462025582790375 -0.034751694500446323
leaf_weight=70 46 126 30 473 29 83 288 45 166 217 29 249 80 48
leaf_count=70 46 126 30 473 29 83 288 45 166 217 29 249 80 48
internal_value=-4.46025e-11 0.0066596 -0.0142745 0.0250826 0.0340892 0.0412116 -0.0259701 0.0186489 0.0397661 -0.0266216 -0.0098214 -0.0322018 0.00914968 -0.0130218
internal_weight=1979 1583 741 842 716 129 612 75 639 396 179 537 109 77
internal_count=1979 1583 741 842 716 129 612 75 639 396 179 537 109 77
is_linear=0
shrinkage=0.01


Tree=83
num_leaves=15
num_cat=0
split_feature=1 6 0 2 3 4 0 6 3 5 4 7 6 3
split_gain=3450.63 2778.07 1817.63 1184.61 1375.01 1280.37 1131.36 1401.99 912.479 909.605 1493.1 697.573 680.598 1262.76
threshold=44.354166670000005 7.6790000000000012 17.711920000000003 14.065416665000003 13.738333335000002 0.38556250000000003 6.5732785000000007 10.069000000000001 6.3404166665000004 0.41495833350000005 0.40127083350000009 0.92384435400961407 6.5500000000000007 7.9956250000000013
decision_type=2 2 2 2 2 2 2 2 2 2 2 2 2 2
left_child=6 8 3 4 -3 -5 12 9 -2 10 -8 -11 13 -1
right_child=1 2 -4 5 -6 -7 7 -9 -10 11 -12 -13 -14 -15
leaf_value=-0.0072700420932637327 0.0083925750851631172 0.0094051557035466742 -0.024133296659274495 0.0028576344942363601 -0.037179814738531908 0.059434246755308576 0.013753783995518461 0.0048398634444664019 -0.029207550474248899 0.069665244221687322 0.086362429780443922 -0.00084760852871423073 -0.016776473147027633 0.091833462595939649
leaf_weight=36 74 528 192 72 72 90 40 101 505 20 97 47 85 20
leaf_count=36 74 528 192 72 72 90 40 101 505 20 97 47 85 20
internal_value=5.5154e-11 -0.00712234 0.003365 0.0102937 0.00381496 0.0342891 0.024481 0.0353102 -0.024402 0.050396 0.0651628 0.020201 0.00105637 0.0281241
internal_weight=1979 1533 954 762 600 162 446 305 579 204 137 67 141 56
internal_count=1979 1533 954 762 600 162 446 305 579 204 137 67 141 56
is_linear=0
shrinkage=0.01


Tree=84
num_leaves=15
num_cat=0
split_feature=3 7 5 5 5 4 4 0 3 5 5 0 4 6
split_gain=3393.58 5927.72 4698.14 3769.21 1860.27 1667.9 1666.93 1567.16 1203.72 891.645 986.763 805.563 703.635 566.129
threshold=7.3018750000000008 -0.50751903745502724 0.38522916650000005 0.39177083350000003 0.42206250000000006 0.35022916650000008 0.35022916650000008 15.912836500000003 12.767500000000002 0.40968750000000004 0.40514583350000005 15.953489500000002 0.38689583350000006 6.5500000000000007
decision_type=2 2 2 2 2 2 2 2 2 2 2 2 2 2
left_child=9 2 5 -3 8 -2 7 -4 -5 10 -1 -8 -12 -6
right_child=1 3 6 4 13 -7 11 -9 -10 -11 12 -13 -14 -15
leaf_value=-0.038958585815770282 -0.0075337970703739021 -0.025733060942194057 0.07450755945841471 0.030884278708882242 0.027137796878814697 0.067535475593015371 -0.043194724558981969 -0.018800843935873775 0.062132196715101604 -0.039810168273416498 -0.033044085502624512 -0.018634012660168741 0.024452611446380616 -0.033925135166061167
leaf_weight=70 46 126 30 479 22 83 288 45 166 217 29 249 80 49
leaf_count=70 46 126 30 479 22 83 288 45 166 217 29 249 80 49
internal_value=4.53226e-11 0.00654957 -0.0140781 0.0247029 0.0335785 0.0407666 -0.0256385 0.0185225 0.0389264 -0.0261818 -0.00966017 -0.0318062 0.00915533 -0.0150042
internal_weight=1979 1583 741 842 716 129 612 75 645 396 179 537 109 71
internal_count=1979 1583 741 842 716 129 612 75 645 396 179 537 109 71
is_linear=0
shrinkage=0.01


Tree=85
num_leaves=15
num_cat=0
split_feature=1 6 3 0 5 6 3 2 4 0 6 4 2 3
split_gain=3326.56 2088.56 2005.66 1645.05 1454.42 2450.55 1506.98 1039.62 1571.42 1003.83 999.534 695.435 1269.46 1006.82
threshold=59.229166670000005 8.9920000000000027 7.3404166665000004 18.053714000000003 0.41693750000000002 8.9920000000000027 9.7081250000000008 13.538333335000003 0.38587500000000002 15.334159000000001 5.7855000000000008 0.36195833350000006 12.108125000000003 7.9956250000000013
decision_type=2 2 2 2 2 2 2 2 2 2 2 2 2 2
left_child=2 11 -1 7 5 -4 -7 9 -9 -3 -6 12 -2 -13
right_child=1 3 4 -5 10 6 -8 8 -10 -11 -12 13 -14 -15
leaf_value=-0.035890497286853042 0.068127829631169631 0.014100941376406358 0.074121642732970047 -0.031402687986346538 0.063339505506598434 0.091810251247882849 0.0094609445667825642 0.0007457983704722103 0.048225865272896275 -0.023918269226743172 -0.0077217025601003381 -0.015595681573249909 -0.015430672234296798 -0.043175840990189569
leaf_weight=57 24 163 123 107 23 25 200 136 143 121 142 453 75 187
leaf_count=57 24 163 123 107 23 25 200 136 143 121 142 453 75 187
internal_value=-9.60123e-11 -0.00824626 0.0203842 0.00454027 0.0266369 0.0382311 0.0186109 0.0113714 0.0250815 -0.00209738 0.0021838 -0.0198389 0.00482593 -0.0236543
internal_weight=1979 1409 570 670 513 348 225 563 279 284 165 739 99 640
internal_count=1979 1409 570 670 513 348 225 563 279 284 165 739 99 640
is_linear=0
shrinkage=0.01


Tree=86
num_leaves=15
num_cat=0
split_feature=3 7 5 5 5 4 4 0 3 5 5 0 4 6
split_gain=3281.44 5715.98 4585.02 3669.18 1807.06 1621.1 1620.1 1517.42 1175.48 870.478 969.42 778.516 689.68 549.713
threshold=7.3018750000000008 -0.50751903745502724 0.38522916650000005 0.39177083350000003 0.42206250000000006 0.35022916650000008 0.35022916650000008 15.912836500000003 12.767500000000002 0.40968750000000004 0.40514583350000005 15.953489500000002 0.38689583350000006 6.5500000000000007
decision_type=2 2 2 2 2 2 2 2 2 2 2 2 2 2
left_child=9 2 5 -3 8 -2 7 -4 -5 10 -1 -8 -12 -6
right_child=1 3 6 4 13 -7 11 -9 -10 -11 12 -13 -14 -15
leaf_value=-0.038461052869047434 -0.0072529548649554665 -0.025495615593261189 0.073389887412389124 0.030347294412389987 0.02666724822737954 0.06675560998988439 -0.042512001163106314 -0.018425879940390587 0.061226483017026663 -0.039211218652019306 -0.032550688858689933 -0.018367117094437044 0.02437301313877106 -0.033503846422750123
leaf_weight=70 46 126 30 479 22 83 288 45 166 217 29 249 80 49
leaf_count=70 46 126 30 479 22 83 288 45 166 217 29 249 80 49
internal_value=-1.05754e-10 0.00644045 -0.0138155 0.0242666 0.0330237 0.040365 -0.0252358 0.0183004 0.0382945 -0.0257455 -0.00942124 -0.0313163 0.00922817 -0.0148593
internal_weight=1979 1583 741 842 716 129 612 75 645 396 179 537 109 71
internal_count=1979 1583 741 842 716 129 612 75 645 396 179 537 109 71
is_linear=0
shrinkage=0.01


Tree=87
num_leaves=15
num_cat=0
split_feature=3 7 5 5 5 4 4 0 3 5 5 0 4 6
split_gain=3216.14 5602.23 4493.78 3596.17 1771.63 1588.84 1587.86 1487.23 1131.31 853.156 950.129 763.024 675.956 559.085
threshold=7.3018750000000008 -0.50751903745502724 0.38522916650000005 0.39177083350000003 0.42145833350000006 0.35022916650000008 0.35022916650000008 15.912836500000003 12.767500000000002 0.40968750000000004 0.40514583350000005 15.953489500000002 0.38689583350000006 6.7925000000000013
decision_type=2 2 2 2 2 2 2 2 2 2 2 2 2 2
left_child=9 2 5 -3 8 -2 7 -4 -5 10 -1 -8 -12 -6
right_child=1 3 6 4 13 -7 11 -9 -10 -11 12 -13 -14 -15
leaf_value=-0.038076441764831541 -0.0071804252169702367 -0.025240659284893247 0.072655988295873011 0.03027132647922243 0.022046064343945734 0.066088054201689117 -0.042086880783964366 -0.018241621078716384 0.06061421765575567 -0.0388191060963664 -0.032225183166306598 -0.018183446083083209 0.024129282876849178 -0.033565451968461273
leaf_weight=70 46 126 30 473 29 83 288 45 166 217 29 249 80 48
leaf_count=70 46 126 30 473 29 83 288 45 166 217 29 249 80 48
internal_value=-3.65746e-11 0.00637605 -0.0136773 0.024024 0.0326934 0.0399613 -0.0249835 0.0181174 0.0381538 -0.0254881 -0.00932703 -0.0310032 0.00913589 -0.0126209
internal_weight=1979 1583 741 842 716 129 612 75 639 396 179 537 109 77
internal_count=1979 1583 741 842 716 129 612 75 639 396 179 537 109 77
is_linear=0
shrinkage=0.01


Tree=88
num_leaves=15
num_cat=0
split_feature=1 6 0 2 3 7 0 6 5 4 3 7 0 7
split_gain=3156.95 2528.43 1679.38 1330.56 1900.06 1402.07 1027.31 1346.12 880.774 1451.24 870.692 685.233 664.751 965.159
threshold=44.354166670000005 7.6790000000000012 17.047317500000002 13.782083335000001 13.753958335000002 -0.25881904510252068 6.5732785000000007 10.069000000000001 0.41495833350000005 0.4024791665000001 6.3404166665000004 0.92384435400961407 5.8448710000000004 -0.017452406437283484
decision_type=2 2 2 2 2 2 2 2 2 2 2 2 2 2
left_child=6 10 3 5 -5 -3 -1 8 9 -8 -2 -10 -12 -14
right_child=1 2 -4 4 -6 -7 7 -9 11 -11 12 -13 13 -15
leaf_value=0.0010945360563325544 0.0087373448545868346 -0.0090630458018421071 -0.019254600695119455 0.065166254423166578 -0.0014373193576167791 0.024591045733039767 0.017271042654047841 0.003878182562086547 0.067829631775617599 0.086188582308017292 -0.055250454211705609 -0.0020567493929349364 -0.032293870965898121 0.0014758082575582225
leaf_weight=141 74 339 247 95 78 195 46 101 20 91 76 47 313 116
leaf_count=141 74 339 247 95 78 195 46 101 20 91 76 47 313 116
internal_value=-9.43382e-11 -0.00681251 0.00319253 0.0110347 0.0351369 0.00322637 0.0234161 0.0337352 0.0485174 0.0630484 -0.0232975 0.0188049 -0.0279917 -0.0231627
internal_weight=1979 1533 954 707 173 534 446 305 204 137 579 67 505 429
internal_count=1979 1533 954 707 173 534 446 305 204 137 579 67 505 429
is_linear=0
shrinkage=0.01


Tree=89
num_leaves=15
num_cat=0
split_feature=3 7 5 5 4 5 7 4 4 0 5 5 0 4
split_gain=3113.12 5403.67 4373 3509.44 1725.06 2156.49 1692.33 1554.29 1540.24 1455.83 830.106 933.151 741.216 662.173
threshold=7.3018750000000008 -0.50751903745502724 0.38522916650000005 0.39177083350000003 0.40993750000000007 0.39995833350000004 0.55191596924288688 0.35022916650000008 0.35022916650000008 15.912836500000003 0.40968750000000004 0.40514583350000005 15.998122000000002 0.38689583350000006
decision_type=2 2 2 2 2 2 2 2 2 2 2 2 2 2
left_child=10 2 8 -3 5 -5 -6 9 -2 -4 11 -1 -9 -13
right_child=1 3 7 4 6 -7 -8 12 -10 -11 -12 13 -14 -15
leaf_value=-0.037626684563500538 -0.0069238214113790057 -0.025061502427690559 0.072027802467346191 0.1018135826981437 0.05662524360861327 0.036320627745733976 0.002005099999400262 -0.041251861338119047 0.065215230921664868 -0.017905226032767032 -0.038226258266150677 -0.031775316832394436 -0.017656265584538217 0.024001676857471468
leaf_weight=70 46 126 30 59 74 340 243 293 83 45 217 29 244 80
leaf_count=70 46 126 30 59 74 340 243 293 83 45 217 29 244 80
internal_value=-3.01033e-11 0.0062731 -0.0134217 0.0236054 0.0321697 0.046005 0.0147555 -0.0245749 0.0394912 0.018068 -0.0250766 -0.0091353 -0.0305306 0.00916193
internal_weight=1979 1583 741 842 716 399 317 612 129 75 396 179 537 109
internal_count=1979 1583 741 842 716 399 317 612 129 75 396 179 537 109
is_linear=0
shrinkage=0.01


Tree=90
num_leaves=15
num_cat=0
split_feature=1 6 0 0 6 3 3 7 5 0 3 7 6 3
split_gain=3055.61 2428.8 1631.87 992.191 1311.49 939.489 2125.56 1719.4 859.023 1465.98 846.999 675.344 661.088 1196.52
threshold=44.354166670000005 7.6790000000000012 18.053714000000003 6.5732785000000007 10.216500000000002 11.609166665000002 13.703958335000001 0.38266886095259278 0.41495833350000005 7.8696900000000012 6.3404166665000004 0.92384435400961407 6.5500000000000007 7.9956250000000013
decision_type=2 2 2 2 2 2 2 2 2 2 2 2 2 2
left_child=3 10 5 12 8 7 -7 -3 9 -5 -2 -10 13 -1
right_child=1 2 -4 4 -6 6 -8 -9 11 -11 -12 -13 -14 -15
leaf_value=-0.0066757784369919039 0.0087367546719473773 -0.011106857878219712 -0.027176020690302054 0.10163141654838215 0.0025820821422166775 0.033036648162320208 -0.012293183433042179 0.067037405237074826 0.066860617786645898 0.035525196231035297 -0.027489140677547066 -0.0023035612259991469 -0.016474848330020903 0.089793262839317323
leaf_weight=36 74 307 150 55 96 311 155 31 20 86 505 48 85 20
leaf_count=36 74 307 150 55 96 311 155 31 20 86 505 48 85 20
internal_value=1.28188e-10 -0.00670228 0.00310367 0.0230372 0.0331784 0.00875287 0.0179591 -0.00393978 0.0472322 0.0613113 -0.0228592 0.0180388 0.00110053 0.0277775
internal_weight=1979 1533 954 446 305 804 466 338 209 141 579 68 141 56
internal_count=1979 1533 954 446 305 804 466 338 209 141 579 68 141 56
is_linear=0
shrinkage=0.01


Tree=91
num_leaves=15
num_cat=0
split_feature=3 7 5 5 4 5 7 4 4 0 5 5 0 4
split_gain=3007.29 5222.27 4269.66 3410.57 1685.28 2117.5 1650.62 1527.91 1495.52 1423.7 804.611 916.485 715.942 647.481
threshold=7.3018750000000008 -0.50751903745502724 0.38522916650000005 0.39177083350000003 0.40993750000000007 0.39995833350000004 0.55191596924288688 0.35022916650000008 0.35022916650000008 15.912836500000003 0.40968750000000004 0.40514583350000005 15.953489500000002 0.38689583350000006
decision_type=2 2 2 2 2 2 2 2 2 2 2 2 2 2
left_child=10 2 8 -3 5 -5 -6 9 -2 -4 11 -1 -9 -13
right_child=1 3 7 4 6 -7 -8 12 -10 -11 -12 13 -14 -15
leaf_value=-0.037187936672142576 -0.006648123356635156 -0.024772052608785178 0.071424053668975834 0.10062390380049661 0.055785544420013558 0.035725670606281387 0.0018427317180870094 -0.040857722062307103 0.064435957418866902 -0.017510989587340091 -0.037592842601291185 -0.031299553112737064 -0.017703504010915277 0.023855177342891692
leaf_weight=70 46 126 30 59 74 340 243 288 83 45 217 29 249 80
leaf_count=70 46 126 30 59 74 340 243 288 83 45 217 29 249 80
internal_value=-2.56678e-11 0.00616556 -0.0131958 0.0232045 0.0316473 0.0453222 0.0144351 -0.0242165 0.0390881 0.018063 -0.0246467 -0.00895211 -0.0301214 0.00918098
internal_weight=1979 1583 741 842 716 399 317 612 129 75 396 179 537 109
internal_count=1979 1583 741 842 716 399 317 612 129 75 396 179 537 109
is_linear=0
shrinkage=0.01


Tree=92
num_leaves=15
num_cat=0
split_feature=1 6 0 0 6 3 3 2 5 4 3 6 4 7
split_gain=2957.68 2332.7 1577.57 958.232 1277.65 913.948 2713.99 915.374 835.605 1418.45 823.918 652.464 1103.47 651.818
threshold=44.354166670000005 7.6790000000000012 18.053714000000003 6.5732785000000007 10.069000000000001 13.738333335000002 12.506041665000003 14.387291665000001 0.41495833350000005 0.40127083350000009 6.3404166665000004 6.5765000000000011 0.41402083350000002 0.92384435400961407
decision_type=2 2 2 2 2 2 2 2 2 2 2 2 2 2
left_child=3 10 5 11 8 6 -3 -7 9 -5 -2 12 -1 -10
right_child=1 2 -4 4 -6 7 -8 -9 13 -11 -12 -13 -14 -15
leaf_value=-0.029617489684711801 0.0087344328777210142 -0.00056213793675932624 -0.026755604666968184 0.011078509137034415 0.0035434858317228753 -0.03188720922955933 0.042560756997446776 0.024085792221040247 0.065906314790248874 0.081848783290263308 -0.026994477518751184 -0.017139789720134038 0.059814649679370835 -0.0022547688786970807
leaf_weight=22 74 450 150 40 101 96 216 42 20 97 505 82 37 47
leaf_count=22 74 450 150 40 101 96 216 42 20 97 505 82 37 47
internal_value=-5.39369e-11 -0.00659401 0.00301599 0.022665 0.0326312 0.00857039 0.0134237 -0.0148519 0.0470325 0.0611859 -0.0224281 0.00110705 0.0264671 0.0180918
internal_weight=1979 1533 954 446 305 804 666 138 204 137 579 141 59 67
internal_count=1979 1533 954 446 305 804 666 138 204 137 579 141 59 67
is_linear=0
shrinkage=0.01


Tree=93
num_leaves=15
num_cat=0
split_feature=3 7 5 5 5 4 4 0 3 5 5 0 4 6
split_gain=2907.53 5056.81 4168.37 3317.33 1644 1499.23 1454 1389.83 1057.14 779.121 900.888 694.761 633.155 517.738
threshold=7.3018750000000008 -0.50751903745502724 0.38522916650000005 0.39177083350000003 0.42206250000000006 0.35022916650000008 0.35022916650000008 15.912836500000003 12.767500000000002 0.40968750000000004 0.40514583350000005 15.998122000000002 0.38689583350000006 6.5500000000000007
decision_type=2 2 2 2 2 2 2 2 2 2 2 2 2 2
left_child=9 2 6 -3 8 7 -2 -4 -5 10 -1 -7 -12 -6
right_child=1 3 5 4 13 11 -8 -9 -10 -11 12 -13 -14 -15
leaf_value=-0.036784965745040352 -0.0064266040014184043 -0.024486949012452172 0.07072424451510112 0.028646677046759536 0.025785086263309824 -0.040108014932061224 0.063663805313857208 -0.017146421191386051 0.057930302633847817 -0.036973865541805456 -0.030842518744797542 -0.017263804767280816 0.023698643952608109 -0.032609810798752067
leaf_weight=70 46 126 30 479 22 293 83 45 166 217 29 244 80 49
leaf_count=70 46 126 30 479 22 293 83 45 166 217 29 244 80 49
internal_value=-5.85641e-11 0.00606242 -0.0129898 0.0228292 0.0311558 -0.0238789 0.0386703 0.0180018 0.0361832 -0.0242344 -0.00879044 -0.0297282 0.00918769 -0.0145156
internal_weight=1979 1583 741 842 716 612 129 75 645 396 179 537 109 71
internal_count=1979 1583 741 842 716 612 129 75 645 396 179 537 109 71
is_linear=0
shrinkage=0.01


Tree=94
num_leaves=15
num_cat=0
split_feature=1 6 0 2 3 7 0 6 5 4 3 0 7 7
split_gain=2851.18 2241.61 1536.8 1356.11 1746.04 1213.7 921.885 1249.03 819.513 1389.52 801.032 649.641 941.846 637.738
threshold=44.354166670000005 7.6790000000000012 16.917642000000004 13.782083335000001 13.753958335000002 -0.25881904510252068 6.5732785000000007 10.069000000000001 0.41495833350000005 0.4024791665000001 6.3404166665000004 5.8448710000000004 -0.017452406437283484 0.92384435400961407
decision_type=2 2 2 2 2 2 2 2 2 2 2 2 2 2
left_child=6 10 3 5 -5 -3 -1 8 9 -8 -2 -12 -13 -10
right_child=1 2 -4 4 -6 -7 7 -9 13 -11 11 12 -14 -15
leaf_value=0.001108042208860952 0.0087306162473317749 -0.0082941288059549551 -0.017359899239920415 0.067768485803334486 0.00065906902464727562 0.023085971107085546 0.015490720103616301 0.0032684255170054954 0.06490221780538559 0.082926909209607727 -0.053445720863773638 -0.030744966920494984 0.002614371803115475 -0.0025186879552425222
leaf_weight=141 74 335 268 84 72 195 46 101 20 91 76 313 116 47
leaf_count=141 74 335 268 84 72 195 46 101 20 91 76 313 116 47
internal_value=5.5717e-11 -0.00647419 0.00294631 0.0108794 0.0367949 0.00325138 0.0222532 0.0320285 0.0462676 0.0602841 -0.0219961 -0.0264986 -0.0217247 0.017607
internal_weight=1979 1533 954 686 156 530 446 305 204 137 579 505 429 67
internal_count=1979 1533 954 686 156 530 446 305 204 137 579 505 429 67
is_linear=0
shrinkage=0.01


Tree=95
num_leaves=15
num_cat=0
split_feature=3 7 5 5 4 5 7 4 4 0 5 5 0 4
split_gain=2814.93 4877.04 4056.47 3237.58 1618.41 2046.11 1587.66 1467.81 1410.24 1360.08 758.113 884.787 675.42 620.244
threshold=7.3018750000000008 -0.50751903745502724 0.38522916650000005 0.39177083350000003 0.40993750000000007 0.39995833350000004 0.55191596924288688 0.35022916650000008 0.35022916650000008 15.912836500000003 0.40968750000000004 0.40514583350000005 15.998122000000002 0.38689583350000006
decision_type=2 2 2 2 2 2 2 2 2 2 2 2 2 2
left_child=10 2 8 -3 5 -5 -6 9 -2 -4 11 -1 -9 -13
right_child=1 3 7 4 6 -7 -8 12 -10 -11 -12 13 -14 -15
leaf_value=-0.036354271522590097 -0.0061965732049682866 -0.024312724458526759 0.070107427994410193 0.098419449925422675 0.054344058098724564 0.034624576041255802 0.0014399640686779355 -0.039509354679759454 0.062831068240016344 -0.016817866163949171 -0.036411891523147784 -0.03041423609544491 -0.016985367515475535 0.023567949116230009
leaf_weight=70 46 126 30 59 74 340 243 293 83 45 217 29 244 80
leaf_count=70 46 126 30 59 74 340 243 293 83 45 217 29 244 80
internal_value=-6.80774e-11 0.0059651 -0.0127454 0.0224312 0.0306571 0.0440579 0.0137898 -0.0234873 0.0382166 0.0179523 -0.0238453 -0.00861104 -0.029275 0.00920572
internal_weight=1979 1583 741 842 716 399 317 612 129 75 396 179 537 109
internal_count=1979 1583 741 842 716 399 317 612 129 75 396 179 537 109
is_linear=0
shrinkage=0.01


Tree=96
num_leaves=15
num_cat=0
split_feature=1 6 0 5 2 0 6 5 0 3 6 4 0 7
split_gain=2760.08 2152.54 1485.4 892.773 916.099 890.194 1217.11 799.505 1432.3 779.218 641.635 1068.71 636.107 921.65
threshold=44.354166670000005 7.6790000000000012 18.053714000000003 0.41266666650000006 13.847708335000002 6.5732785000000007 10.216500000000002 0.41495833350000005 7.8696900000000012 6.3404166665000004 6.5765000000000011 0.41402083350000002 5.8448710000000004 -0.017452406437283484
decision_type=2 2 2 2 2 2 2 2 2 2 2 2 2 2
left_child=5 9 3 4 -3 10 7 8 -7 -2 11 -1 -11 -14
right_child=1 2 -4 -5 -6 6 -8 -9 -10 12 -12 -13 13 -15
leaf_value=-0.028929324637759816 0.0087251127893860289 -0.00065369198138509458 -0.026027294917404655 0.071076531247659169 0.022896913610652232 0.098476269050077975 0.002025695526196311 0.016875486679594306 0.033133721302241778 -0.052686050366610289 -0.01697851341308617 0.059083177245951982 -0.030220217287730864 0.0027795260014205144
leaf_weight=22 74 545 150 22 237 55 96 68 86 76 82 37 313 116
leaf_count=22 74 545 150 22 237 55 96 68 86 76 82 37 313 116
internal_value=1.92034e-10 -0.00636992 0.00286153 0.00825123 0.00648377 0.0218948 0.0315006 0.0450394 0.0586219 -0.0215803 0.00111627 0.026265 -0.0260211 -0.0212972
internal_weight=1979 1533 954 804 782 446 305 209 141 579 141 59 505 429
internal_count=1979 1533 954 804 782 446 305 209 141 579 141 59 505 429
is_linear=0
shrinkage=0.01


Tree=97
num_leaves=15
num_cat=0
split_feature=3 7 5 5 4 5 7 4 4 0 3 0 5 0
split_gain=2725.4 4718.15 3961.2 3169.82 1582.87 2005.87 1554.97 1439.46 1370.67 1327.88 738.211 918.288 792.27 654.3
threshold=7.3018750000000008 -0.50751903745502724 0.38522916650000005 0.39177083350000003 0.40993750000000007 0.39995833350000004 0.55191596924288688 0.35022916650000008 0.35022916650000008 15.912836500000003 6.3404166665000004 9.4159845000000022 0.40597916650000004 15.998122000000002
decision_type=2 2 2 2 2 2 2 2 2 2 2 2 2 2
left_child=10 2 8 -3 5 -5 -6 9 -2 -4 12 -12 -1 -9
right_child=1 3 7 4 6 -7 -8 13 -10 -11 11 -13 -14 -15
leaf_value=-0.028321353495121004 -0.0059594201782475348 -0.024187071775012309 0.069422745068868003 0.097281673834738083 0.05365805489654539 0.034117233868414427 0.0013013842971727192 -0.038953332520080507 0.062092960089086047 -0.016467429008748799 -0.038858908971268979 0.0076702729393454162 0.030056786613261447 -0.016784300653447139
leaf_weight=46 46 126 30 59 74 340 243 293 83 45 252 51 47 244
leaf_count=46 46 126 30 59 74 340 243 293 83 45 252 51 47 244
internal_value=-6.99074e-11 0.00586947 -0.0125337 0.0220651 0.0302045 0.0434573 0.0135234 -0.0231488 0.0378262 0.0178886 -0.0234631 -0.0310273 0.00118158 -0.0288803
internal_weight=1979 1583 741 842 716 399 317 612 129 75 396 303 93 537
internal_count=1979 1583 741 842 716 399 317 612 129 75 396 303 93 537
is_linear=0
shrinkage=0.01


Tree=98
num_leaves=15
num_cat=0
split_feature=1 6 0 2 3 5 3 6 5 0 6 3 0 7
split_gain=2672.43 2065.24 1453.6 1246.54 1664.47 1181.26 862.541 1025.27 1776.02 1386.34 749.377 734.365 641.025 929.607
threshold=44.354166670000005 7.7785000000000002 16.917642000000004 13.782083335000001 13.753958335000002 0.41266666650000006 7.3018750000000008 10.069000000000001 0.41495833350000005 7.8696900000000012 6.378000000000001 6.3404166665000004 5.8448710000000004 1.0000000180025095e-35
decision_type=2 2 2 2 2 2 2 2 2 2 2 2 2 2
left_child=6 11 3 5 -5 -3 -1 8 9 -8 -10 -2 -13 -14
right_child=1 2 -4 4 -6 -7 7 -9 10 -11 -12 12 13 -15
leaf_value=-0.031189733902955877 0.008589739090687519 0.00019739624235831621 -0.016791967064532894 0.065800805128445591 0.000277684580327736 0.076768952664874851 0.09843159630380828 0.00010336550191426888 0.0531430835723877 0.034549780680638985 0.00079255839824676517 -0.051915148105472327 -0.029007332575688629 0.0041287438526520868
leaf_weight=29 74 496 267 84 72 21 58 117 35 82 125 76 329 114
leaf_count=29 74 496 267 84 72 21 58 117 35 82 125 76 329 114
internal_value=-5.97289e-11 -0.00626796 0.00295092 0.0107835 0.0355594 0.00330765 0.0215444 0.0252117 0.035004 0.0610151 0.0122442 -0.0208814 -0.0250834 -0.0204802
internal_weight=1979 1533 940 673 156 517 446 417 300 140 160 593 519 443
internal_count=1979 1533 940 673 156 517 446 417 300 140 160 593 519 443
is_linear=0
shrinkage=0.01


Tree=99
num_leaves=15
num_cat=0
split_feature=3 7 5 5 4 5 0 4 4 0 5 5 0 4
split_gain=2634.97 4563.57 3856.12 3086.45 1546.82 1960.6 1551.72 1408.41 1328.01 1297.7 711.665 860.914 636.863 601.626
threshold=7.3018750000000008 -0.50751903745502724 0.38522916650000005 0.39177083350000003 0.40993750000000007 0.39995833350000004 14.153564500000002 0.35022916650000008 0.35022916650000008 15.912836500000003 0.40968750000000004 0.40514583350000005 15.998122000000002 0.38689583350000006
decision_type=2 2 2 2 2 2 2 2 2 2 2 2 2 2
left_child=10 2 8 -3 5 -5 -6 9 -2 -4 11 -1 -9 -13
right_child=1 3 7 4 6 -7 -8 12 -10 -11 -12 13 -14 -15
leaf_value=-0.035676700804914745 -0.005739327720973803 -0.023940514760232338 0.068736278613408405 0.096045593071286961 0.018982377965442259 0.033597968541222677 -0.07201786088943482 -0.038408532111743408 0.061245775517210908 -0.016172079698907004 -0.035246049455937838 -0.029756328412171067 -0.016536892325021937 0.023409478485584261
leaf_weight=70 46 126 30 59 297 340 20 293 83 45 217 29 244 80
leaf_count=70 46 126 30 59 297 340 20 293 83 45 217 29 244 80
internal_value=-6.63667e-11 0.00577128 -0.0123279 0.0216994 0.029731 0.0428321 0.013241 -0.0228012 0.0373596 0.0177913 -0.0230705 -0.0083103 -0.0284706 0.00926445
internal_weight=1979 1583 741 842 716 399 317 612 129 75 396 179 537 109
internal_count=1979 1583 741 842 716 399 317 612 129 75 396 179 537 109
is_linear=0
shrinkage=0.01


Tree=100
num_leaves=15
num_cat=0
split_feature=3 7 5 5 5 4 4 0 3 3 0 5 0 6
split_gain=2582.54 4472.75 3779.39 3025.03 1524.79 1380.39 1301.59 1271.87 966.351 704.107 884.227 763.934 624.375 529.842
threshold=7.3018750000000008 -0.50751903745502724 0.38522916650000005 0.39177083350000003 0.42206250000000006 0.35022916650000008 0.35022916650000008 15.912836500000003 12.767500000000002 6.3404166665000004 9.4159845000000022 0.40597916650000004 15.953489500000002 7.2490000000000014
decision_type=2 2 2 2 2 2 2 2 2 2 2 2 2 2
left_child=9 2 6 -3 8 7 -2 -4 -5 11 -11 -1 -7 -12
right_child=1 3 5 4 -6 12 -8 -9 -10 10 13 -13 -14 -15
leaf_value=-0.027741728710091632 -0.0056819343340137728 -0.023701109716313937 0.06804891626040141 0.027069751102206809 -0.014550791130939001 -0.03821213381841921 0.060633317253675809 -0.016010359012929257 0.055067648010339636 -0.03791227679734769 0.034713112791379293 0.02958294110095247 -0.016589237786380641 -0.030778851054963613
leaf_weight=46 46 126 30 479 71 288 83 45 166 252 30 47 249 21
leaf_count=46 46 126 30 479 71 288 83 45 166 252 30 47 249 21
internal_value=-1.21645e-10 0.00571357 -0.0122046 0.0214824 0.0294337 -0.0225732 0.036986 0.0176134 0.0342754 -0.0228398 -0.0302272 0.0012288 -0.0281859 0.00774583
internal_weight=1979 1583 741 842 716 612 129 75 645 396 303 93 537 51
internal_count=1979 1583 741 842 716 612 129 75 645 396 303 93 537 51
is_linear=0
shrinkage=0.01


Tree=101
num_leaves=15
num_cat=0
split_feature=3 7 5 5 4 5 0 4 4 0 3 0 5 0
split_gain=2531.14 4383.74 3704.18 2964.83 1503.87 1906.72 1526.39 1352.92 1275.69 1246.56 690.096 866.631 748.732 611.996
threshold=7.3018750000000008 -0.50751903745502724 0.38522916650000005 0.39177083350000003 0.40993750000000007 0.39995833350000004 14.153564500000002 0.35022916650000008 0.35022916650000008 15.912836500000003 6.3404166665000004 9.4159845000000022 0.40597916650000004 15.998122000000002
decision_type=2 2 2 2 2 2 2 2 2 2 2 2 2 2
left_child=10 2 8 -3 5 -5 -6 9 -2 -4 12 -12 -1 -9
right_child=1 3 7 4 6 -7 -8 13 -10 -11 11 -13 -14 -15
leaf_value=-0.027464311576407888 -0.0056251151211883709 -0.023464098456537439 0.067368427356084185 0.094534460541050316 0.01857424453484139 0.032950919661342219 -0.071680371522903435 -0.037646015714536143 0.060026984430221191 -0.015850255019548867 -0.037533154723859055 0.0076683752209532495 0.029287111581640039 -0.016205630961797949
leaf_weight=46 46 126 30 59 297 340 20 293 83 45 252 51 47 244
leaf_count=46 46 126 30 59 297 340 20 293 83 45 252 51 47 244
internal_value=-4.89027e-11 0.00565643 -0.0120826 0.0212676 0.0291394 0.0420573 0.0128799 -0.0223475 0.0366162 0.0174372 -0.0226114 -0.029925 0.00121652 -0.027904
internal_weight=1979 1583 741 842 716 399 317 612 129 75 396 303 93 537
internal_count=1979 1583 741 842 716 399 317 612 129 75 396 303 93 537
is_linear=0
shrinkage=0.01


Tree=102
num_leaves=15
num_cat=0
split_feature=1 0 6 0 3 6 5 2 4 0 7 4 7 3
split_gain=2483.35 1578.72 1501.55 1166.51 991.437 1085.79 2034.48 863.776 1422.86 886.862 674.248 1033.41 579.427 461.223
threshold=60.520833335000006 5.0490095000000013 8.3060000000000027 18.053714000000003 7.2081250000000008 8.9920000000000027 0.41495833350000005 13.538333335000003 0.38587500000000002 15.334159000000001 -0.88697705852364717 0.36000000000000004 0.60873824923885345 6.3404166665000004
decision_type=2 2 2 2 2 2 2 2 2 2 2 2 2 2
left_child=1 -1 10 7 -3 6 -6 9 -9 -4 -2 -12 -7 -13
right_child=2 4 3 -5 5 12 -8 8 -10 -11 11 13 -14 -15
leaf_value=-0.044860571301297142 -0.041316736624619675 -0.028135277869028821 0.010783390167599657 -0.024622904935456588 0.073339933134685051 0.03257560564215755 0.014764583829538267 -0.0013454157096404946 0.043186665358399594 -0.022240287394843242 0.050306446862717465 0.0060973367651303611 0.0010283662539652804 -0.020731525916288695
leaf_weight=38 107 37 198 132 107 87 133 144 143 138 24 75 176 440
leaf_count=38 107 37 198 132 107 87 133 144 143 138 24 75 176 440
internal_value=-8.03083e-11 0.0174402 -0.00719516 0.00238104 0.0218243 0.0254993 0.0408794 0.00810258 0.020843 -0.00277991 -0.0183872 -0.0138353 0.0114641 -0.0168244
internal_weight=1979 578 1401 755 540 503 240 623 287 336 646 539 263 515
internal_count=1979 578 1401 755 540 503 240 623 287 336 646 539 263 515
is_linear=0
shrinkage=0.01


Tree=103
num_leaves=15
num_cat=0
split_feature=3 7 5 5 5 4 4 0 3 3 0 5 0 6
split_gain=2447.36 4230.96 3617.07 2898.1 1476.29 1322.79 1240.63 1206.83 924.686 665.159 847.073 734.856 593.609 521.11
threshold=7.3018750000000008 -0.50751903745502724 0.38522916650000005 0.39177083350000003 0.42206250000000006 0.35022916650000008 0.35022916650000008 15.912836500000003 12.767500000000002 6.3404166665000004 9.4159845000000022 0.40597916650000004 15.953489500000002 7.2490000000000014
decision_type=2 2 2 2 2 2 2 2 2 2 2 2 2 2
left_child=9 2 6 -3 8 7 -2 -4 -5 11 -11 -1 -7 -12
right_child=1 3 5 4 -6 12 -8 -9 -10 10 13 -13 -14 -15
leaf_value=-0.027254405319690703 -0.0053991621862287112 -0.023326694144024735 0.066459674278895056 0.026396884989841125 -0.014597935147688423 -0.037279060707789739 0.059344553049788418 -0.015421938493020005 0.0537845604642328 -0.036936076446732004 0.034496613482634227 0.028968686347312117 -0.016195616777369148 -0.03045343671526228
leaf_weight=46 46 126 30 479 71 288 83 45 166 252 30 47 249 21
leaf_count=46 46 126 30 479 71 288 83 45 166 252 30 47 249 21
internal_value=2.49631e-11 0.00556203 -0.0118651 0.0208987 0.0286814 -0.0220086 0.0362576 0.0173307 0.0334455 -0.0222341 -0.0294142 0.00115942 -0.0275029 0.00775248
internal_weight=1979 1583 741 842 716 612 129 75 645 396 303 93 537 51
internal_count=1979 1583 741 842 716 612 129 75 645 396 303 93 537 51
is_linear=0
shrinkage=0.01


Tree=104
num_leaves=15
num_cat=0
split_feature=3 7 5 5 4 5 7 4 4 0 3 0 5 0
split_gain=2398.66 4146.76 3545.09 2840.43 1452.18 1844.18 1519.97 1296.47 1215.94 1182.81 651.922 830.216 720.232 581.892
threshold=7.3018750000000008 -0.50751903745502724 0.38522916650000005 0.39177083350000003 0.40993750000000007 0.39995833350000004 0.55191596924288688 0.35022916650000008 0.35022916650000008 15.912836500000003 6.3404166665000004 9.4159845000000022 0.40597916650000004 15.998122000000002
decision_type=2 2 2 2 2 2 2 2 2 2 2 2 2 2
left_child=10 2 8 -3 5 -5 -6 9 -2 -4 12 -12 -1 -9
right_child=1 3 7 4 6 -7 -8 13 -10 -11 11 -13 -14 -15
leaf_value=-0.026981861513593924 -0.0053451703974734177 -0.023093427281885869 0.065795077721277878 0.092697994951474461 0.052097333754236641 0.032132803641533585 0.00033331243992005112 -0.036727286996160957 0.058751107188592472 -0.015267718877229426 -0.036566715419199133 0.0076749501041337553 0.028679001432784061 -0.015820869652833029
leaf_weight=46 46 126 30 59 74 340 243 293 83 45 252 51 47 244
leaf_count=46 46 126 30 59 74 340 243 293 83 45 252 51 47 244
internal_value=4.35619e-11 0.00550641 -0.0117464 0.0206897 0.0283946 0.0410886 0.012417 -0.0217885 0.0358951 0.0171574 -0.0220117 -0.0291201 0.00114782 -0.0272279
internal_weight=1979 1583 741 842 716 399 317 612 129 75 396 303 93 537
internal_count=1979 1583 741 842 716 399 317 612 129 75 396 303 93 537
is_linear=0
shrinkage=0.01


Tree=105
num_leaves=15
num_cat=0
split_feature=1 6 0 3 3 2 0 5 5 3 6 3 3 0
split_gain=2368.58 1804.76 1305.12 854.693 2226.79 875.85 818.747 1977.84 1323.33 2814.06 924.236 1442.68 704.869 731.064
threshold=44.354166670000005 7.6790000000000012 18.053714000000003 13.738333335000002 12.506041665000003 14.387291665000001 10.178570500000001 0.40597916650000004 0.40502083350000007 10.339375000000002 8.697000000000001 9.4550000000000018 7.9216664670000005 5.8448710000000004
decision_type=2 2 2 2 2 2 2 2 2 2 2 2 2 2
left_child=6 12 3 4 -3 -5 8 -8 9 -1 11 -10 13 -2
right_child=1 2 -4 5 -6 -7 7 -9 10 -11 -12 -13 -14 -15
leaf_value=0.11318913106855594 -0.038372124600775388 -0.00037109119311501973 -0.024527135640879473 -0.03170973537489772 0.038689923617574902 0.023041534487690245 0.0035764119856887397 0.11454540384226831 0.0017510165357688331 -0.0055778063656318757 -0.017364418238254364 0.064117457229717109 -0.041294582840209169 -0.0075653635205752733
leaf_weight=38 98 450 150 96 216 42 36 29 136 42 114 51 121 360
leaf_count=38 98 450 150 96 216 42 36 29 136 42 114 51 121 360
internal_value=-4.37164e-11 -0.00590089 0.00255196 0.00760403 0.0122973 -0.0150463 0.0202827 0.0530857 0.0146864 0.0508365 0.00507836 0.01876 -0.0198284 -0.0141572
internal_weight=1979 1533 954 804 666 138 446 65 381 80 301 187 579 458
internal_count=1979 1533 954 804 666 138 446 65 381 80 301 187 579 458
is_linear=0
shrinkage=0.01


Tree=106
num_leaves=15
num_cat=0
split_feature=3 7 5 5 5 4 4 0 3 3 0 5 0 6
split_gain=2323.98 4009.77 3458.66 2761.03 1412.27 1271.47 1182.04 1154.41 875.431 639.771 810.783 704.162 562.656 511.518
threshold=7.3018750000000008 -0.50751903745502724 0.38522916650000005 0.39177083350000003 0.42206250000000006 0.35022916650000008 0.35022916650000008 15.912836500000003 12.767500000000002 6.3404166665000004 9.4159845000000022 0.40597916650000004 15.998122000000002 7.2490000000000014
decision_type=2 2 2 2 2 2 2 2 2 2 2 2 2 2
left_child=9 2 6 -3 8 7 -2 -4 -5 11 -11 -1 -7 -12
right_child=1 3 5 4 -6 12 -8 -9 -10 10 13 -13 -14 -15
leaf_value=-0.026537736369215924 -0.0051495864533859749 -0.0228164726986535 0.065154478629430135 0.025748165198300414 -0.014383576361226365 -0.036192107198429344 0.058046876608607287 -0.014929253566453957 0.052396440563431707 -0.036067118065003012 0.034150550762812294 0.028498635292053223 -0.015634161385547247 -0.030198970806031001
leaf_weight=46 46 126 30 479 71 293 83 45 166 252 30 47 244 21
leaf_count=46 46 126 30 479 71 293 83 45 166 252 30 47 244 21
internal_value=4.74965e-11 0.00542001 -0.0115455 0.0203504 0.0279469 -0.0214644 0.0355117 0.0171042 0.0326065 -0.0216664 -0.0287082 0.00127634 -0.0268511 0.00765369
internal_weight=1979 1583 741 842 716 612 129 75 645 396 303 93 537 51
internal_count=1979 1583 741 842 716 612 129 75 645 396 303 93 537 51
is_linear=0
shrinkage=0.01


Tree=107
num_leaves=15
num_cat=0
split_feature=1 0 6 0 3 6 5 2 4 0 7 4 7 3
split_gain=2283.94 1501.27 1347.06 1074.46 916.065 1057.49 1927.5 818.369 1339.2 818.167 641.476 890.036 569.853 445.156
threshold=60.520833335000006 5.0490095000000013 8.3060000000000027 18.053714000000003 7.2081250000000008 8.9920000000000027 0.41495833350000005 13.538333335000003 0.38587500000000002 15.334159000000001 -0.90992662233962529 0.36000000000000004 0.60873824923885345 6.3404166665000004
decision_type=2 2 2 2 2 2 2 2 2 2 2 2 2 2
left_child=1 -1 10 7 -3 6 -6 9 -9 -4 -2 -12 -7 -13
right_child=2 4 3 -5 5 12 -8 8 -10 -11 11 13 -14 -15
leaf_value=-0.044027971688069795 -0.042268825196557572 -0.027022449016772414 0.010095955486023668 -0.023746683346954258 0.071306965483404761 0.031618381437213947 0.0142925400186078 -0.001464081628041135 0.041738999796497235 -0.021622965357644294 0.040443587878654742 0.0061029636502265925 0.00033286177943492393 -0.020203432706916144
leaf_weight=38 90 37 198 132 107 87 133 144 143 138 29 75 176 452
leaf_count=38 90 37 198 132 107 87 133 144 143 138 29 75 176 452
internal_value=-4.94074e-11 0.0167253 -0.00690024 0.00216996 0.0210006 0.0245331 0.0397115 0.00766112 0.0200622 -0.00293146 -0.0175009 -0.0134917 0.0106821 -0.0164596
internal_weight=1979 578 1401 755 540 503 240 623 287 336 646 556 263 527
internal_count=1979 578 1401 755 540 503 240 623 287 336 646 556 263 527
is_linear=0
shrinkage=0.01


Tree=108
num_leaves=15
num_cat=0
split_feature=3 7 5 5 4 5 0 4 4 0 3 0 5 0
split_gain=2246.6 3870.57 3377.86 2698.73 1384.21 1783.44 1511.08 1244.66 1149.78 1118.4 616.489 792.495 691.08 545.92
threshold=7.3018750000000008 -0.50751903745502724 0.38522916650000005 0.39177083350000003 0.40993750000000007 0.39995833350000004 14.153564500000002 0.35022916650000008 0.35137500000000005 15.912836500000003 6.3404166665000004 9.4159845000000022 0.40597916650000004 15.953489500000002
decision_type=2 2 2 2 2 2 2 2 2 2 2 2 2 2
left_child=10 2 8 -3 5 -5 -6 9 -2 -4 12 -12 -1 -9
right_child=1 3 7 4 6 -7 -8 13 -10 -11 11 -13 -14 -15
leaf_value=-0.026335736377083738 -0.0036175942669312163 -0.022679069282871393 0.064312759002049774 0.090653902474096257 0.017574714728590315 0.03109452001136892 -0.072226057767868043 -0.03584653803638907 0.058147000140613976 -0.014511796035700375 -0.035490597674830093 0.0077343323183994674 0.028187009146872985 -0.015627714681222166
leaf_weight=46 48 126 30 59 297 340 20 288 81 45 252 51 47 249
leaf_count=46 48 126 30 59 297 340 20 288 81 45 252 51 47 249
internal_value=-7.33222e-11 0.00532902 -0.0113394 0.019998 0.0275082 0.0399015 0.0119091 -0.0211418 0.0351648 0.017018 -0.0213026 -0.0282151 0.00121877 -0.0264713
internal_weight=1979 1583 741 842 716 399 317 612 129 75 396 303 93 537
internal_count=1979 1583 741 842 716 399 317 612 129 75 396 303 93 537
is_linear=0
shrinkage=0.01


Tree=109
num_leaves=15
num_cat=0
split_feature=3 7 5 5 5 4 4 0 3 3 0 5 0 6
split_gain=2201.89 3793.55 3310.64 2645.02 1367.45 1219.89 1127.46 1096.14 837.369 604.221 776.725 677.327 535.163 503.055
threshold=7.3018750000000008 -0.50751903745502724 0.38522916650000005 0.39177083350000003 0.42206250000000006 0.35022916650000008 0.35022916650000008 15.912836500000003 12.767500000000002 6.3404166665000004 9.4159845000000022 0.40597916650000004 15.998122000000002 7.2490000000000014
decision_type=2 2 2 2 2 2 2 2 2 2 2 2 2 2
left_child=9 2 6 -3 8 7 -2 -4 -5 11 -11 -1 -7 -12
right_child=1 3 5 4 -6 12 -8 -9 -10 10 13 -13 -14 -15
leaf_value=-0.026072378845318506 -0.0048982476021932524 -0.022452278594294241 0.063669632514317828 0.025110666278228631 -0.014420160676392031 -0.035316589096300428 0.056821918767618849 -0.014366677848829165 0.051173190851527529 -0.035135691226533955 0.033933736403783159 0.027905139694822598 -0.015267181152813747 -0.029881221737180438
leaf_weight=46 46 126 30 479 71 293 83 45 166 252 30 47 244 21
leaf_count=46 46 126 30 479 71 293 83 45 166 252 30 47 244 21
internal_value=1.19646e-10 0.00527573 -0.011226 0.019798 0.0272331 -0.0209303 0.0348132 0.0168478 0.0318182 -0.0210896 -0.027933 0.00120658 -0.0262066 0.00765699
internal_weight=1979 1583 741 842 716 612 129 75 645 396 303 93 537 51
internal_count=1979 1583 741 842 716 612 129 75 645 396 303 93 537 51
is_linear=0
shrinkage=0.01


Tree=110
num_leaves=15
num_cat=0
split_feature=1 6 0 2 3 5 0 5 5 3 6 3 3 0
split_gain=2165.56 1638.79 1223.6 1059.58 1419.82 956.481 792.534 1910.38 1264.5 2741.89 919.422 1357.43 661.895 704.134
threshold=44.354166670000005 7.6790000000000012 16.917642000000004 13.782083335000001 13.753958335000002 0.41266666650000006 10.178570500000001 0.40597916650000004 0.40502083350000007 10.339375000000002 8.697000000000001 9.4550000000000018 7.9216664670000005 5.8448710000000004
decision_type=2 2 2 2 2 2 2 2 2 2 2 2 2 2
left_child=6 12 3 5 -5 -3 8 -8 9 -1 11 -10 13 -2
right_child=1 2 -4 4 -6 -7 7 -9 10 -11 -12 -13 -14 -15
leaf_value=0.1107732100049524 -0.037183126010243039 -4.7131881748480118e-05 -0.01570676004958909 0.06032949780069647 -0.00018697062300311194 0.067302141148935665 0.0030098994572957355 0.11207005171940244 0.0016431047411306816 -0.0064607652321103069 -0.01788833183416149 0.062138802888346653 -0.039715518703268581 -0.0069490921271240548
leaf_weight=38 98 508 268 84 72 22 36 29 136 42 114 51 121 360
leaf_count=38 98 508 268 84 72 22 36 29 136 42 114 51 121 360
internal_value=7.69918e-11 -0.00564233 0.00241248 0.00949114 0.0323988 0.0027485 0.0193939 0.0516675 0.0138879 0.0492254 0.00449592 0.0181419 -0.018914 -0.0134184
internal_weight=1979 1533 954 686 156 530 446 65 381 80 301 187 579 458
internal_count=1979 1533 954 686 156 530 446 65 381 80 301 187 579 458
is_linear=0
shrinkage=0.01


Tree=111
num_leaves=15
num_cat=0
split_feature=3 7 5 5 5 0 4 0 4 3 0 5 0 2
split_gain=2134.31 3667.62 3221.84 2578.65 1787.26 1237.45 1194.1 1226.46 1092.18 593.15 758.693 662.191 558.567 509.738
threshold=7.3018750000000008 -0.50751903745502724 0.38522916650000005 0.39245833350000003 0.39322916700000005 5.0490095000000013 0.35137500000000005 15.912836500000003 0.35022916650000008 6.3404166665000004 9.4159845000000022 0.40597916650000004 15.953489500000002 14.387291665000001
decision_type=2 2 2 2 2 2 2 2 2 2 2 2 2 2
left_child=9 2 8 13 -5 -6 7 -4 -2 11 -11 -1 -8 -3
right_child=1 3 6 4 5 -7 12 -9 -10 10 -12 -13 -14 -15
leaf_value=-0.025644863270547078 -0.0046989454167044682 -0.032055046658473786 0.064642755062349386 0.11812031950269428 -0.044596110510826112 0.02708466097119986 -0.035488657134646738 -0.01572698206317668 0.056047824341130544 -0.034662414479090721 0.0076306319470499078 0.027726114531780813 -0.01493119014944045 0.010244272680953147
leaf_weight=46 46 99 31 21 25 657 287 49 83 252 51 47 245 40
leaf_count=46 46 99 31 21 25 657 287 49 83 252 51 47 245 40
internal_value=-1.07343e-11 0.00519413 -0.0110314 0.0194734 0.027255 0.0244571 -0.0206047 0.0154163 0.0343862 -0.0207634 -0.0275438 0.00132757 -0.0260214 -0.0198826
internal_weight=1979 1583 741 842 703 682 612 80 129 396 303 93 532 139
internal_count=1979 1583 741 842 703 682 612 80 129 396 303 93 532 139
is_linear=0
shrinkage=0.01


Tree=112
num_leaves=15
num_cat=0
split_feature=3 7 5 5 5 0 4 0 4 3 0 5 0 2
split_gain=2091.83 3594.64 3157.73 2527.33 1751.69 1212.82 1170.34 1202.05 1071.07 581.346 743.595 649.013 547.604 499.594
threshold=7.3018750000000008 -0.50751903745502724 0.38522916650000005 0.39245833350000003 0.39322916700000005 5.0490095000000013 0.35137500000000005 15.912836500000003 0.35137500000000005 6.3404166665000004 9.4159845000000022 0.40597916650000004 15.998122000000002 14.387291665000001
decision_type=2 2 2 2 2 2 2 2 2 2 2 2 2 2
left_child=9 2 8 13 -5 -6 7 -4 -2 11 -11 -1 -8 -3
right_child=1 3 6 4 5 -7 12 -9 -10 10 -12 -13 -14 -15
leaf_value=-0.025388414137389348 -0.0033891355370481808 -0.031734496365240165 0.063996327384825677 0.11693911665961856 -0.04415014901161194 0.026813814451597643 -0.034959154599027278 -0.015569712011789789 0.056223929215360569 -0.034315790520456163 0.0075543254730748204 0.02744885305140881 -0.01457032960684349 0.01014182997122407
leaf_weight=46 48 99 31 21 25 657 292 49 81 252 51 47 240 40
leaf_count=46 48 99 31 21 25 657 292 49 81 252 51 47 240 40
internal_value=4.11718e-11 0.00514219 -0.0109211 0.0192786 0.0269824 0.0242125 -0.0203987 0.0152621 0.0340423 -0.0205558 -0.0272683 0.00131429 -0.0257612 -0.0196838
internal_weight=1979 1583 741 842 703 682 612 80 129 396 303 93 532 139
internal_count=1979 1583 741 842 703 682 612 80 129 396 303 93 532 139
is_linear=0
shrinkage=0.01


Tree=113
num_leaves=15
num_cat=0
split_feature=3 7 5 5 5 0 4 4 0 3 0 5 6 6
split_gain=2050.21 3523.1 3094.89 2477.04 1716.83 1188.69 1147.2 1049.83 1026.93 569.778 728.797 636.098 504.858 493.775
threshold=7.3018750000000008 -0.50751903745502724 0.38522916650000005 0.39245833350000003 0.39322916700000005 5.0490095000000013 0.35022916650000008 0.35022916650000008 15.912836500000003 6.3404166665000004 9.4159845000000022 0.40597916650000004 7.113500000000001 7.2490000000000014
decision_type=2 2 2 2 2 2 2 2 2 2 2 2 2 2
left_child=9 2 7 -3 -5 -6 8 -2 -4 11 -11 -1 -8 -12
right_child=1 3 6 4 5 -7 12 -9 -10 10 13 -13 -14 -15
leaf_value=-0.025134530038289402 -0.0046180645311656209 -0.019486917508967062 0.061760239442189536 0.11576972802480062 -0.043708647704124449 0.026545676432402528 -0.050151891074549981 0.054939471447324174 -0.013772449299693108 -0.033972632659637646 0.033512040634950002 0.027174365063931082 -0.021526620247723064 -0.029711586293720064
leaf_weight=46 46 139 30 21 25 657 71 83 45 252 30 47 466 21
leaf_count=46 46 139 30 21 25 657 71 83 45 252 30 47 466 21
internal_value=2.82449e-11 0.00509076 -0.0108119 0.0190858 0.0267126 0.0239704 -0.0201947 0.0337019 0.0164406 -0.0203502 -0.0269957 0.00130115 -0.0253113 0.00747878
internal_weight=1979 1583 741 842 703 682 612 129 75 396 303 93 537 51
internal_count=1979 1583 741 842 703 682 612 129 75 396 303 93 537 51
is_linear=0
shrinkage=0.01


Tree=114
num_leaves=15
num_cat=0
split_feature=3 7 5 5 5 7 4 0 4 3 0 5 0 2
split_gain=2009.41 3452.99 3033.3 2427.75 1682.67 1176.94 1125.12 1156.08 1029.55 558.439 714.294 623.439 533.064 489.652
threshold=7.3018750000000008 -0.50751903745502724 0.38522916650000005 0.39245833350000003 0.39322916700000005 -0.25881904510252068 0.35137500000000005 15.912836500000003 0.35137500000000005 6.3404166665000004 9.4159845000000022 0.40597916650000004 15.998122000000002 14.387291665000001
decision_type=2 2 2 2 2 2 2 2 2 2 2 2 2 2
left_child=9 2 8 13 -5 -6 7 -4 -2 11 -11 -1 -8 -3
right_child=1 3 6 4 5 -7 12 -9 -10 10 -12 -13 -14 -15
leaf_value=-0.024883185210435289 -0.0033338794484734538 -0.031222282421182503 0.062765627676440824 0.1146120278040568 -0.018565882737437884 0.0278107203109118 -0.034325674869094602 -0.015264118520580992 0.055112295927088939 -0.033632906567867077 0.0074039949272193166 0.0269026215279356 -0.014209359867187838 0.010235280867666006
leaf_weight=46 48 99 31 21 60 622 292 49 81 252 51 47 240 40
leaf_count=46 48 99 31 21 60 622 292 49 81 252 51 47 240 40
internal_value=-5.88771e-11 0.00503986 -0.0107038 0.018895 0.0264455 0.0237307 -0.0199927 0.0149724 0.0333649 -0.0201467 -0.0267257 0.00128814 -0.0252506 -0.019292
internal_weight=1979 1583 741 842 703 682 612 80 129 396 303 93 532 139
internal_count=1979 1583 741 842 703 682 612 80 129 396 303 93 532 139
is_linear=0
shrinkage=0.01


Tree=115
num_leaves=15
num_cat=0
split_feature=3 7 5 5 5 5 4 0 4 3 0 5 0 6
split_gain=1969.42 3384.28 2972.94 2379.43 1649.18 1171.08 1102.73 1133.07 1009.13 547.326 700.08 611.033 522.637 483.949
threshold=7.3018750000000008 -0.50751903745502724 0.38522916650000005 0.39245833350000003 0.39322916700000005 0.42206250000000006 0.35137500000000005 15.912836500000003 0.35022916650000008 6.3404166665000004 9.4159845000000022 0.40597916650000004 15.953489500000002 7.2490000000000014
decision_type=2 2 2 2 2 2 2 2 2 2 2 2 2 2
left_child=9 2 8 -3 -5 -6 7 -4 -2 11 -11 -1 -8 -12
right_child=1 3 6 4 5 -7 12 -9 -10 10 13 -13 -14 -15
leaf_value=-0.024634353192928046 -0.0045385448083929397 -0.019099127990629176 0.062137971693469636 0.11346590791429792 0.027960295437739129 -0.0149474414637391 -0.03415583807975054 -0.015111477720190067 0.053853037199342105 -0.033296577744038096 0.033102880656719208 0.026633594822376334 -0.014270548724702426 -0.02948851023401533
leaf_weight=46 46 139 31 21 611 71 287 49 83 252 30 47 245 21
leaf_count=46 46 139 31 21 611 71 287 49 83 252 30 47 245 21
internal_value=2.08336e-11 0.00498946 -0.0105967 0.018706 0.026181 0.0234934 -0.0197928 0.0148227 0.0330312 -0.0199452 -0.0264584 0.00127525 -0.0249981 0.00732995
internal_weight=1979 1583 741 842 703 682 612 80 129 396 303 93 532 51
internal_count=1979 1583 741 842 703 682 612 80 129 396 303 93 532 51
is_linear=0
shrinkage=0.01


Tree=116
num_leaves=15
num_cat=0
split_feature=3 7 5 5 4 5 0 4 0 4 3 0 5 0
split_gain=1930.23 3316.93 2913.78 2334.3 1306.77 1647.6 1487.47 1080.79 1110.53 989.642 536.434 686.148 598.873 512.251
threshold=7.3018750000000008 -0.50751903745502724 0.38522916650000005 0.39177083350000003 0.40993750000000007 0.39995833350000004 14.153564500000002 0.35137500000000005 15.912836500000003 0.35137500000000005 6.3404166665000004 9.4159845000000022 0.40597916650000004 15.998122000000002
decision_type=2 2 2 2 2 2 2 2 2 2 2 2 2 2
left_child=10 2 9 -3 5 -5 -6 8 -4 -2 12 -12 -1 -9
right_child=1 3 7 4 6 -7 -8 13 -10 -11 11 -13 -14 -15
leaf_value=-0.024388009581876841 -0.0032794848099971814 -0.021172203184770689 0.061516591579683366 0.086326623043771505 0.01596843872529765 0.029080396256017542 -0.073128081083297727 -0.033644264592112949 -0.014960362847362246 0.054022642046581082 -0.032963611902204794 0.0072566552021924189 0.026367257909571871 -0.013924561015485476
leaf_weight=46 48 126 31 59 297 340 20 292 49 81 252 51 47 240
leaf_count=46 48 126 31 59 297 340 20 292 49 81 252 51 47 240
internal_value=-7.49046e-11 0.00493956 -0.0104907 0.018519 0.0255037 0.0375454 0.0103472 -0.0195949 0.0146745 0.0327009 -0.0197458 -0.0261939 0.0012625 -0.0247482
internal_weight=1979 1583 741 842 716 399 317 612 80 129 396 303 93 532
internal_count=1979 1583 741 842 716 399 317 612 80 129 396 303 93 532
is_linear=0
shrinkage=0.01


Tree=117
num_leaves=15
num_cat=0
split_feature=3 7 5 5 5 0 4 0 4 3 0 5 0 2
split_gain=1891.82 3250.92 2855.79 2294.04 1593.34 1161.25 1059.28 1088.43 970.004 525.759 672.494 586.956 502.233 477.494
threshold=7.3018750000000008 -0.50751903745502724 0.38522916650000005 0.39245833350000003 0.39322916700000005 5.0490095000000013 0.35137500000000005 15.912836500000003 0.35022916650000008 6.3404166665000004 9.4159845000000022 0.40597916650000004 15.953489500000002 7.6091666355000012
decision_type=2 2 2 2 2 2 2 2 2 2 2 2 2 2
left_child=9 2 8 -3 -5 -6 7 -4 -2 11 13 -1 -8 -11
right_child=1 3 6 4 5 -7 12 -9 -10 10 -12 -13 -14 -15
leaf_value=-0.024144129288261353 -0.0044603647226872647 -0.018786829485149262 0.060901426653708186 0.11146798315502349 -0.043861670160293575 0.025577056629603082 -0.033477837131439807 -0.014810758578229924 0.052788087822586656 -0.025700184187442944 0.0071840886391845403 0.026103585933117155 -0.013984573133593919 -0.059961272244359931
leaf_weight=46 46 139 31 21 25 657 287 49 83 201 51 47 245 51
leaf_count=46 46 139 31 21 25 657 287 49 83 201 51 47 245 51
internal_value=-5.10221e-11 0.00489017 -0.0103858 0.0183338 0.0256734 0.0230316 -0.0193989 0.0145277 0.0323739 -0.0195483 -0.0259319 0.00124988 -0.0245007 -0.032634
internal_weight=1979 1583 741 842 703 682 612 80 129 396 303 93 532 252
internal_count=1979 1583 741 842 703 682 612 80 129 396 303 93 532 252
is_linear=0
shrinkage=0.01


Tree=118
num_leaves=15
num_cat=0
split_feature=3 7 5 5 5 7 4 4 0 3 0 5 6 6
split_gain=1854.17 3186.23 2798.96 2248.39 1561.64 1157.16 1038.28 951.278 925.429 515.297 659.111 575.275 480.437 474.318
threshold=7.3018750000000008 -0.50751903745502724 0.38522916650000005 0.39245833350000003 0.39322916700000005 -0.25881904510252068 0.35022916650000008 0.35137500000000005 15.912836500000003 6.3404166665000004 9.4159845000000022 0.40597916650000004 7.113500000000001 7.2490000000000014
decision_type=2 2 2 2 2 2 2 2 2 2 2 2 2 2
left_child=9 2 7 -3 -5 -6 8 -2 -4 11 -11 -1 -8 -12
right_child=1 3 6 4 5 -7 12 -9 -10 10 13 -13 -14 -15
leaf_value=-0.023902687978647325 -0.0032259400561451914 -0.018598961225717511 0.058669420361518856 0.11035330340975807 -0.019138261531790098 0.026846952590285845 -0.048304963976564544 0.052954534500101465 -0.013033257567220265 -0.03230763593836436 0.032627443273862203 0.025842550485692124 -0.02038059010672285 -0.029338032461348033
leaf_weight=46 48 139 30 21 60 622 71 81 45 252 30 47 466 21
leaf_count=46 48 139 30 21 60 622 71 81 45 252 30 47 466 21
internal_value=-3.71829e-11 0.00484127 -0.010282 0.0181504 0.0254167 0.0228013 -0.0192049 0.0320502 0.0156478 -0.0193528 -0.0256726 0.00123738 -0.0240726 0.00711225
internal_weight=1979 1583 741 842 703 682 612 129 75 396 303 93 537 51
internal_count=1979 1583 741 842 703 682 612 129 75 396 303 93 537 51
is_linear=0
shrinkage=0.01


Tree=119
num_leaves=15
num_cat=0
split_feature=3 7 5 5 4 5 0 4 0 4 3 0 5 2
split_gain=1817.27 3123.34 2845.6 2284.75 1299.03 1627.96 1437.11 1043.77 1046.84 978.606 505.042 645.995 563.827 467.992
threshold=7.3018750000000008 -0.52247866957162958 0.38522916650000005 0.39150000000000001 0.40993750000000007 0.39995833350000004 14.153564500000002 0.35137500000000005 15.912836500000003 0.35137500000000005 6.3404166665000004 9.4159845000000022 0.40597916650000004 7.6091666355000012
decision_type=2 2 2 2 2 2 2 2 2 2 2 2 2 2
left_child=10 2 9 -3 5 -5 -6 8 -4 -2 12 13 -1 -12
right_child=1 3 7 4 6 -7 -8 -9 -10 -11 11 -13 -14 -15
leaf_value=-0.023663660919536717 -0.0031936806207522751 -0.020923003125827504 0.059731218276485316 0.084750493725140888 0.01531394228489712 0.028289050838255673 -0.070285342874981116 -0.024523358133328812 -0.014520621983980646 0.053920415900647639 -0.025120105982354996 0.0070411251689873489 0.025584124352069613 -0.059038582880999523
leaf_weight=46 48 129 31 60 297 343 21 525 49 80 201 51 47 51
leaf_count=46 48 129 31 60 297 343 21 525 49 80 201 51 47 51
internal_value=-8.01672e-12 0.00479285 -0.0103332 0.0178369 0.0247717 0.0366952 0.00966116 -0.019396 0.014252 0.0325026 -0.0191593 -0.0254159 0.001225 -0.0319846
internal_weight=1979 1583 733 850 721 403 318 605 80 128 396 303 93 252
internal_count=1979 1583 733 850 721 403 318 605 80 128 396 303 93 252
is_linear=0
shrinkage=0.01


Tree=120
num_leaves=15
num_cat=0
split_feature=3 7 5 5 4 5 7 4 0 4 3 0 5 0
split_gain=1781.11 3061.19 2788.97 2239.28 1273.18 1595.57 1429.94 1023 1026.01 959.132 494.992 633.14 552.607 467.87
threshold=7.3018750000000008 -0.52247866957162958 0.38522916650000005 0.39150000000000001 0.40993750000000007 0.39995833350000004 0.55191596924288688 0.35137500000000005 15.912836500000003 0.35137500000000005 6.3404166665000004 9.4159845000000022 0.40597916650000004 15.953489500000002
decision_type=2 2 2 2 2 2 2 2 2 2 2 2 2 2
left_child=10 2 9 -3 5 -5 -6 8 -4 -2 12 -12 -1 -9
right_child=1 3 7 4 6 -7 -8 13 -10 -11 11 -13 -14 -15
leaf_value=-0.023427024683282387 -0.0031617439057057099 -0.020713773261207019 0.059133905441530292 0.083902986804644281 0.0477341751853625 0.028006160859013134 -0.0022162016911945717 -0.032974381032203078 -0.014375415710466249 0.053381211467087269 -0.031664713691986569 0.0069707135826933622 0.025328282675844558 -0.014030253723325573
leaf_weight=46 48 129 31 60 75 343 243 284 49 80 252 51 47 241
leaf_count=46 48 129 31 60 75 343 243 284 49 80 252 51 47 241
internal_value=5.74723e-13 0.00474492 -0.0102299 0.0176585 0.024524 0.0363283 0.00956455 -0.0192021 0.0141094 0.0321776 -0.0189677 -0.0251617 0.00121275 -0.0242781
internal_weight=1979 1583 733 850 721 403 318 605 80 128 396 303 93 525
internal_count=1979 1583 733 850 721 403 318 605 80 128 396 303 93 525
is_linear=0
shrinkage=0.01


Tree=121
num_leaves=15
num_cat=0
split_feature=1 0 6 0 5 6 7 2 4 0 3 7 4 6
split_gain=1755.92 1296.53 1004.89 892.147 807.7 1057.53 1424.43 682.372 1156.25 717.56 590.633 567.555 748.801 500.368
threshold=60.520833335000006 5.0490095000000013 8.3060000000000027 18.053714000000003 0.42206250000000006 8.9920000000000027 0.31729257441605191 13.538333335000003 0.38587500000000002 14.675421000000002 9.3914583335000028 -0.90992662233962529 0.36000000000000004 6.666500000000001
decision_type=2 2 2 2 2 2 2 2 2 2 2 2 2 2
left_child=1 -1 11 7 5 6 -3 9 -9 -4 -7 -2 -13 -6
right_child=2 4 3 -5 13 10 -8 8 -10 -11 -12 12 -14 -15
leaf_value=-0.041793817909140329 -0.038503288327405849 -0.039462640313875107 0.013785825556475822 -0.021832031145635429 0.022499752911654385 0.043917522902895766 0.047071628723072245 -0.0018906356511999751 0.038253038246314847 -0.015695396146491954 0.0025015633684084861 0.038036216923902771 -0.014157269677779933 -0.037144123713175457
leaf_weight=38 90 21 146 132 22 41 202 144 143 190 215 29 527 39
leaf_count=38 90 21 146 132 22 41 202 144 143 190 215 29 527 39
internal_value=4.35402e-11 0.0146651 -0.00605026 0.00178372 0.0186381 0.0230025 0.0389227 0.00678738 0.0181113 -0.0028851 0.00913459 -0.0152061 -0.0114349 -0.0156332
internal_weight=1979 578 1401 755 540 479 223 623 287 336 256 646 556 61
internal_count=1979 578 1401 755 540 479 223 623 287 336 256 646 556 61
is_linear=0
shrinkage=0.01


Tree=122
num_leaves=15
num_cat=0
split_feature=3 7 5 5 5 7 4 0 4 3 0 5 0 6
split_gain=1725.24 2951.99 2628.98 2122.96 1478.92 1130.22 977.113 993.803 889.574 485.273 619.837 543.866 474.403 466.731
threshold=7.3018750000000008 -0.50751903745502724 0.38522916650000005 0.39245833350000003 0.39322916700000005 -0.25881904510252068 0.35137500000000005 15.912836500000003 0.35022916650000008 6.3404166665000004 9.4159845000000022 0.40597916650000004 16.160562500000005 7.2490000000000014
decision_type=2 2 2 2 2 2 2 2 2 2 2 2 2 2
left_child=9 2 8 -3 -5 -6 7 -4 -2 11 -11 -1 -8 -12
right_child=1 3 6 4 5 -7 12 -9 -10 10 13 -13 -14 -15
leaf_value=-0.023130627217014199 -0.0041343848488253091 -0.018229099365199161 0.058361760570156962 0.10719773042769661 -0.019452525665362676 0.025994297582311768 -0.031518717339195632 -0.013984533897826772 0.050689260772911901 -0.031235077888926578 0.032302623987197875 0.02523754857956095 -0.012403941063748465 -0.029165252447128295
leaf_weight=46 46 139 31 21 60 622 307 49 83 252 30 47 225 21
leaf_count=46 46 139 31 21 60 622 307 49 83 252 30 47 225 21
internal_value=1.01202e-10 0.00466992 -0.00988682 0.0174805 0.0245412 0.021996 -0.0185346 0.0140497 0.0311397 -0.0186679 -0.0248008 0.0013135 -0.0234345 0.00699232
internal_weight=1979 1583 741 842 703 682 612 80 129 396 303 93 532 51
internal_count=1979 1583 741 842 703 682 612 80 129 396 303 93 532 51
is_linear=0
shrinkage=0.01


Tree=123
num_leaves=15
num_cat=0
split_feature=3 7 5 5 5 0 4 0 4 3 5 0 6 0
split_gain=1690.91 2893.25 2576.66 2080.72 1449.49 1120.93 957.668 974.026 871.871 476.788 627.136 509.409 508.052 465.013
threshold=7.3018750000000008 -0.50751903745502724 0.38522916650000005 0.39245833350000003 0.39322916700000005 5.0490095000000013 0.35137500000000005 15.912836500000003 0.35022916650000008 5.9883333330000008 0.40597916650000004 9.4159845000000022 7.2490000000000014 15.998122000000002
decision_type=2 2 2 2 2 2 2 2 2 2 2 2 2 2
left_child=9 2 8 -3 -5 -6 7 -4 -2 10 -1 -11 -13 -8
right_child=1 3 6 4 5 -7 13 -9 -10 11 -12 12 -14 -15
leaf_value=-0.021035440137179999 -0.0040930408385136856 -0.018046808550871318 0.057778143344386933 0.10612575281234016 -0.043945799732208253 0.024276915647938588 -0.031676118902683459 -0.013844688518771105 0.050182367861719736 -0.029134100381719798 0.039779819567998247 0.031979597409566247 -0.029059028148651127 -0.012887645359151066
leaf_weight=39 46 139 31 21 25 657 292 49 83 272 30 30 25 240
leaf_count=39 46 139 31 21 25 657 292 49 83 272 30 30 25 240
internal_value=4.98933e-11 0.00462322 -0.00978795 0.0173057 0.0242958 0.0217761 -0.0183492 0.0139092 0.0308283 -0.0184812 0.00540598 -0.0235216 0.00423477 -0.0232001
internal_weight=1979 1583 741 842 703 682 612 80 129 396 69 327 55 532
internal_count=1979 1583 741 842 703 682 612 80 129 396 69 327 55 532
is_linear=0
shrinkage=0.01


Tree=124
num_leaves=15
num_cat=0
split_feature=3 7 5 5 4 5 0 4 0 4 3 0 5 2
split_gain=1657.26 2836.26 2622.86 2104.18 1242.84 1526.66 1411.23 962.298 954.643 898.277 468.441 596.006 524.812 457.7
threshold=7.3018750000000008 -0.52247866957162958 0.38522916650000005 0.39150000000000001 0.40993750000000007 0.39995833350000004 14.153564500000002 0.35137500000000005 15.912836500000003 0.35137500000000005 6.3404166665000004 9.4159845000000022 0.40597916650000004 7.6091666355000012
decision_type=2 2 2 2 2 2 2 2 2 2 2 2 2 2
left_child=10 2 9 -3 5 -5 -6 8 -4 -2 12 13 -1 -12
right_child=1 3 7 4 6 -7 -8 -9 -10 -11 11 -13 -14 -15
leaf_value=-0.022676707634135432 -0.0029118152940645816 -0.020189613809072693 0.057200361759431904 0.081861056700348864 0.014483781263094258 0.02718457491938079 -0.0703414647919791 -0.023461210463128407 -0.013706241388025942 0.051807972316863016 -0.023842830225461586 0.0068539380442862417 0.024836637872330685 -0.05738628507847441
leaf_weight=46 48 129 31 60 297 343 21 525 49 80 201 51 47 51
leaf_count=46 48 129 31 60 297 343 21 525 49 80 201 51 47 51
internal_value=4.64347e-11 0.00457698 -0.00983719 0.0170071 0.0236623 0.035325 0.00888211 -0.0185381 0.0137701 0.0312881 -0.0182964 -0.024322 0.00133541 -0.0306314
internal_weight=1979 1583 733 850 721 403 318 605 80 128 396 303 93 252
internal_count=1979 1583 733 850 721 403 318 605 80 128 396 303 93 252
is_linear=0
shrinkage=0.01


Tree=125
num_leaves=15
num_cat=0
split_feature=3 7 5 5 4 5 7 4 0 4 3 5 0 6
split_gain=1624.28 2779.81 2570.67 2062.3 1218.11 1496.28 1418.5 943.149 935.646 880.401 460.889 604.993 489.711 497.163
threshold=7.3018750000000008 -0.52247866957162958 0.38522916650000005 0.39150000000000001 0.40993750000000007 0.39995833350000004 0.55191596924288688 0.35137500000000005 15.912836500000003 0.35137500000000005 5.9883333330000008 0.40597916650000004 9.4159845000000022 7.2490000000000014
decision_type=2 2 2 2 2 2 2 2 2 2 2 2 2 2
left_child=10 2 9 -3 5 -5 -6 8 -4 -2 11 -1 -12 -14
right_child=1 3 7 4 6 -7 -8 -9 -10 -11 12 -13 13 -15
leaf_value=-0.020598318406786675 -0.0028826971251207094 -0.01998771770460199 0.056628358325650614 0.081042445917924241 0.046809865534305571 0.026912728876157858 -0.002940217375203415 -0.023226598437272369 -0.013569179187927927 0.051289892849745229 -0.02857199037433876 0.039133654435475666 0.031591261525948842 -0.028789728307724
leaf_weight=39 48 129 31 60 75 343 243 525 49 80 272 30 30 25
leaf_count=39 48 129 31 60 75 343 243 525 49 80 272 30 30 25
internal_value=-7.35928e-11 0.00453121 -0.00973882 0.016837 0.0234256 0.0349717 0.00879329 -0.0183527 0.0136324 0.0309752 -0.0181134 0.0053721 -0.0230691 0.00414536
internal_weight=1979 1583 733 850 721 403 318 605 80 128 396 69 327 55
internal_count=1979 1583 733 850 721 403 318 605 80 128 396 69 327 55
is_linear=0
shrinkage=0.01


Tree=126
num_leaves=15
num_cat=0
split_feature=1 0 6 0 5 6 7 2 4 0 3 7 4 6
split_gain=1599.99 1232.52 910.362 828.879 782.783 1041.19 1359.14 637.916 1094.19 676.222 574.336 538.453 698.396 496.854
threshold=60.520833335000006 5.0490095000000013 8.3060000000000027 18.053714000000003 0.42206250000000006 8.9920000000000027 0.31729257441605191 13.538333335000003 0.38452083350000005 14.675421000000002 9.3914583335000028 -0.90992662233962529 0.36000000000000004 6.666500000000001
decision_type=2 2 2 2 2 2 2 2 2 2 2 2 2 2
left_child=1 -1 11 7 5 6 -3 9 -9 -4 -7 -2 -13 -6
right_child=2 4 3 -5 13 10 -8 8 -10 -11 -12 12 -14 -15
leaf_value=-0.041048671148325271 -0.037181998932527167 -0.038602001752172196 0.013335530046526701 -0.021081941330128095 0.022132785320281984 0.042708418067635562 0.045925765543171009 -0.0028360974208276341 0.036243888472000621 -0.015283901161661274 0.0018678315122460209 0.036960335764391672 -0.013445864602838567 -0.037301292174901718
leaf_weight=38 90 21 146 132 22 41 202 138 149 190 215 29 527 39
leaf_count=38 90 21 146 132 22 41 202 138 149 190 215 29 527 39
internal_value=-3.34928e-11 0.0139988 -0.00577538 0.00168104 0.0178725 0.0221691 0.0379658 0.00650402 0.0174528 -0.00284808 0.00840871 -0.0144899 -0.0108168 -0.0158661
internal_weight=1979 578 1401 755 540 479 223 623 287 336 256 646 556 61
internal_count=1979 578 1401 755 540 479 223 623 287 336 256 646 556 61
is_linear=0
shrinkage=0.01


Tree=127
num_leaves=15
num_cat=0
split_feature=3 7 5 5 5 0 4 0 4 3 5 0 6 0
split_gain=1573.41 2680.2 2420.37 1965 1372.6 1121.17 900.632 906.111 815.218 452.533 594.454 478.899 489.57 450.394
threshold=7.3018750000000008 -0.50751903745502724 0.38522916650000005 0.39245833350000003 0.39322916700000005 14.675421000000002 0.35137500000000005 15.912836500000003 0.35022916650000008 5.9883333330000008 0.40597916650000004 9.4159845000000022 7.2490000000000014 15.998122000000002
decision_type=2 2 2 2 2 2 2 2 2 2 2 2 2 2
left_child=9 2 8 -3 -5 -6 7 -4 -2 10 -1 -11 -13 -8
right_child=1 3 6 4 5 -7 13 -9 -10 11 -12 12 -14 -15
leaf_value=-0.020299078210806235 -0.0038133143123401246 -0.017689118281596427 0.055886650844927763 0.10308938889276414 0.025239258573746412 -0.017838422998563568 -0.030754239427129907 -0.01319405988238904 0.048669103779661729 -0.028179866367786684 0.038910318851470949 0.031409808297952022 -0.028508322477340697 -0.012263458574811616
leaf_weight=39 46 139 31 21 615 67 292 49 83 272 30 30 25 240
leaf_count=39 46 139 31 21 615 67 292 49 83 272 30 30 25 240
internal_value=-5.83783e-11 0.00445969 -0.00941075 0.0166663 0.0234592 0.0210073 -0.0177083 0.0135747 0.0299544 -0.0178275 0.00544414 -0.022738 0.00417429 -0.0224125
internal_weight=1979 1583 741 842 703 682 612 80 129 396 69 327 55 532
internal_count=1979 1583 741 842 703 682 612 80 129 396 69 327 55 532
is_linear=0
shrinkage=0.01


Tree=128
num_leaves=15
num_cat=0
split_feature=4 3 5 2 7 5 3 3 0 0 3 5 7 4
split_gain=1544.19 2637.8 2359.25 2143.59 1871.21 2293.49 2105.95 1648.85 1146.61 827.184 875.895 727.608 1545.01 863.478
threshold=0.39302083350000006 12.506041665000003 0.40514583350000005 12.419583335000002 0.47714059151611371 0.40543750000000006 10.339375000000002 13.816458335000002 9.7665210000000027 16.094899000000002 7.4831250000000011 0.38422916650000005 -0.30069434954884217 0.35743750000000007
decision_type=2 2 2 2 2 2 2 2 2 2 2 2 2 2
left_child=11 4 3 -3 9 6 -6 -5 -7 10 -2 12 13 -1
right_child=1 2 -4 7 5 8 -8 -9 -10 -11 -12 -13 -14 -15
leaf_value=-0.0025301009476026322 -0.0091075583823884906 -0.017269142807369502 0.12805592848704411 0.068283327367445551 0.096082795722442771 -0.0017598813697908 0.0014280902966856957 -0.025281220700429832 0.076084473192691807 0.034230871738926062 -0.04158570028719355 -0.014085444452256178 -0.042215689885907057 0.054302037347468642
leaf_weight=47 260 71 26 104 57 351 40 23 20 31 122 724 41 62
leaf_count=47 260 71 26 104 57 351 40 23 20 31 122 724 41 62
internal_value=-2.31195e-11 0.00785601 0.0384971 0.0267368 6.5324e-05 0.013756 0.0570499 0.0513386 0.00243658 -0.0154486 -0.0194802 -0.00993237 0.0101131 0.0297964
internal_weight=1979 1105 224 198 881 468 97 127 371 413 382 874 150 109
internal_count=1979 1105 224 198 881 468 97 127 371 413 382 874 150 109
is_linear=0
shrinkage=0.01


Tree=129
num_leaves=15
num_cat=0
split_feature=3 7 5 5 7 5 5 6 7 4 3 0 5 2
split_gain=1525.29 2599.09 2039.46 1986.48 1304.31 1620.03 1492.1 1037.75 845.348 652.404 446.4 561.978 500.643 446.833
threshold=7.3018750000000008 -0.39873388578253688 0.38522916650000005 0.39245833350000003 0.60873824923885345 0.41266666650000006 0.41495833350000005 7.113500000000001 -0.8910065241883679 0.35022916650000008 6.3404166665000004 9.4159845000000022 0.40597916650000004 7.6091666355000012
decision_type=2 2 2 2 2 2 2 2 2 2 2 2 2 2
left_child=10 2 9 -3 5 -5 -6 -4 -9 -2 12 13 -1 -12
right_child=1 3 7 4 6 -7 -8 8 -10 -11 11 -13 -14 -15
leaf_value=-0.021841109433899754 -0.0037448560341220832 -0.020761768321037041 -0.049163810709192436 0.029923668045973042 0.030559431048563849 0.095930272944008368 -0.0067910733149590232 -0.023080005328972929 0.0011072485348659342 0.042549433973100452 -0.022854080009864948 0.0068379440377740299 0.024565290085812836 -0.055996920239983823
leaf_weight=46 46 117 81 194 234 46 197 288 290 90 201 51 47 51
leaf_count=46 46 117 81 194 234 46 197 288 290 90 201 51 47 51
internal_value=-1.52558e-11 0.00439097 -0.00836607 0.0172613 0.0238913 0.0425749 0.0134874 -0.0156422 -0.0109445 0.0268911 -0.0175528 -0.0234349 0.00161159 -0.0295616
internal_weight=1979 1583 795 788 671 240 431 659 578 136 396 303 93 252
internal_count=1979 1583 795 788 671 240 431 659 578 136 396 303 93 252
is_linear=0
shrinkage=0.01


Tree=130
num_leaves=15
num_cat=0
split_feature=3 7 5 5 5 0 4 0 4 3 5 0 6 2
split_gain=1494.93 2547.84 2288.43 1860.95 1335.65 1088.74 882.451 882.656 769.541 438.192 573.191 460.647 479.295 435.571
threshold=7.3018750000000008 -0.50751903745502724 0.38522916650000005 0.39245833350000003 0.39322916700000005 14.675421000000002 0.35137500000000005 15.912836500000003 0.35022916650000008 5.9883333330000008 0.40597916650000004 9.4159845000000022 7.2490000000000014 14.387291665000001
decision_type=2 2 2 2 2 2 2 2 2 2 2 2 2 2
left_child=9 2 8 13 -5 -6 7 -4 -2 10 -1 -11 -13 -3
right_child=1 3 6 4 5 -7 -8 -9 -10 11 -12 12 -14 -15
leaf_value=-0.019755968149655904 -0.0037074073525550574 -0.028437140379641956 0.055481585148842105 0.10141009239923386 0.024610691021734139 -0.017839544495261872 -0.021901295530238656 -0.012699175967564048 0.047283510100769713 -0.027546465693568972 0.038384889602661135 0.031133339365323382 -0.028152665543556214 0.010663994923233985
leaf_weight=39 46 99 31 21 615 67 532 49 83 272 30 30 25 40
leaf_count=39 46 99 31 21 615 67 532 49 83 272 30 30 25 40
internal_value=1.82611e-11 0.00434706 -0.00917656 0.0162485 0.0228591 0.0204404 -0.0172448 0.0137209 0.0291007 -0.0173773 0.00552267 -0.0222093 0.00418516 -0.017185
internal_weight=1979 1583 741 842 703 682 612 80 129 396 69 327 55 139
internal_count=1979 1583 741 842 703 682 612 80 129 396 69 327 55 139
is_linear=0
shrinkage=0.01


Tree=131
num_leaves=15
num_cat=0
split_feature=4 3 5 2 7 5 3 3 0 0 3 5 7 4
split_gain=1467.88 2540.94 2287.93 2094.84 1777 2140.24 2218.5 1616.69 1113.07 868.772 752.601 685.011 1474.18 819.118
threshold=0.39302083350000006 12.506041665000003 0.40514583350000005 12.419583335000002 0.33379414889141251 0.40543750000000006 10.339375000000002 13.816458335000002 9.7665210000000027 16.094899000000002 7.4831250000000011 0.38422916650000005 -0.30069434954884217 0.35743750000000007
decision_type=2 2 2 2 2 2 2 2 2 2 2 2 2 2
left_child=11 4 3 -3 9 6 -6 -5 -7 10 -2 12 13 -1
right_child=1 2 -4 7 5 8 -8 -9 -10 -11 -12 -13 -14 -15
leaf_value=-0.0024923741365683841 -0.01030801645154757 -0.017351110469497426 0.12592749907420231 0.06725064857961395 0.094570824388872113 -0.00173262841498975 -0.00056815898565705427 -0.025397075388742533 0.074771923989057548 0.03417452669912769 -0.041427465423065073 -0.013713518321418939 -0.04134922827162394 0.052860687141937597
leaf_weight=47 224 71 26 104 57 387 43 23 20 31 119 724 41 62
leaf_count=47 224 71 26 104 57 387 43 23 20 31 119 724 41 62
internal_value=-3.05127e-11 0.00765944 0.0377327 0.0261515 1.31256e-05 0.0122111 0.0536611 0.0504719 0.00202681 -0.0165226 -0.0211046 -0.00968385 0.00976602 0.0289929
internal_weight=1979 1105 224 198 881 507 100 127 407 374 343 874 150 109
internal_count=1979 1105 224 198 881 507 100 127 407 374 343 874 150 109
is_linear=0
shrinkage=0.01


Tree=132
num_leaves=15
num_cat=0
split_feature=3 7 5 5 7 5 5 6 7 4 3 0 5 2
split_gain=1448.85 2473.65 1925.95 1877.91 1282.25 1575.87 1441.42 1011 811.493 614.664 432.017 541.129 483.081 436.811
threshold=7.3018750000000008 -0.39873388578253688 0.38522916650000005 0.39245833350000003 0.60873824923885345 0.41266666650000006 0.41495833350000005 7.113500000000001 -0.8910065241883679 0.35022916650000008 6.3404166665000004 9.4159845000000022 0.40597916650000004 7.6091666355000012
decision_type=2 2 2 2 2 2 2 2 2 2 2 2 2 2
left_child=10 2 9 -3 5 -5 -6 -4 -9 -2 12 13 -1 -12
right_child=1 3 7 4 6 -7 -8 8 -10 -11 11 -13 -14 -15
leaf_value=-0.021291908412847831 -0.0036405307714543911 -0.020133892302202364 -0.048323383674393469 0.029329016064245678 0.029745753151165625 0.094429853696214108 -0.0069649038339024277 -0.022489867327539183 0.0012080941730789069 0.041294810725582977 -0.022274009387370255 0.0068121072591519824 0.024293283604561015 -0.05504304742111879
leaf_weight=46 46 117 81 194 234 46 197 288 290 90 201 51 47 51
leaf_count=46 46 117 81 194 234 46 197 288 290 90 201 51 47 51
internal_value=-6.64079e-11 0.00427953 -0.00816586 0.0168355 0.0232817 0.0418067 0.0129662 -0.0152366 -0.0105999 0.0260961 -0.0171073 -0.0228939 0.00174577 -0.0289058
internal_weight=1979 1583 795 788 671 240 431 659 578 136 396 303 93 252
internal_count=1979 1583 795 788 671 240 431 659 578 136 396 303 93 252
is_linear=0
shrinkage=0.01


Tree=133
num_leaves=15
num_cat=0
split_feature=3 7 5 5 7 5 5 6 7 4 3 5 0 6
split_gain=1420.02 2424.43 1887.62 1840.53 1256.73 1544.51 1412.73 990.881 795.344 602.432 424.479 552.758 443.446 469.179
threshold=7.3018750000000008 -0.39873388578253688 0.38522916650000005 0.39245833350000003 0.60873824923885345 0.41266666650000006 0.41495833350000005 7.113500000000001 -0.8910065241883679 0.35022916650000008 5.9883333330000008 0.40597916650000004 9.4159845000000022 7.2490000000000014
decision_type=2 2 2 2 2 2 2 2 2 2 2 2 2 2
left_child=10 2 9 -3 5 -5 -6 -4 -9 -2 11 -1 -12 -14
right_child=1 3 7 4 6 -7 -8 8 -10 -11 12 -13 13 -15
leaf_value=-0.019221451817414699 -0.0036041257352284763 -0.01993255322878687 -0.047840149248087854 0.029035725705709652 0.029448296303829006 0.093485557365676639 -0.0068952549184639446 -0.022264968760233993 0.0011960132317296391 0.040881862090693576 -0.026928658338934732 0.03787367566426595 0.030867181301116941 -0.027789850759506227
leaf_weight=39 46 117 81 194 234 46 197 288 290 90 272 30 30 25
leaf_count=39 46 117 81 194 234 46 197 288 290 90 272 30 30 25
internal_value=5.787e-11 0.00423674 -0.0080842 0.0166671 0.0230489 0.0413886 0.0128365 -0.0150842 -0.0104939 0.0258351 -0.0169362 0.00560252 -0.0216921 0.00420489
internal_weight=1979 1583 795 788 671 240 431 659 578 136 396 69 327 55
internal_count=1979 1583 795 788 671 240 431 659 578 136 396 69 327 55
is_linear=0
shrinkage=0.01


Tree=134
num_leaves=15
num_cat=0
split_feature=4 3 5 2 7 5 3 3 0 0 3 5 7 4
split_gain=1392.92 2436.1 2205.11 2048.99 1706.11 2054.11 2174.28 1593.27 1074.78 851.445 734.79 645.209 1409.31 778.476
threshold=0.39302083350000006 12.506041665000003 0.40514583350000005 12.419583335000002 0.33379414889141251 0.40543750000000006 10.339375000000002 13.816458335000002 9.7665210000000027 16.094899000000002 7.4831250000000011 0.38422916650000005 -0.30069434954884217 0.35743750000000007
decision_type=2 2 2 2 2 2 2 2 2 2 2 2 2 2
left_child=11 4 3 -3 9 6 -6 -5 -7 10 -2 12 13 -1
right_child=1 2 -4 7 5 8 -8 -9 -10 -11 -12 -13 -14 -15
leaf_value=-0.0024520813523137824 -0.010096173654310406 -0.017485961695004937 0.12349142441382775 0.066247510275302027 0.093033904004515264 -0.0017448918576272886 -0.0011521035168579846 -0.025726751672184984 0.07343226692080497 0.033960866235917611 -0.04084517986333671 -0.013344177868498943 -0.040535071434044258 0.051510314119438974
leaf_weight=47 224 71 26 104 57 387 43 23 20 31 119 724 41 62
leaf_count=47 224 71 26 104 57 387 43 23 20 31 119 724 41 62
internal_value=1.50783e-10 0.0074613 0.0369076 0.025538 -2.56166e-05 0.0119266 0.0525339 0.0495908 0.00194932 -0.0162282 -0.0207642 -0.00943333 0.00944302 0.0282421
internal_weight=1979 1105 224 198 881 507 100 127 407 374 343 874 150 109
internal_count=1979 1105 224 198 881 507 100 127 407 374 343 874 150 109
is_linear=0
shrinkage=0.01


Tree=135
num_leaves=15
num_cat=0
split_feature=3 7 5 5 7 5 5 6 7 4 3 0 5 2
split_gain=1376.2 2352.46 1817.6 1774.11 1231.61 1504.92 1364.59 966.354 770.842 578.846 418.08 521.045 466.136 427.034
threshold=7.3018750000000008 -0.39873388578253688 0.38522916650000005 0.39245833350000003 0.60873824923885345 0.41266666650000006 0.41495833350000005 7.113500000000001 -0.8910065241883679 0.35022916650000008 6.3404166665000004 9.4159845000000022 0.40597916650000004 7.6091666355000012
decision_type=2 2 2 2 2 2 2 2 2 2 2 2 2 2
left_child=10 2 9 -3 5 -5 -6 -4 -9 -2 12 13 -1 -12
right_child=1 3 7 4 6 -7 -8 8 -10 -11 11 -13 -14 -15
leaf_value=-0.020756389513287857 -0.0035388279556418244 -0.019517829768423339 -0.047182779156223494 0.028642850447177272 0.028897427227905292 0.092261322490547026 -0.0068215677387974596 -0.021889971785276432 0.0012068031102434958 0.040067644923925394 -0.021707472751630631 0.0067841736008139222 0.024022170837889326 -0.054107721693375535
leaf_weight=46 46 117 81 194 234 46 197 288 290 90 201 51 47 51
leaf_count=46 46 117 81 194 234 46 197 288 290 90 201 51 47 51
internal_value=-6.34055e-11 0.00417085 -0.00796584 0.0164154 0.0226809 0.0408364 0.0125711 -0.0148348 -0.0103016 0.0253184 -0.0166729 -0.0223654 0.00187364 -0.0282647
internal_weight=1979 1583 795 788 671 240 431 659 578 136 396 303 93 252
internal_count=1979 1583 795 788 671 240 431 659 578 136 396 303 93 252
is_linear=0
shrinkage=0.01


Tree=136
num_leaves=15
num_cat=0
split_feature=3 7 5 5 7 5 5 6 7 4 3 5 0 6
split_gain=1348.81 2305.65 1781.43 1738.81 1207.1 1474.98 1337.44 947.124 755.502 567.327 411.183 533.055 426.885 459.279
threshold=7.3018750000000008 -0.39873388578253688 0.38522916650000005 0.39245833350000003 0.60873824923885345 0.41266666650000006 0.41495833350000005 7.113500000000001 -0.8910065241883679 0.35022916650000008 5.9883333330000008 0.40597916650000004 9.4159845000000022 7.2490000000000014
decision_type=2 2 2 2 2 2 2 2 2 2 2 2 2 2
left_child=10 2 9 -3 5 -5 -6 -4 -9 -2 11 -1 -12 -14
right_child=1 3 7 4 6 -7 -8 8 -10 -11 12 -13 13 -15
leaf_value=-0.018700724319578747 -0.0035034394187285849 -0.019322651535009918 -0.046710950957588204 0.028356421975822176 0.028608452708890231 0.091338709547467853 -0.0067533520537281996 -0.021671071732416749 0.0011947350665256541 0.03966696827941471 -0.026324758117137692 0.037367587486902873 0.03060137434800466 -0.027433468294143677
leaf_weight=39 46 117 81 194 234 46 197 288 290 90 272 30 30 25
leaf_count=39 46 117 81 194 234 46 197 288 290 90 272 30 30 25
internal_value=-2.11021e-11 0.00412914 -0.00788618 0.0162512 0.0224541 0.040428 0.0124454 -0.0146865 -0.0101986 0.0250652 -0.0165061 0.0056768 -0.0211869 0.0042219
internal_weight=1979 1583 795 788 671 240 431 659 578 136 396 69 327 55
internal_count=1979 1583 795 788 671 240 431 659 578 136 396 69 327 55
is_linear=0
shrinkage=0.01


Tree=137
num_leaves=15
num_cat=0
split_feature=3 7 5 5 7 5 5 6 7 4 3 0 5 2
split_gain=1321.97 2259.76 1745.98 1704.2 1183.08 1445.62 1310.82 928.276 740.468 556.038 403.59 501 449.82 418.536
threshold=7.3018750000000008 -0.39873388578253688 0.38522916650000005 0.39245833350000003 0.60873824923885345 0.41266666650000006 0.41495833350000005 7.113500000000001 -0.8910065241883679 0.35022916650000008 6.3404166665000004 9.4159845000000022 0.40597916650000004 7.6091666355000012
decision_type=2 2 2 2 2 2 2 2 2 2 2 2 2 2
left_child=10 2 9 -3 5 -5 -6 -4 -9 -2 12 13 -1 -12
right_child=1 3 7 4 6 -7 -8 8 -10 -11 11 -13 -14 -15
leaf_value=-0.020349252764540523 -0.0034684053898546038 -0.019129425157179945 -0.046243841314205419 0.02807285758081017 0.028322368161434418 0.090425322463978886 -0.0066858183172753619 -0.021454361220951089 0.001182787602680037 0.039270297937923013 -0.021227150373253508 0.0066492852977677883 0.023638649494089982 -0.053303397356295114
leaf_weight=46 46 117 81 194 234 46 197 288 290 90 201 51 47 51
leaf_count=46 46 117 81 194 234 46 197 288 290 90 201 51 47 51
internal_value=-1.24245e-10 0.00408785 -0.00780732 0.0160887 0.0222295 0.0400237 0.0123209 -0.0145396 -0.0100966 0.0248146 -0.0163411 -0.021934 0.00188119 -0.0277188
internal_weight=1979 1583 795 788 671 240 431 659 578 136 396 303 93 252
internal_count=1979 1583 795 788 671 240 431 659 578 136 396 303 93 252
is_linear=0
shrinkage=0.01


Tree=138
num_leaves=15
num_cat=0
split_feature=4 3 5 2 7 5 3 3 0 0 3 5 7 4
split_gain=1300.28 2310.48 2107.97 2002.24 1622.22 2028.94 1981.35 1574.25 1030.56 782.987 811.166 595.618 1332.68 727.534
threshold=0.39302083350000006 12.506041665000003 0.40514583350000005 12.419583335000002 0.47714059151611371 0.40543750000000006 10.339375000000002 13.816458335000002 9.7665210000000027 16.094899000000002 7.4831250000000011 0.38422916650000005 -0.64942331933852337 0.35743750000000007
decision_type=2 2 2 2 2 2 2 2 2 2 2 2 2 2
left_child=11 4 3 -3 9 6 -6 -5 -7 10 -2 12 13 -1
right_child=1 2 -4 7 5 8 -8 -9 -10 -11 -12 -13 -14 -15
leaf_value=-0.0022371927597884872 -0.0084677514965431043 -0.017760698213438755 0.12054117587896494 0.065103375673755251 0.091245944050320396 -0.0019600648534858329 -0.00056591412797570224 -0.026320205589999323 0.071839660376310358 0.033806703898214524 -0.039722787222412771 -0.012871796538447446 -0.035103074083936973 0.051656201317906381
leaf_weight=43 260 71 26 104 57 351 40 23 20 31 122 724 47 60
leaf_count=43 260 71 26 104 57 351 40 23 20 31 122 724 47 60
internal_value=1.82582e-11 0.00720892 0.0358859 0.0247696 -8.24006e-05 0.0126649 0.0533854 0.0485463 0.00201836 -0.0145273 -0.0184497 -0.00911425 0.00902219 0.029157
internal_weight=1979 1105 224 198 881 468 97 127 371 413 382 874 150 103
internal_count=1979 1105 224 198 881 468 97 127 371 413 382 874 150 103
is_linear=0
shrinkage=0.01


Tree=139
num_leaves=15
num_cat=0
split_feature=3 7 5 5 7 5 5 6 7 4 3 5 0 6
split_gain=1281.38 2192.35 1682.26 1643.79 1159.93 1408.44 1265.7 905.27 717.51 534.465 398.113 513.995 410.603 449.642
threshold=7.3018750000000008 -0.39873388578253688 0.38522916650000005 0.39245833350000003 0.60873824923885345 0.41266666650000006 0.41495833350000005 7.113500000000001 -0.8910065241883679 0.35022916650000008 5.9883333330000008 0.40597916650000004 9.4159845000000022 7.2490000000000014
decision_type=2 2 2 2 2 2 2 2 2 2 2 2 2 2
left_child=10 2 9 -3 5 -5 -6 -4 -9 -2 11 -1 -12 -14
right_child=1 3 7 4 6 -7 -8 8 -10 -11 12 -13 13 -15
leaf_value=-0.018198445061078438 -0.0033995807610209222 -0.018743144966916651 -0.045608994795216455 0.02769913956570948 0.027788533205723664 0.089244528335073722 -0.0066117962657800183 -0.021092811275739223 0.0011906567412460674 0.038501838127772019 -0.025732931045733817 0.036858351548512774 0.030326757351557414 -0.027095989680290221
leaf_weight=39 46 117 81 194 234 46 197 288 290 90 272 30 30 25
leaf_count=39 46 117 81 194 234 46 197 288 290 90 272 30 30 25
internal_value=9.7329e-11 0.0040246 -0.0076918 0.0158451 0.0218761 0.0394953 0.0120649 -0.0143001 -0.00991252 0.0243293 -0.0160882 0.00573929 -0.020694 0.00422551
internal_weight=1979 1583 795 788 671 240 431 659 578 136 396 69 327 55
internal_count=1979 1583 795 788 671 240 431 659 578 136 396 69 327 55
is_linear=0
shrinkage=0.01


Tree=140
num_leaves=15
num_cat=0
split_feature=3 7 5 5 7 5 5 6 4 4 3 0 5 2
split_gain=1255.88 2148.73 1649.31 1611.08 1136.84 1380.42 1240.51 914.385 711.228 683.898 390.338 482.032 434.028 409.489
threshold=7.3018750000000008 -0.39873388578253688 0.38462500000000005 0.39245833350000003 0.60873824923885345 0.41266666650000006 0.41495833350000005 7.113500000000001 0.35743750000000007 0.35416666650000006 6.3404166665000004 9.4159845000000022 0.40597916650000004 7.6091666355000012
decision_type=2 2 2 2 2 2 2 2 2 2 2 2 2 2
left_child=10 2 8 -3 5 -5 -6 -4 -2 -9 12 13 -1 -12
right_child=1 3 7 4 6 -7 -8 9 -10 -11 11 -13 -14 -15
leaf_value=-0.019843469816057578 -0.0027624630355664219 -0.018555713458957835 -0.045152904412444725 0.027422148208085872 0.027510647322568627 0.088352082928885578 -0.0065456781816210239 0.016055767866679366 0.047215193284409381 -0.013861526639381122 -0.020680829076216885 0.0066092846674077653 0.023365365951619248 -0.052408493172888662
leaf_weight=46 48 117 81 194 234 46 197 90 70 506 201 51 47 51
leaf_count=46 48 117 81 194 234 46 197 90 70 506 201 51 47 51
internal_value=-2.55396e-11 0.00398435 -0.00761488 0.0156866 0.0216574 0.0391004 0.0119443 -0.0136282 0.0268853 -0.00934381 -0.0159274 -0.0214277 0.00199325 -0.0271019
internal_weight=1979 1583 795 788 671 240 431 677 118 596 396 303 93 252
internal_count=1979 1583 795 788 671 240 431 677 118 596 396 303 93 252
is_linear=0
shrinkage=0.01


Tree=141
num_leaves=15
num_cat=0
split_feature=4 3 5 2 7 5 3 3 0 0 3 5 7 4
split_gain=1239.17 2218.73 2030.5 1962.26 1557.59 1949.53 1941.91 1553.67 995.438 769.921 789.746 560.143 1275.91 697.411
threshold=0.39302083350000006 12.506041665000003 0.40514583350000005 12.419583335000002 0.47714059151611371 0.40543750000000006 10.339375000000002 13.816458335000002 9.7665210000000027 16.094899000000002 7.4831250000000011 0.38422916650000005 -0.64942331933852337 0.35266666650000006
decision_type=2 2 2 2 2 2 2 2 2 2 2 2 2 2
left_child=11 4 3 -3 9 6 -6 -5 -7 10 -2 12 -1 -13
right_child=1 2 -4 7 5 8 -8 -9 -10 -11 -12 13 -14 -15
leaf_value=0.02839185004990584 -0.0083020703581591637 -0.017874391844158361 0.11822449115606455 0.064215837339870629 0.089780649746719163 -0.0019630213818404071 -0.0011128466539084912 -0.026608216477477034 0.070568270668387417 0.033667227068255028 -0.039141678568281109 0.01384390884375369 -0.034484647074912458 -0.016192214391575012
leaf_weight=103 260 71 26 104 57 351 40 23 20 31 122 88 47 636
leaf_count=103 260 71 26 104 57 351 40 23 20 31 122 88 47 636
internal_value=-7.08804e-11 0.00703747 0.0351393 0.0242292 -0.000107617 0.0123832 0.0522988 0.0477674 0.00194702 -0.0142618 -0.0181514 -0.00889749 0.00869055 -0.0125414
internal_weight=1979 1105 224 198 881 468 97 127 371 413 382 874 150 724
internal_count=1979 1105 224 198 881 468 97 127 371 413 382 874 150 724
is_linear=0
shrinkage=0.01


Tree=142
num_leaves=15
num_cat=0
split_feature=3 7 5 5 0 4 4 0 4 3 5 0 6 4
split_gain=1215.53 2089.24 1924.29 1582.03 1006.22 1144.43 852.886 834.304 663.291 385.714 495.451 394.846 440.356 380.107
threshold=7.3018750000000008 -0.52247866957162958 0.38522916650000005 0.38595833350000003 5.0490095000000013 0.40993750000000007 0.35137500000000005 15.912836500000003 0.35137500000000005 5.9883333330000008 0.40597916650000004 9.4159845000000022 7.2490000000000014 0.37604166650000009
decision_type=2 2 2 2 2 2 2 2 2 2 2 2 2 2
left_child=9 2 8 -3 -5 -6 7 -4 -2 10 -1 -11 -13 -8
right_child=1 3 6 4 5 -7 13 -9 -10 11 -12 12 -14 -15
leaf_value=-0.017686450524398913 -0.0026140032262386131 -0.027163362266813835 0.055112805751062206 -0.043354895341396332 0.031792782179110413 0.0066790007555059027 -0.030250267620084058 -0.011174162531186048 0.04440694892220199 -0.025144210785981749 0.036368065675099696 0.030064088026682537 -0.026762621355056766 -0.013083554685463886
leaf_weight=39 48 82 31 25 428 315 228 49 80 272 30 30 25 297
leaf_count=39 48 82 31 25 428 315 228 49 80 272 30 30 25 297
internal_value=5.4764e-11 0.00391983 -0.00845134 0.0145882 0.019046 0.0211456 -0.015904 0.014512 0.0267741 -0.0156694 0.00581551 -0.020203 0.00423377 -0.0205388
internal_weight=1979 1583 733 850 768 743 605 80 128 396 69 327 55 525
internal_count=1979 1583 733 850 768 743 605 80 128 396 69 327 55 525
is_linear=0
shrinkage=0.01


Tree=143
num_leaves=15
num_cat=0
split_feature=4 3 5 2 3 7 5 3 0 0 3 5 7 4
split_gain=1200.35 2154.6 1990.36 1916.96 1523.71 1508.4 1815.49 2045.11 967.98 805.329 683.63 539.023 1232.81 715.35
threshold=0.39302083350000006 12.506041665000003 0.40514583350000005 12.419583335000002 13.816458335000002 0.33379414889141251 0.40543750000000006 10.339375000000002 9.7665210000000027 16.094899000000002 7.4831250000000011 0.38422916650000005 -0.59480013772226059 0.35743750000000007
decision_type=2 2 2 2 2 2 2 2 2 2 2 2 2 2
left_child=11 5 3 -3 -5 9 7 -7 -8 10 -2 12 13 -1
right_child=1 2 -4 4 -6 6 8 -9 -10 -11 -12 -13 -14 -15
leaf_value=-0.002544181371662528 -0.0094710764439410663 -0.017797356262855547 0.11687886549876286 0.063371330994324626 -0.026572710210862369 0.088578133044535642 -0.0017620875812027342 -0.0027673375849113909 0.069582332372665409 0.033461390733718871 -0.039130316654674147 -0.012331594727645263 -0.03672681934611742 0.04955448146536947
leaf_weight=47 224 71 26 104 23 57 387 43 20 31 119 724 43 60
leaf_count=47 224 71 26 104 23 57 387 43 20 31 119 724 43 60
internal_value=-1.31722e-11 0.00692637 0.0346191 0.0238173 0.0470823 -0.000114698 0.0111236 0.0492996 0.00174378 -0.0153495 -0.019761 -0.00875702 0.00849626 0.02667
internal_weight=1979 1105 224 198 127 881 507 100 407 374 343 874 150 107
internal_count=1979 1105 224 198 127 881 507 100 407 374 343 874 150 107
is_linear=0
shrinkage=0.01


Tree=144
num_leaves=15
num_cat=0
split_feature=3 7 5 5 7 5 5 6 7 4 3 5 0 6
split_gain=1177.89 2030.79 1533.75 1507.57 1107.31 1338.17 1165.33 856.591 678.257 495.811 378.797 485.462 387.518 431.707
threshold=7.3018750000000008 -0.39873388578253688 0.38522916650000005 0.39245833350000003 0.60873824923885345 0.41266666650000006 0.41495833350000005 7.113500000000001 -0.8910065241883679 0.35022916650000008 5.9883333330000008 0.40597916650000004 9.4159845000000022 7.2490000000000014
decision_type=2 2 2 2 2 2 2 2 2 2 2 2 2 2
left_child=10 2 9 -3 5 -5 -6 -4 -9 -2 11 -1 -12 -14
right_child=1 3 7 4 6 -7 -8 8 -10 -11 12 -13 13 -15
leaf_value=-0.017397271676633793 -0.0035501381420813827 -0.017888863246856082 -0.044183103270472292 0.026727828209806886 0.026512182559499626 0.086718129852543721 -0.0064960083677457073 -0.020329813553576565 0.0013355461978835279 0.036807670567598608 -0.02481273898950723 0.03610958433151245 0.02986673887570699 -0.026399140405654907
leaf_weight=39 46 117 81 194 234 46 197 288 290 90 272 30 30 25
leaf_count=39 46 117 81 194 234 46 197 288 290 90 272 30 30 25
internal_value=1.39722e-11 0.00385865 -0.00741777 0.0152352 0.021011 0.038226 0.0114249 -0.0137276 -0.00945965 0.0231572 -0.0154249 0.00586658 -0.0199176 0.00429134
internal_weight=1979 1583 795 788 671 240 431 659 578 136 396 69 327 55
internal_count=1979 1583 795 788 671 240 431 659 578 136 396 69 327 55
is_linear=0
shrinkage=0.01


Tree=145
num_leaves=15
num_cat=0
split_feature=4 3 5 2 3 7 5 3 0 0 3 5 7 4
split_gain=1157.99 2088.46 1934.69 1876.96 1497.26 1464.48 1760.81 2004.43 941.789 789.337 668.617 517.923 1195.63 674.376
threshold=0.39302083350000006 12.506041665000003 0.40514583350000005 12.419583335000002 13.816458335000002 0.33379414889141251 0.40543750000000006 10.339375000000002 9.7665210000000027 16.094899000000002 7.4831250000000011 0.38422916650000005 -0.64942331933852337 0.35416666650000006
decision_type=2 2 2 2 2 2 2 2 2 2 2 2 2 2
left_child=11 5 3 -3 -5 9 7 -7 -8 10 -2 12 -1 -13
right_child=1 2 -4 4 -6 6 8 -9 -10 -11 -12 13 -14 -15
leaf_value=0.027382524704325548 -0.0093316895318899442 -0.017760464008536821 0.11516865235108595 0.062585829628201625 -0.026574261292167334 0.087427041619493245 -0.0017511993811227555 -0.0030053878592890366 0.068621389731764793 0.033183309378162509 -0.038663461627829979 0.012432445513526189 -0.033483697680082733 -0.015901083119059103
leaf_weight=103 224 71 26 104 23 57 387 43 20 31 119 97 47 627
leaf_count=103 224 71 26 104 23 57 387 43 20 31 119 97 47 627
internal_value=8.65332e-11 0.00680305 0.0340675 0.0234178 0.0464387 -0.000129108 0.0109444 0.0485411 0.00170691 -0.0151406 -0.019508 -0.0086011 0.00831111 -0.012105
internal_weight=1979 1105 224 198 127 881 507 100 407 374 343 874 150 724
internal_count=1979 1105 224 198 127 881 507 100 407 374 343 874 150 724
is_linear=0
shrinkage=0.01


Tree=146
num_leaves=15
num_cat=0
split_feature=3 7 5 5 7 5 5 6 7 4 3 0 5 2
split_gain=1139.66 1973 1478.36 1452.67 1085.88 1303.42 1125.4 834.144 657.555 486.938 374.198 456.105 412.219 398.292
threshold=7.3018750000000008 -0.39873388578253688 0.38522916650000005 0.39245833350000003 0.60873824923885345 0.41266666650000006 0.41495833350000005 7.113500000000001 -0.8910065241883679 0.35022916650000008 6.3404166665000004 9.4159845000000022 0.40597916650000004 7.6091666355000012
decision_type=2 2 2 2 2 2 2 2 2 2 2 2 2 2
left_child=10 2 9 -3 5 -5 -6 -4 -9 -2 12 13 -1 -12
right_child=1 3 7 4 6 -7 -8 8 -10 -11 11 -13 -14 -15
leaf_value=-0.018907364431930626 -0.0037687306041302888 -0.017506296017931567 -0.043567961737927464 0.026378373512614177 0.026012414742547733 0.085584725543208742 -0.0064254064010787126 -0.020005478153309216 0.0013266824845481538 0.036226311988837551 -0.019744780179187287 0.0067145679043788533 0.02320190538751318 -0.0510356804728508
leaf_weight=46 46 117 81 194 234 46 197 288 290 90 201 51 47 51
leaf_count=46 46 117 81 194 234 46 197 288 290 90 201 51 47 51
internal_value=1.04202e-10 0.00379553 -0.00731929 0.0150091 0.0206787 0.0377263 0.0111858 -0.0135142 -0.00930249 0.0226986 -0.0151725 -0.020558 0.00237366 -0.0260775
internal_weight=1979 1583 795 788 671 240 431 659 578 136 396 303 93 252
internal_count=1979 1583 795 788 671 240 431 659 578 136 396 303 93 252
is_linear=0
shrinkage=0.01


Tree=147
num_leaves=15
num_cat=0
split_feature=3 7 5 5 7 5 5 6 4 4 3 5 0 6
split_gain=1116.98 1933.74 1452.8 1423.76 1064.27 1277.48 1103.01 841.514 646.202 645.035 367.143 467.976 372.935 422.753
threshold=7.3018750000000008 -0.39873388578253688 0.38462500000000005 0.39245833350000003 0.60873824923885345 0.41266666650000006 0.41495833350000005 7.113500000000001 0.35743750000000007 0.35416666650000006 5.9883333330000008 0.40597916650000004 9.4159845000000022 7.2490000000000014
decision_type=2 2 2 2 2 2 2 2 2 2 2 2 2 2
left_child=10 2 8 -3 5 -5 -6 -4 -2 -9 11 -1 -12 -14
right_child=1 3 7 4 6 -7 -8 9 -10 -11 12 -13 13 -15
leaf_value=-0.016900482163406335 -0.0031263210182078185 -0.017331232999244498 -0.043132281731124281 0.026114589387176503 0.025752290584083296 0.084728878477345351 -0.0063611522489014621 0.01588764765403337 0.04451190023071 -0.013167179558065392 -0.024246050396536968 0.035633873542149863 0.029613951643308007 -0.026065354943275453
leaf_weight=39 48 117 81 194 234 46 197 90 70 506 272 30 30 25
leaf_count=39 48 117 81 194 234 46 197 90 70 506 272 30 30 25
internal_value=4.19848e-11 0.00375758 -0.0072461 0.014859 0.0204719 0.037349 0.011074 -0.0128898 0.0251336 -0.00877971 -0.0150208 0.00594054 -0.0194439 0.00430518
internal_weight=1979 1583 795 788 671 240 431 677 118 596 396 69 327 55
internal_count=1979 1583 795 788 671 240 431 677 118 596 396 69 327 55
is_linear=0
shrinkage=0.01


Tree=148
num_leaves=15
num_cat=0
split_feature=4 3 5 2 3 7 5 3 0 0 3 5 7 4
split_gain=1103.53 2005.24 1863.59 1839.46 1477.43 1405.13 1690.78 1964.61 909.963 775.365 650.967 486.999 1145.1 650.672
threshold=0.39302083350000006 12.506041665000003 0.40514583350000005 12.419583335000002 13.816458335000002 0.33379414889141251 0.40543750000000006 10.339375000000002 9.7665210000000027 16.094899000000002 7.4831250000000011 0.38422916650000005 -0.64942331933852337 0.35416666650000006
decision_type=2 2 2 2 2 2 2 2 2 2 2 2 2 2
left_child=11 5 3 -3 -5 9 7 -7 -8 10 -2 12 -1 -13
right_child=1 2 -4 4 -6 6 8 -9 -10 -11 -12 13 -14 -15
leaf_value=0.026667164883133278 -0.0091430804095164481 -0.017860043838515246 0.11295398840537438 0.061734263841779193 -0.026833448196234913 0.086034484981444836 -0.001755795503848591 -0.0034950133950211282 0.067417529046535501 0.033038695512279385 -0.038085118070119571 0.012308228695285075 -0.032898976184586259 -0.015522898276109231
leaf_weight=103 224 71 26 104 23 57 387 43 20 31 119 97 47 627
leaf_count=103 224 71 26 104 23 57 387 43 20 31 119 97 47 627
internal_value=3.60529e-11 0.00664117 0.0333569 0.0229047 0.0456944 -0.000151466 0.0106953 0.0475368 0.00164339 -0.0148556 -0.0191842 -0.00839645 0.00800311 -0.0117941
internal_weight=1979 1105 224 198 127 881 507 100 407 374 343 874 150 724
internal_count=1979 1105 224 198 127 881 507 100 407 374 343 874 150 724
is_linear=0
shrinkage=0.01


Tree=149
num_leaves=15
num_cat=0
split_feature=4 3 5 2 3 7 5 3 0 0 3 5 7 4
split_gain=1081.57 1965.34 1826.51 1802.85 1448.03 1377.17 1657.13 1925.51 891.855 759.935 638.013 477.308 1123.45 665.393
threshold=0.39302083350000006 12.506041665000003 0.40514583350000005 12.419583335000002 13.816458335000002 0.33379414889141251 0.40543750000000006 10.339375000000002 9.7665210000000027 16.094899000000002 7.4831250000000011 0.38422916650000005 -0.59480013772226059 0.35743750000000007
decision_type=2 2 2 2 2 2 2 2 2 2 2 2 2 2
left_child=11 5 3 -3 -5 9 7 -7 -8 10 -2 12 13 -1
right_child=1 2 -4 4 -6 6 8 -9 -10 -11 -12 -13 -14 -15
leaf_value=-0.0029035780412402555 -0.0090516499303547413 -0.017681443425236455 0.11182444737507748 0.061116921195330527 -0.02656511454478554 0.085174140510427071 -0.0017382375479168056 -0.0034600635323413583 0.066743349779397249 0.032708307889200025 -0.037704266592735007 -0.011676200786013754 -0.035247656730718391 0.047342980301628507
leaf_weight=47 224 71 26 104 23 57 387 43 20 31 119 724 43 60
leaf_count=47 224 71 26 104 23 57 387 43 20 31 119 724 43 60
internal_value=-3.16386e-11 0.00657476 0.0330233 0.0226757 0.0452375 -0.000149952 0.0105884 0.0470614 0.00162695 -0.014707 -0.0189924 -0.00831248 0.00792308 0.0252721
internal_weight=1979 1105 224 198 127 881 507 100 407 374 343 874 150 107
internal_count=1979 1105 224 198 127 881 507 100 407 374 343 874 150 107
is_linear=0
shrinkage=0.01


Tree=150
num_leaves=15
num_cat=0
split_feature=3 7 5 5 7 5 5 6 4 4 3 0 5 2
split_gain=1068.45 1860.23 1374.05 1348.69 1043.78 1236.71 1049.27 815.155 625.108 619.137 363.205 439.672 397.715 388.345
threshold=7.3018750000000008 -0.39873388578253688 0.38462500000000005 0.39245833350000003 0.60873824923885345 0.41266666650000006 0.41495833350000005 7.113500000000001 0.35416666650000006 0.35593750000000007 6.3404166665000004 9.4159845000000022 0.40597916650000004 7.6091666355000012
decision_type=2 2 2 2 2 2 2 2 2 2 2 2 2 2
left_child=10 2 9 -3 5 -5 -6 -4 -9 -2 12 13 -1 -12
right_child=1 3 7 4 6 -7 -8 8 -10 -11 11 -13 -14 -15
leaf_value=-0.018307598966943183 -0.0037810639030438787 -0.016766652138903739 -0.042371159464488793 0.025686491552965967 0.025035596581605764 0.083357898722524235 -0.0062857754074680016 0.015722450831698046 -0.012880052091524359 0.043009276106743752 -0.019162620062481112 0.0067801537233240462 0.023054229959528497 -0.050060308372565344
leaf_weight=46 47 117 81 194 234 46 197 90 506 71 201 51 47 51
leaf_count=46 47 117 81 194 234 46 197 90 506 71 201 51 47 51
internal_value=-5.90771e-11 0.00367503 -0.00711749 0.0145634 0.0200263 0.0367402 0.0107193 -0.0126061 -0.00856088 0.0243724 -0.0146908 -0.0199966 0.00259569 -0.0254157
internal_weight=1979 1583 795 788 671 240 431 677 596 118 396 303 93 252
internal_count=1979 1583 795 788 671 240 431 677 596 118 396 303 93 252
is_linear=0
shrinkage=0.01


Tree=151
num_leaves=15
num_cat=0
split_feature=3 7 5 5 0 4 4 0 4 3 3 5 0 6
split_gain=1047.19 1824.03 1568.24 1327.16 943.014 1056.23 765.937 692.452 551.243 393.893 356.522 451.005 359.38 414.088
threshold=7.3018750000000008 -0.50751903745502724 0.38522916650000005 0.38595833350000003 5.0490095000000013 0.40822916650000002 0.35022916650000008 15.912836500000003 0.35022916650000008 13.500833335000001 5.9883333330000008 0.40597916650000004 9.4159845000000022 7.2490000000000014
decision_type=2 2 2 2 2 2 2 2 2 2 2 2 2 2
left_child=10 2 8 -3 -5 -6 7 -4 -2 -8 11 -1 -12 -14
right_child=1 3 6 4 5 -7 9 -9 -10 -11 12 -13 13 -15
leaf_value=-0.016311042196093462 -0.0038849724424274076 -0.024773515717666825 0.05266581819454829 -0.042595589828491216 0.031325383735214325 0.0073436185041844673 -0.016894036726012276 -0.0093580151705278287 0.039271751819963917 -0.06010175661607222 -0.023616641117602259 0.035261956612269087 0.029458971023559571 -0.025646813273429873
leaf_weight=39 46 81 30 25 384 352 515 45 83 22 272 30 30 25
leaf_count=39 46 81 30 25 384 352 515 45 83 22 272 30 30 25
internal_value=-5.57164e-12 0.00363828 -0.00780426 0.0137083 0.0178042 0.0198558 -0.0144833 0.0154515 0.0238825 -0.0186642 -0.0145439 0.006112 -0.0189025 0.00441089
internal_weight=1979 1583 741 842 761 736 612 75 129 537 396 69 327 55
internal_count=1979 1583 741 842 761 736 612 75 129 537 396 69 327 55
is_linear=0
shrinkage=0.01


Tree=152
num_leaves=15
num_cat=0
split_feature=4 3 5 2 3 7 5 3 0 0 3 5 7 4
split_gain=1037.88 1890.46 1773.51 1764.41 1427.02 1315.37 1589.18 1885.81 862.079 748.603 621.593 450.463 1072.17 624.901
threshold=0.39302083350000006 12.506041665000003 0.40514583350000005 12.419583335000002 13.816458335000002 0.33379414889141251 0.40543750000000006 10.339375000000002 9.7665210000000027 16.094899000000002 7.4831250000000011 0.38422916650000005 -0.64942331933852337 0.33143750000000005
decision_type=2 2 2 2 2 2 2 2 2 2 2 2 2 2
left_child=11 5 3 -3 -5 9 7 -7 -8 10 -2 12 -1 -13
right_child=1 2 -4 4 -6 6 8 -9 -10 -11 -12 13 -14 -15
leaf_value=0.025689527429640292 -0.0088228122849977816 -0.017740627878778416 0.1100298758653494 0.060267754909224237 -0.026775739963935768 0.083775047299109021 -0.0017444507691537533 -0.0039406948588615242 0.065584253896959127 0.03267896540703312 -0.037104332199429761 0.043709209114313127 -0.0319486563129628 -0.012976488845914985
leaf_weight=103 224 71 26 104 23 57 387 43 20 31 119 20 47 704
leaf_count=103 224 71 26 104 23 57 387 43 20 31 119 20 47 704
internal_value=4.50943e-11 0.00644057 0.0323803 0.0221839 0.044504 -0.000154787 0.0103399 0.0460573 0.00156409 -0.0143815 -0.0186348 -0.00814283 0.00762956 -0.0114106
internal_weight=1979 1105 224 198 127 881 507 100 407 374 343 874 150 724
internal_count=1979 1105 224 198 127 881 507 100 407 374 343 874 150 724
is_linear=0
shrinkage=0.01


Tree=153
num_leaves=15
num_cat=0
split_feature=4 3 5 2 3 7 5 3 0 0 3 5 7 4
split_gain=1017.22 1852.84 1738.22 1729.3 1398.62 1289.19 1557.56 1848.28 846.15 733.706 609.224 441.499 1051.79 628.483
threshold=0.39302083350000006 12.506041665000003 0.40514583350000005 12.419583335000002 13.816458335000002 0.33379414889141251 0.40543750000000006 10.339375000000002 5.1819645000000003 16.094899000000002 7.4831250000000011 0.38422916650000005 -0.59480013772226059 0.35743750000000007
decision_type=2 2 2 2 2 2 2 2 2 2 2 2 2 2
left_child=11 5 3 -3 -5 9 7 -7 -8 10 -2 12 13 -1
right_child=1 2 -4 4 -6 6 8 -9 -10 -11 -12 -13 -14 -15
leaf_value=-0.0030432254282083916 -0.0087345848439144905 -0.01756322135637239 0.10892957852436946 0.059665078108843701 -0.026507982721795206 0.082937296338771532 -0.036979478973150258 -0.0039012877608454507 0.0069445117362657519 0.03235217575104006 -0.03673328904638521 -0.011296479852872679 -0.034217883480149647 0.045789844632148746
leaf_weight=47 224 71 26 104 23 57 50 43 357 31 119 724 43 60
leaf_count=47 224 71 26 104 23 57 50 43 357 31 119 724 43 60
internal_value=-8.52779e-11 0.00637616 0.0320565 0.0219621 0.0440589 -0.000153239 0.0102365 0.0455967 0.00154844 -0.0142377 -0.0184484 -0.0080614 0.00755327 0.0243398
internal_weight=1979 1105 224 198 127 881 507 100 407 374 343 874 150 107
internal_count=1979 1105 224 198 127 881 507 100 407 374 343 874 150 107
is_linear=0
shrinkage=0.01


Tree=154
num_leaves=15
num_cat=0
split_feature=3 7 5 5 7 0 4 6 7 4 3 0 5 2
split_gain=1001.93 1758.53 1321.34 1242.99 1159.9 1184.24 1111.51 860.431 590.68 583.035 352.14 423.636 384.661 379.048
threshold=7.3018750000000008 -0.35019404643548474 0.39245833350000003 0.38462500000000005 0.56638466991089664 14.675421000000002 0.41002083350000001 7.113500000000001 -0.8910065241883679 0.35593750000000007 6.3404166665000004 9.4159845000000022 0.40481250000000008 7.6091666355000012
decision_type=2 2 2 2 2 2 2 2 2 2 2 2 2 2
left_child=10 3 -3 9 5 -4 -6 -5 -9 -2 12 13 -1 -12
right_child=1 2 4 7 6 -7 -8 8 -10 -11 11 -13 -14 -15
leaf_value=-0.019615839180492221 -0.0039145185972781892 -0.017940136176475791 0.053727737442541605 -0.042114960888809547 0.027321036065440802 0.00099071163747270225 -0.0043696344069117663 -0.017947088079240951 0.0016178628019531446 0.041491156556236912 -0.018592092434398421 0.00683341056692834 0.021250979947108849 -0.049117679582762086
leaf_weight=42 47 108 153 82 210 59 234 293 326 71 201 51 51 51
leaf_count=42 47 108 153 82 210 59 234 293 326 71 201 51 51 51
internal_value=3.94863e-11 0.0035588 0.0144714 -0.00662101 0.0198075 0.0390509 0.0106192 -0.0116755 -0.00764309 0.0234058 -0.0142262 -0.0194505 0.002795 -0.0247699
internal_weight=1979 1583 764 819 656 212 444 701 619 118 396 303 93 252
internal_count=1979 1583 764 819 656 212 444 701 619 118 396 303 93 252
is_linear=0
shrinkage=0.01


Tree=155
num_leaves=15
num_cat=0
split_feature=3 7 5 5 7 0 4 6 7 4 3 5 0 6
split_gain=981.992 1723.54 1295.04 1218.25 1136.82 1160.67 1089.4 843.309 578.925 571.432 345.673 435.416 346.177 405.478
threshold=7.3018750000000008 -0.35019404643548474 0.39245833350000003 0.38462500000000005 0.56638466991089664 14.675421000000002 0.41002083350000001 7.113500000000001 -0.8910065241883679 0.35593750000000007 5.9883333330000008 0.40597916650000004 9.4159845000000022 7.2490000000000014
decision_type=2 2 2 2 2 2 2 2 2 2 2 2 2 2
left_child=10 3 -3 9 5 -4 -6 -5 -9 -2 11 -1 -12 -14
right_child=1 2 4 7 6 -7 -8 8 -10 -11 12 -13 13 -15
leaf_value=-0.015776787728835374 -0.0038753738428683993 -0.017760734403919842 0.053190460724792644 -0.041693812118865914 0.027047825668539322 0.0009808048706943706 -0.0043259384271362401 -0.017767617218863895 0.0016016840551939845 0.041076245849401179 -0.023002406001734709 0.034897024154663087 0.029291767915089927 -0.025238100457191468
leaf_weight=39 47 108 153 82 210 59 234 293 326 71 272 30 30 25
leaf_count=39 47 108 153 82 210 59 234 293 326 71 272 30 30 25
internal_value=2.86126e-12 0.00352321 0.0143267 -0.0065548 0.0196094 0.0386604 0.010513 -0.0115587 -0.00756666 0.0231718 -0.0140839 0.0062553 -0.0183757 0.00450546
internal_weight=1979 1583 764 819 656 212 444 701 619 118 396 69 327 55
internal_count=1979 1583 764 819 656 212 444 701 619 118 396 69 327 55
is_linear=0
shrinkage=0.01


Tree=156
num_leaves=15
num_cat=0
split_feature=4 3 5 2 3 7 5 3 0 0 3 5 7 4
split_gain=965.749 1668.44 1688.56 1707.81 1439.95 1218.17 1523.38 1760.19 829.115 758.586 541.277 399.447 1001.25 601.353
threshold=0.39395833350000004 12.506041665000003 0.40514583350000005 12.419583335000002 13.816458335000002 0.33379414889141251 0.40543750000000006 10.339375000000002 9.7665210000000027 16.094899000000002 7.4831250000000011 0.38422916650000005 -0.59480013772226059 0.33143750000000005
decision_type=2 2 2 2 2 2 2 2 2 2 2 2 2 2
left_child=11 5 3 -3 -5 9 7 -7 -8 10 -2 12 -1 -13
right_child=1 2 -4 4 -6 6 8 -9 -10 -11 -12 13 -14 -15
leaf_value=0.023483910946934312 -0.0088372080488446757 -0.017738236995335197 0.10693279101298404 0.061784315517449631 -0.026490763555402343 0.081556859992183095 -0.0016589889074736213 -0.0037601070939784959 0.064378340683877461 0.035051723883069798 -0.035781493202499723 0.043518707692623143 -0.033573704313400177 -0.01205729687042098
leaf_weight=108 212 71 26 94 23 57 385 42 20 29 115 20 43 734
leaf_count=108 212 71 26 94 23 57 385 42 20 29 115 20 43 734
internal_value=-2.11395e-11 0.00641256 0.0313985 0.0209523 0.0444311 0.000195131 0.0101978 0.0453618 0.00160211 -0.0139659 -0.018313 -0.00761004 0.00723572 -0.0105831
internal_weight=1979 1074 214 188 117 860 504 99 405 356 327 905 151 754
internal_count=1979 1074 214 188 117 860 504 99 405 356 327 905 151 754
is_linear=0
shrinkage=0.01


Tree=157
num_leaves=15
num_cat=0
split_feature=3 7 5 5 7 0 4 6 4 4 3 0 5 2
split_gain=950.734 1674.49 1247.47 1172.55 1116.8 1126.17 1046.8 821.97 568.548 559.884 340.747 407.875 371.687 370.606
threshold=7.3018750000000008 -0.35019404643548474 0.39245833350000003 0.38462500000000005 0.56638466991089664 14.675421000000002 0.41002083350000001 7.113500000000001 0.35416666650000006 0.35593750000000007 6.3404166665000004 9.4159845000000022 0.40481250000000008 7.6091666355000012
decision_type=2 2 2 2 2 2 2 2 2 2 2 2 2 2
left_child=10 3 -3 9 5 -4 -6 -5 -9 -2 12 13 -1 -12
right_child=1 2 4 7 6 -7 -8 8 -10 -11 11 -13 -14 -15
leaf_value=-0.019144035471337181 -0.0040757218684921879 -0.017377188477872146 0.052495106978378461 -0.041127429974333544 0.02649248114445003 0.001067195736755759 -0.0042617844505251478 0.015800286261571778 -0.011387865062420555 0.040419354925692923 -0.018107941405690133 0.0067932737925473384 0.021027662613812614 -0.048291689911309409
leaf_weight=42 47 108 153 82 210 59 234 90 529 71 201 51 51 51
leaf_count=42 47 108 153 82 210 59 234 90 529 71 201 51 51 51
internal_value=2.92574e-11 0.00346668 0.0141154 -0.0064669 0.0193001 0.0381826 0.0102842 -0.011376 -0.00743482 0.0226967 -0.013858 -0.0189971 0.00288561 -0.0242166
internal_weight=1979 1583 764 819 656 212 444 701 619 118 396 303 93 252
internal_count=1979 1583 764 819 656 212 444 701 619 118 396 303 93 252
is_linear=0
shrinkage=0.01


Tree=158
num_leaves=15
num_cat=0
split_feature=4 3 5 2 3 7 5 3 0 0 3 5 7 4
split_gain=936.023 1721.5 1634.69 1667.63 1342.18 1190.88 1448.98 1777.49 820.422 708.383 572.039 396.865 973.116 600.935
threshold=0.39302083350000006 12.506041665000003 0.40514583350000005 12.419583335000002 13.816458335000002 0.31729257441605191 0.40543750000000006 10.339375000000002 5.1819645000000003 16.094899000000002 7.4831250000000011 0.38422916650000005 -0.64942331933852337 0.35593750000000007
decision_type=2 2 2 2 2 2 2 2 2 2 2 2 2 2
left_child=11 5 3 -3 -5 9 7 -7 -8 10 -2 12 -1 -13
right_child=1 2 -4 4 -6 6 8 -9 -10 -11 -12 13 -14 -15
leaf_value=0.024276869754912785 -0.0084710777574642133 -0.017733435543175316 0.10541851979035598 0.058067893097132374 -0.026348326186770979 0.080472638639703137 -0.036553836625814441 -0.0046866770608480586 0.0066677696544965963 0.031915807233702756 -0.03568730355310841 0.011697611985545532 -0.030634252251462733 -0.014489503553544449
leaf_weight=103 220 71 26 104 23 57 50 43 361 31 119 102 47 622
leaf_count=103 220 71 26 104 23 57 50 43 361 31 119 102 47 622
internal_value=4.83074e-12 0.00611639 0.0308699 0.0210807 0.0427799 -0.000177355 0.00971582 0.0438541 0.00140967 -0.0138406 -0.0180249 -0.00773296 0.00707138 -0.0108002
internal_weight=1979 1105 224 198 127 881 511 100 411 370 339 874 150 724
internal_count=1979 1105 224 198 127 881 511 100 411 370 339 874 150 724
is_linear=0
shrinkage=0.01


Tree=159
num_leaves=15
num_cat=0
split_feature=3 7 6 5 5 4 7 6 6 7 4 3 5 0
split_gain=919.197 1627.58 1211.31 1129.56 1019.76 1060.22 906.484 800.204 608.737 554.646 547.687 335.337 420.269 333.439
threshold=7.3018750000000008 -0.35019404643548474 11.535000000000002 0.38462500000000005 0.41704166650000002 0.39656250000000004 -0.026175951569892112 7.113500000000001 5.7855000000000008 -0.8910065241883679 0.35593750000000007 5.9883333330000008 0.40597916650000004 9.4159845000000022
decision_type=2 2 2 2 2 2 2 2 2 2 2 2 2 2
left_child=11 3 4 10 5 -3 -4 -5 -6 -9 -2 12 -1 -13
right_child=1 2 6 7 8 -7 -8 9 -10 -11 -12 13 -14 -15
leaf_value=-0.015238845741901643 -0.0042400072768647616 0.003424152543069795 0.025412614705915354 -0.040557900857089491 0.044514219434931876 0.03843158659459122 -0.026156052293788111 -0.017299121136462422 -0.0079776906636448534 0.0016596667493687816 0.039767739974277121 -0.02239409114319749 0.034545808076858524 0.0046029767773368138
leaf_weight=39 47 120 49 82 26 310 112 293 147 326 71 272 30 55
leaf_count=39 47 120 49 82 26 310 112 293 147 326 71 272 30 55
internal_value=-1.29886e-11 0.0034087 0.0139072 -0.00638475 0.0204135 0.0286621 -0.0104612 -0.0112031 -8.87331e-05 -0.00731436 0.0222392 -0.0136262 0.00640666 -0.0178533
internal_weight=1979 1583 764 819 603 430 161 701 173 619 118 396 69 327
internal_count=1979 1583 764 819 603 430 161 701 173 619 118 396 69 327
is_linear=0
shrinkage=0.01


Tree=160
num_leaves=15
num_cat=0
split_feature=4 3 5 2 3 7 5 3 0 0 3 5 7 4
split_gain=902.55 1678.57 1591.54 1623.19 1315.2 1148.82 1406.04 1740.38 801.768 693.394 561.51 379.253 943.867 589.837
threshold=0.39302083350000006 12.506041665000003 0.40514583350000005 12.419583335000002 13.816458335000002 0.31729257441605191 0.40543750000000006 10.339375000000002 9.7665210000000027 16.094899000000002 7.4831250000000011 0.38422916650000005 -0.59480013772226059 0.35593750000000007
decision_type=2 2 2 2 2 2 2 2 2 2 2 2 2 2
left_child=11 5 3 -3 -5 9 7 -7 -8 10 -2 12 -1 -13
right_child=1 2 -4 4 -6 6 8 -9 -10 -11 -12 13 -14 -15
leaf_value=0.022780712914661824 -0.0083028279732574126 -0.017503768274770445 0.1040069473706759 0.057331502112165957 -0.026232145373588023 0.079370960658579542 -0.0018328282042213565 -0.0048945600045628328 0.063081687495112421 0.031641210625248571 -0.035267421138637206 0.0116972561648079 -0.032691418847372367 -0.014246919873594291
leaf_weight=107 220 71 26 104 23 57 391 43 20 31 119 102 43 622
leaf_count=107 220 71 26 104 23 57 391 43 20 31 119 102 43 622
internal_value=2.94244e-11 0.00600603 0.0304489 0.0207897 0.0421979 -0.00020873 0.00950817 0.0431368 0.00132603 -0.0136286 -0.0177683 -0.00759343 0.0068787 -0.0105918
internal_weight=1979 1105 224 198 127 881 511 100 411 370 339 874 150 724
internal_count=1979 1105 224 198 127 881 511 100 411 370 339 874 150 724
is_linear=0
shrinkage=0.01


Tree=161
num_leaves=15
num_cat=0
split_feature=3 7 6 5 0 5 7 0 3 0 3 4 3 0
split_gain=889.239 1582.82 1173.5 1098.55 997.863 901.233 884.468 788.758 1213.19 353.503 607.665 347.806 330.288 393.519
threshold=7.3018750000000008 -0.35019404643548474 11.535000000000002 0.40204166650000006 5.0490095000000013 0.42206250000000006 -0.026175951569892112 16.862947500000004 11.571666665000002 10.621611000000001 7.7914583330000005 0.39195833350000003 6.3404166665000004 9.4159845000000022
decision_type=2 2 2 2 2 2 2 2 2 2 2 2 2 2
left_child=12 3 4 7 -3 -6 -4 8 -2 -5 -11 -9 -1 -14
right_child=1 2 6 9 5 -7 -8 11 -10 10 -12 -13 13 -15
leaf_value=0.0030823038422292275 -0.0022753097301071701 -0.041744621288776394 0.025156257278761088 -0.06034642871220907 0.026995298172394162 -0.014249850693395584 -0.025782341515296139 -0.01764578168777128 0.037606370453634914 0.028485030584037303 -0.031198913311136178 0.01609811432021005 -0.023588724928198471 0.0068705057045992677
leaf_weight=93 272 25 49 30 519 59 112 240 106 20 116 35 252 51
leaf_count=93 272 25 49 30 519 59 112 240 106 20 116 35 252 51
internal_value=-1.2377e-11 0.00335269 0.0137058 -0.00630516 0.0201098 0.0227852 -0.0102793 -0.000465793 0.00890844 -0.0292757 -0.0224219 -0.0133511 -0.0134023 -0.0184619
internal_weight=1979 1583 764 819 603 578 161 653 378 166 136 275 396 303
internal_count=1979 1583 764 819 603 578 161 653 378 166 136 275 396 303
is_linear=0
shrinkage=0.01


Tree=162
num_leaves=15
num_cat=0
split_feature=4 3 5 2 3 7 5 3 0 0 3 5 7 4
split_gain=875.377 1534.74 1561.12 1584.42 1353.4 1097.53 1398.17 1654.12 777.945 709.745 495.084 357.191 921.445 575.531
threshold=0.39395833350000004 12.506041665000003 0.40514583350000005 12.419583335000002 13.816458335000002 0.31729257441605191 0.40543750000000006 10.339375000000002 9.7665210000000027 16.094899000000002 7.4831250000000011 0.38422916650000005 -0.59480013772226059 0.33143750000000005
decision_type=2 2 2 2 2 2 2 2 2 2 2 2 2 2
left_child=11 5 3 -3 -5 9 7 -7 -8 10 -2 12 -1 -13
right_child=1 2 -4 4 -6 6 8 -9 -10 -11 -12 13 -14 -15
leaf_value=0.022380570358148329 -0.0084783230075397738 -0.017241876836813674 0.10269692530998818 0.059463192341809579 -0.026117847130998323 0.078353594655269074 -0.0017435613626034831 -0.0043527159063766405 0.062207306697964669 0.033960289431029349 -0.034334240502637371 0.042870858296751975 -0.032355943211289338 -0.011498843133197375
leaf_weight=108 208 71 26 94 23 57 389 42 20 29 115 20 43 734
leaf_count=108 208 71 26 94 23 57 389 42 20 29 115 20 43 734
internal_value=-5.71788e-11 0.00610516 0.030069 0.0200248 0.0426396 0.000142048 0.00954575 0.0432661 0.00138362 -0.0134292 -0.017684 -0.00724523 0.00679335 -0.0100567
internal_weight=1979 1074 214 188 117 860 508 99 409 352 323 905 151 754
internal_count=1979 1074 214 188 117 860 508 99 409 352 323 905 151 754
is_linear=0
shrinkage=0.01


Tree=163
num_leaves=15
num_cat=0
split_feature=3 7 5 7 0 5 4 6 4 4 3 5 0 2
split_gain=860.904 1538.04 1139.6 1088.36 1071.54 1063.05 952.412 767.206 542.714 528.934 324.699 411.55 323.168 220.631
threshold=7.3018750000000008 -0.35019404643548474 0.39245833350000003 0.56638466991089664 14.675421000000002 0.38462500000000005 0.41002083350000001 7.113500000000001 0.35416666650000006 0.35593750000000007 5.9883333330000008 0.40597916650000004 10.045595500000003 14.362291670000003
decision_type=2 2 2 2 2 2 2 2 2 2 2 2 2 2
left_child=10 5 13 4 -4 9 -5 -7 -9 -2 11 -1 -12 -3
right_child=1 2 3 6 -6 7 -8 8 -10 -11 12 -13 -14 -15
leaf_value=-0.014894301650615839 -0.0044747633914998235 -0.023617990241204014 0.051061423602422662 0.025019893973356199 0.00089652611037432136 -0.039638908619924293 -0.0043151191962707757 0.015613053489062521 -0.010950225110012608 0.038773009428675745 -0.020328937687538566 0.034371216058731079 0.015790872794610483 0.012496023100046884
leaf_weight=39 47 87 153 210 59 82 234 90 529 71 300 30 27 21
leaf_count=39 47 87 153 210 59 82 234 90 529 71 300 30 27 21
internal_value=9.53912e-12 0.00329884 0.0135044 0.01846 0.0371004 -0.00622139 0.00955955 -0.0108957 -0.00708804 0.0215472 -0.013187 0.00652549 -0.0173466 -0.0165958
internal_weight=1979 1583 764 656 212 819 444 701 619 118 396 69 327 108
internal_count=1979 1583 764 656 212 819 444 701 619 118 396 69 327 108
is_linear=0
shrinkage=0.01


Tree=164
num_leaves=15
num_cat=0
split_feature=4 3 5 2 3 7 5 3 0 0 3 5 3 7
split_gain=848.111 1582.93 1511.35 1545.32 1261.14 1073.88 1323.67 1671.08 776.463 657.367 533.017 359.777 990.872 902.985
threshold=0.39302083350000006 12.506041665000003 0.40514583350000005 12.419583335000002 13.816458335000002 0.31729257441605191 0.40543750000000006 10.339375000000002 5.1819645000000003 16.094899000000002 7.4831250000000011 0.3897500000000001 13.291458335000003 -0.85260769842926898
decision_type=2 2 2 2 2 2 2 2 2 2 2 2 2 2
left_child=11 5 3 -3 -5 9 7 -7 -8 10 -2 12 -1 -13
right_child=1 2 -4 4 -6 6 8 -9 -10 -11 -12 13 -14 -15
leaf_value=0.014815928647340071 -0.0079963781568645077 -0.017217849036088397 0.10123946978495671 0.055853364572931941 -0.025974687859416007 0.07731586863074387 -0.03568972003161907 -0.005255054967304649 0.0063580104532319293 0.030890225671952768 -0.034267924114936545 -0.028958977696494862 -0.018051423932571548 -0.0017123715343700114
leaf_weight=205 220 71 26 104 23 57 50 43 361 31 119 206 166 297
leaf_count=205 220 71 26 104 23 57 50 43 361 31 119 206 166 297
internal_value=1.43577e-11 0.00582208 0.0295584 0.0201458 0.0410341 -0.000213049 0.00918159 0.0418104 0.00124271 -0.0131878 -0.0172185 -0.00736086 0.000109782 -0.012871
internal_weight=1979 1105 224 198 127 881 511 100 411 370 339 874 371 503
internal_count=1979 1105 224 198 127 881 511 100 411 370 339 874 371 503
is_linear=0
shrinkage=0.01


Tree=165
num_leaves=15
num_cat=0
split_feature=3 7 5 5 7 5 4 6 4 3 4 3 0 6
split_gain=837.075 1488.73 1064.71 1047.51 939.851 1140.18 919.883 666.197 540.997 406.423 631.03 319.286 381.786 362.43
threshold=7.3018750000000008 -0.39873388578253688 0.38522916650000005 0.39245833350000003 0.56638466991089664 0.41266666650000006 0.41002083350000001 7.113500000000001 0.35137500000000005 13.686250000000003 0.33835416650000011 6.3404166665000004 9.4159845000000022 7.2490000000000014
decision_type=2 2 2 2 2 2 2 2 2 2 2 2 2 2
left_child=11 2 9 -3 5 -5 -6 -4 -9 10 -2 -1 -13 -14
right_child=1 3 7 4 6 -7 -8 8 -10 -11 -12 12 13 -15
leaf_value=0.0032044574009474887 -0.012370552992628467 -0.014617564008276686 -0.038517688908326776 0.023681276833487527 0.024539696165903783 0.081396399282273782 -0.0042900024459530143 0.016969040022476723 -0.011659738943954759 -0.022560109078884123 0.040335874433026594 -0.023027694844030996 0.02927764920393626 -0.024888373613357544
leaf_weight=93 31 117 81 185 210 42 234 76 502 20 85 252 30 21
leaf_count=93 31 117 81 185 210 42 234 76 502 20 85 252 30 21
internal_value=-1.10533e-11 0.00325287 -0.00640203 0.0129935 0.017808 0.0343598 0.00934567 -0.0116593 -0.0078954 0.0190725 0.0262505 -0.0130033 -0.0179779 0.00697399
internal_weight=1979 1583 795 788 671 227 444 659 578 136 116 396 303 51
internal_count=1979 1583 795 788 671 227 444 659 578 136 116 396 303 51
is_linear=0
shrinkage=0.01


Tree=166
num_leaves=15
num_cat=0
split_feature=4 3 5 2 3 7 5 3 0 0 6 5 7 3
split_gain=822.977 1446.64 1474.33 1521.93 1305.92 1028.32 1314.01 1588.12 754.63 684.647 478.957 336.633 935.779 923.192
threshold=0.39395833350000004 12.506041665000003 0.40514583350000005 12.419583335000002 13.816458335000002 0.31729257441605191 0.40543750000000006 10.339375000000002 5.1819645000000003 16.094899000000002 6.9925000000000006 0.3897500000000001 -0.85260769842926898 13.309166665000001
decision_type=2 2 2 2 2 2 2 2 2 2 2 2 2 2
left_child=11 5 3 -3 -5 9 7 -7 -8 10 -2 13 -13 -1
right_child=1 2 -4 4 -6 6 8 -9 -10 -11 -12 12 -14 -15
leaf_value=0.013983634224310868 -0.0050454977536746473 -0.017099867482689327 0.099765640588907092 0.058114662906749451 -0.025951754454037416 0.076302671785417359 -0.035931162297104795 -0.004736954258488758 0.0062729196371691213 0.033537883871588216 -0.029399993694069222 -0.028622731226309803 -0.0014333687942602738 -0.017668279265324969
leaf_weight=212 162 71 26 94 23 57 48 42 361 29 161 209 321 163
leaf_count=212 162 71 26 94 23 57 48 42 361 29 161 209 321 163
internal_value=8.79165e-11 0.00591961 0.0291855 0.0194245 0.0415888 0.000130183 0.00923254 0.0419222 0.00131987 -0.0130062 -0.017185 -0.00702504 -0.0121552 0.000225602
internal_weight=1979 1074 214 188 117 860 508 99 409 352 323 905 530 375
internal_count=1979 1074 214 188 117 860 508 99 409 352 323 905 530 375
is_linear=0
shrinkage=0.01


Tree=167
num_leaves=15
num_cat=0
split_feature=3 7 6 5 0 7 5 0 3 0 3 4 3 0
split_gain=812.932 1442.08 1088.04 1009.09 942.391 855.097 848.375 766.922 1113 343.571 589.15 314.705 313.322 376.645
threshold=7.3018750000000008 -0.35019404643548474 11.535000000000002 0.40204166650000006 5.0490095000000013 -0.026175951569892112 0.42206250000000006 16.862947500000004 11.571666665000002 10.621611000000001 7.7914583330000005 0.39195833350000003 6.3404166665000004 9.4159845000000022
decision_type=2 2 2 2 2 2 2 2 2 2 2 2 2 2
left_child=12 3 4 7 -3 -4 -6 8 -2 -5 -11 -9 -1 -14
right_child=1 2 5 9 6 -7 -8 11 -10 10 -12 -13 13 -15
leaf_value=0.00324127578446942 -0.0018846951038679384 -0.040856467455625538 0.02483471433118898 -0.058659390449523931 0.025938854338027006 -0.025250965161914274 -0.0140784910977897 -0.017207197475557524 0.036314592767366261 0.028853997435420751 -0.029913686007775109 0.014890824107985413 -0.022758006168980272 0.0070410080633911435
leaf_weight=93 272 25 49 30 519 112 59 240 106 20 116 35 252 51
leaf_count=93 272 25 49 30 519 112 59 240 106 20 116 35 252 51
internal_value=1.11321e-11 0.00320561 0.0130877 -0.00601285 0.0192541 -0.0100075 0.021854 -0.000416292 0.00882727 -0.0280282 -0.0212714 -0.013122 -0.0128144 -0.0177423
internal_weight=1979 1583 764 819 603 161 578 653 378 166 136 275 396 303
internal_count=1979 1583 764 819 603 161 578 653 378 166 136 275 396 303
is_linear=0
shrinkage=0.01


Tree=168
num_leaves=15
num_cat=0
split_feature=4 3 5 2 3 7 5 3 0 0 6 5 7 3
split_gain=797.838 1405.33 1439.8 1474.93 1276.26 994.126 1277.59 1554.95 744.901 661.323 470.433 327.11 908.819 908.03
threshold=0.39395833350000004 12.506041665000003 0.40514583350000005 12.419583335000002 13.816458335000002 0.31729257441605191 0.40543750000000006 10.339375000000002 9.7665210000000027 16.094899000000002 6.9925000000000006 0.3897500000000001 -0.85260769842926898 13.309166665000001
decision_type=2 2 2 2 2 2 2 2 2 2 2 2 2 2
left_child=11 5 3 -3 -5 9 7 -7 -8 10 -2 13 -13 -1
right_child=1 2 -4 4 -6 6 8 -9 -10 -11 -12 12 -14 -15
leaf_value=0.013875014435297829 -0.0048698303894496257 -0.01684218535999912 0.098508594586299014 0.057270251015409272 -0.025836022489744686 0.075325159921980744 -0.0017902278989448109 -0.0048636569038388276 0.060787699341773992 0.032950593120065229 -0.029006631691355884 -0.02820256062994965 -0.0014077331697513174 -0.017515900926950153
leaf_weight=212 162 71 26 94 23 57 389 42 20 29 161 209 321 163
leaf_count=212 162 71 26 94 23 57 389 42 20 29 161 209 321 163
internal_value=-4.96568e-11 0.0058285 0.0287598 0.0191137 0.0409331 0.000122329 0.00907208 0.0413057 0.00126982 -0.0127938 -0.0169009 -0.00691691 -0.011974 0.00023043
internal_weight=1979 1074 214 188 117 860 508 99 409 352 323 905 530 375
internal_count=1979 1074 214 188 117 860 508 99 409 352 323 905 530 375
is_linear=0
shrinkage=0.01


Tree=169
num_leaves=15
num_cat=0
split_feature=3 7 6 5 0 7 5 6 4 4 3 5 0 3
split_gain=789.853 1396.69 1054.33 983.684 919.785 835.413 825.445 724.035 523.7 490.653 307.6 402.904 310.493 288.844
threshold=7.3018750000000008 -0.35019404643548474 11.535000000000002 0.38462500000000005 5.0490095000000013 -0.026175951569892112 0.42206250000000006 7.113500000000001 0.35416666650000006 0.35593750000000007 5.9883333330000008 0.40597916650000004 10.045595500000003 13.651875000000002
decision_type=2 2 2 2 2 2 2 2 2 2 2 2 2 2
left_child=10 3 4 9 -3 -4 -6 -5 -9 -2 11 -1 -12 -7
right_child=1 2 5 7 6 13 -8 8 -10 -11 12 -13 -14 -15
leaf_value=-0.014638301462699206 -0.0042632345062621098 -0.040430000543594365 0.024589424486062966 -0.038331709316954385 0.02555302091100323 -0.016529794724827462 -0.013919804581141068 0.015589972556465203 -0.01050383690572106 0.037390125329134015 -0.019602974220489462 0.034106988588968913 0.015801456504397921 -0.055667362660169604
leaf_weight=39 47 25 49 82 519 88 59 90 529 71 300 30 27 24
leaf_count=39 47 25 49 82 519 88 59 90 529 71 300 30 27 24
internal_value=4.42484e-12 0.00315978 0.0128851 -0.00591246 0.0189552 -0.00984942 0.0215238 -0.0104089 -0.00670991 0.0207994 -0.0126312 0.0065553 -0.0166797 -0.0249164
internal_weight=1979 1583 764 819 603 161 578 701 619 118 396 69 327 112
internal_count=1979 1583 764 819 603 161 578 701 619 118 396 69 327 112
is_linear=0
shrinkage=0.01


Tree=170
num_leaves=15
num_cat=0
split_feature=4 3 5 2 3 7 5 3 0 2 3 0 5 3
split_gain=776.731 1372.83 1403.03 1440.85 1251.26 959.657 1242.19 1522.73 725.419 651.649 518.715 322.448 544.198 893.261
threshold=0.39395833350000004 12.506041665000003 0.40514583350000005 12.419583335000002 13.816458335000002 0.31729257441605191 0.40543750000000006 10.339375000000002 9.7665210000000027 13.347708335000002 7.4831250000000011 18.053714000000003 0.39302083350000006 13.343541665000002
decision_type=2 2 2 2 2 2 2 2 2 2 2 2 2 2
left_child=11 5 3 -3 -5 9 7 -7 -8 10 -2 12 13 -1
right_child=1 2 -4 4 -6 6 8 -9 -10 -11 -12 -13 -14 -15
leaf_value=0.019622885947299534 -0.0078400862874248283 -0.016644790148441221 0.097267978374774647 0.056635592534662563 -0.02565285612059676 0.074353292717745434 -0.001808837188412567 -0.0050004123435133984 0.059945332556962966 0.028368719790663039 -0.034770869510162859 -0.020163184673284852 -0.011852554944546328 -0.013021326895058154
leaf_weight=190 208 71 26 94 23 57 389 42 20 35 109 151 414 150
leaf_count=190 208 71 26 94 23 57 389 42 20 35 109 151 414 150
internal_value=-8.72556e-11 0.00575088 0.0284155 0.0188934 0.0404592 0.000111084 0.00890431 0.0406881 0.00121093 -0.0125791 -0.0171002 -0.00682481 -0.00415359 0.00522103
internal_weight=1979 1074 214 188 117 860 508 99 409 352 317 905 754 340
internal_count=1979 1074 214 188 117 860 508 99 409 352 317 905 754 340
is_linear=0
shrinkage=0.01


Tree=171
num_leaves=15
num_cat=0
split_feature=3 7 5 5 0 4 4 0 4 3 3 0 2 6
split_gain=764.305 1355.89 1157.09 1007.41 792.396 875.431 660.288 743.037 436.868 381.818 303.51 367.413 359.103 348.564
threshold=7.3018750000000008 -0.50751903745502724 0.38522916650000005 0.38595833350000003 5.0490095000000013 0.40822916650000002 0.35137500000000005 15.912836500000003 0.35022916650000008 13.500833335000001 6.3404166665000004 9.4159845000000022 7.6091666355000012 7.2490000000000014
decision_type=2 2 2 2 2 2 2 2 2 2 2 2 2 2
left_child=10 2 8 -3 -5 -6 7 -4 -2 -8 -1 12 -12 -13
right_child=1 3 6 4 5 -7 9 -9 -10 -11 11 13 -14 -15
leaf_value=0.0033770307353747785 -0.004258878381679888 -0.021736794979208045 0.052607045538963809 -0.040007612465322015 0.027681481314642348 0.0058485030279156157 -0.014762719983563703 -0.0099493062709059034 0.034160664686147708 -0.057311527945778588 -0.016216144971364171 0.029075173815091452 -0.045927805514896614 -0.024044544526508879
leaf_weight=93 46 81 31 25 384 352 510 49 83 22 201 30 51 21
leaf_count=93 46 81 31 25 384 352 510 49 83 22 201 30 51 21
internal_value=-1.7997e-11 0.00310826 -0.00675724 0.0117904 0.015359 0.0172396 -0.0124943 0.0142913 0.0204607 -0.0165223 -0.0124252 -0.0172754 -0.0222292 0.00720235
internal_weight=1979 1583 741 842 761 736 612 80 129 532 396 303 252 51
internal_count=1979 1583 741 842 761 736 612 80 129 532 396 303 252 51
is_linear=0
shrinkage=0.01


Tree=172
num_leaves=15
num_cat=0
split_feature=4 3 5 2 3 7 5 3 0 0 6 0 5 3
split_gain=754.785 1333.44 1374.76 1409.05 1228 926.262 1203.38 1491.23 706.348 641.559 455.924 312.399 494.071 911.557
threshold=0.39395833350000004 12.506041665000003 0.40514583350000005 12.419583335000002 13.816458335000002 0.31729257441605191 0.40543750000000006 10.339375000000002 9.7665210000000027 16.094899000000002 6.9925000000000006 18.155531000000003 0.39302083350000006 13.343541665000002
decision_type=2 2 2 2 2 2 2 2 2 2 2 2 2 2
left_child=11 5 3 -3 -5 9 7 -7 -8 10 -2 12 13 -1
right_child=1 2 -4 4 -6 6 8 -9 -10 -11 -12 -13 -14 -15
leaf_value=0.019331055600453461 -0.0045578904371754627 -0.01656336138838194 0.096161238413590658 0.055932308179425433 -0.025587708454417143 0.073348266777108637 -0.0018024428179747951 -0.0051804381910534134 0.059134564489126212 0.032698927028425813 -0.028319570046866901 -0.020520033631205772 -0.011514347211679533 -0.013289467549094786
leaf_weight=190 162 71 26 94 23 57 389 42 20 29 161 139 420 156
leaf_count=190 162 71 26 94 23 57 389 42 20 29 161 139 420 156
internal_value=1.44996e-11 0.00566906 0.0280061 0.0185804 0.039907 0.00011076 0.00874963 0.0400331 0.00117736 -0.0123567 -0.0164019 -0.0067277 -0.00422491 0.00462354
internal_weight=1979 1074 214 188 117 860 508 99 409 352 323 905 766 346
internal_count=1979 1074 214 188 117 860 508 99 409 352 323 905 766 346
is_linear=0
shrinkage=0.01


Tree=173
num_leaves=15
num_cat=0
split_feature=4 3 5 2 3 7 5 3 0 0 3 5 7 4
split_gain=740.073 1393.62 1339.75 1375.11 1146.27 919.368 1150.89 1507.38 701.207 593.931 487.385 318.528 825.95 539.455
threshold=0.39302083350000006 12.506041665000003 0.40514583350000005 12.419583335000002 13.816458335000002 0.31729257441605191 0.40543750000000006 10.339375000000002 5.1819645000000003 16.094899000000002 7.4831250000000011 0.38422916650000005 -0.59480013772226059 0.33143750000000005
decision_type=2 2 2 2 2 2 2 2 2 2 2 2 2 2
left_child=11 5 3 -3 -5 9 7 -7 -8 10 -2 12 -1 -13
right_child=1 2 -4 4 -6 6 8 -9 -10 -11 -12 13 -14 -15
leaf_value=0.021262513573203131 -0.00724198004366322 -0.016397728033127709 0.095199624758500329 0.05268085827334569 -0.025331830725721691 0.072614785050483133 -0.034031255186628549 -0.005807470150811728 0.0059268888332584344 0.029668078629239911 -0.032363791130796203 0.041589024096727371 -0.030629020492697872 -0.011078834502345258
leaf_weight=107 220 71 26 104 23 57 50 43 361 31 119 20 43 704
leaf_count=107 220 71 26 104 23 57 50 43 361 31 119 20 43 704
internal_value=4.78721e-11 0.00543862 0.0277104 0.0188482 0.0385526 -0.000224121 0.00846843 0.0388932 0.0010658 -0.0122292 -0.0160606 -0.00687606 0.00638694 -0.00962392
internal_weight=1979 1105 224 198 127 881 511 100 411 370 339 874 150 724
internal_count=1979 1105 224 198 127 881 511 100 411 370 339 874 150 724
is_linear=0
shrinkage=0.01


Tree=174
num_leaves=15
num_cat=0
split_feature=3 7 6 6 0 7 5 5 4 4 3 0 2 5
split_gain=729.23 1310.07 999.164 921.031 865.719 803.583 790.468 696.122 485.827 437.189 299.134 362.652 350.42 345.897
threshold=7.3018750000000008 -0.35019404643548474 11.535000000000002 7.1505000000000001 5.0490095000000013 -0.026175951569892112 0.42206250000000006 0.38422916650000005 0.35416666650000006 0.35593750000000007 6.3404166665000004 9.4159845000000022 7.6091666355000012 0.40481250000000008
decision_type=2 2 2 2 2 2 2 2 2 2 2 2 2 2
left_child=10 3 4 -2 -3 -4 -6 9 -9 -5 13 12 -12 -1
right_child=1 2 5 7 6 -7 -8 8 -10 -11 11 -13 -14 -15
leaf_value=-0.017700465204460281 -0.037119203458229701 -0.039249199005961417 0.024099611367802233 -0.0036326748035524206 0.024799087047857288 -0.024453958174479859 -0.013828383603338467 0.014961651438376408 -0.010056107896988662 0.036053163979734695 -0.015933532074547896 0.007366762324875477 -0.045283783338233539 0.021052505274613699
leaf_weight=42 84 25 49 46 519 112 59 91 528 70 201 51 51 51
leaf_count=42 84 25 49 46 519 112 59 91 528 70 201 51 51 51
internal_value=4.13007e-11 0.0030361 0.0124551 -0.00575032 0.0183642 -0.00967678 0.0208561 -0.0021653 -0.00637821 0.0203157 -0.0121367 -0.0169518 -0.0218735 0.00355116
internal_weight=1979 1583 764 819 603 161 578 735 619 116 396 303 252 93
internal_count=1979 1583 764 819 603 161 578 735 619 116 396 303 252 93
is_linear=0
shrinkage=0.01


Tree=175
num_leaves=15
num_cat=0
split_feature=4 3 6 4 7 5 3 0 2 5 5 3 0 4
split_gain=721.953 1278.61 1314.64 1210.49 875.797 1147.56 1430.77 686.889 625.314 545.215 702.176 493.852 308.538 477.631
threshold=0.39395833350000004 12.506041665000003 11.535000000000002 0.41068750000000004 0.31729257441605191 0.40543750000000006 10.339375000000002 9.7665210000000027 13.347708335000002 0.40514583350000005 0.39862500000000006 7.4831250000000011 18.155531000000003 0.34029166700000008
decision_type=2 2 2 2 2 2 2 2 2 2 2 2 2 2
left_child=12 4 9 -4 8 6 -6 -7 11 10 -3 -2 13 -1
right_child=1 2 3 -5 5 7 -8 -9 -10 -11 -12 -13 -14 -15
leaf_value=0.04078848407320354 -0.0074148269581536834 0.084220334850251682 0.02543849847146443 -0.045281408663619967 0.071683849983178741 -0.0018312184834627764 -0.0052364615058260299 0.058260584801435471 0.028090392087187083 0.093999638190636281 0.017495492526289562 -0.0336922735662772 -0.020286570073996514 -0.0054817992982029674
leaf_weight=23 208 24 84 34 57 389 42 20 35 26 46 109 139 743
leaf_count=23 208 24 84 34 57 389 42 20 35 26 46 109 139 743
internal_value=-2.71679e-11 0.00554439 0.0274175 0.00506158 0.000101555 0.0085018 0.039051 0.00110726 -0.0120215 0.0548966 0.0403726 -0.0164503 -0.00657975 -0.00409248
internal_weight=1979 1074 214 118 860 508 99 409 352 96 70 317 905 766
internal_count=1979 1074 214 118 860 508 99 409 352 96 70 317 905 766
is_linear=0
shrinkage=0.01


Tree=176
num_leaves=15
num_cat=0
split_feature=3 7 6 5 0 7 5 6 4 4 3 5 0 3
split_gain=708.049 1261.61 967.657 901.128 844.067 783.44 767.745 682.713 491.068 443.025 294.155 388.28 297.265 272.706
threshold=7.3018750000000008 -0.35019404643548474 11.535000000000002 0.38462500000000005 5.0490095000000013 -0.026175951569892112 0.42206250000000006 7.113500000000001 0.35416666650000006 0.35593750000000007 5.9883333330000008 0.40597916650000004 10.045595500000003 13.651875000000002
decision_type=2 2 2 2 2 2 2 2 2 2 2 2 2 2
left_child=10 3 4 9 -3 -4 -6 -5 -9 -2 11 -1 -12 -7
right_child=1 2 5 7 6 13 -8 8 -10 -11 12 -13 -14 -15
leaf_value=-0.014002109804214576 -0.0038794314021125755 -0.038838395234942438 0.023805052536178609 -0.037048598498832894 0.02439644113330167 -0.015987163220786235 -0.013671788462137773 0.015251537741058403 -0.010016232463962526 0.035700668500552715 -0.018778593182098121 0.033850303967793781 0.015863426062795852 -0.054015691131353377
leaf_weight=39 47 25 49 82 519 88 59 90 529 71 300 30 27 24
leaf_count=39 47 25 49 82 519 88 59 90 529 71 300 30 27 24
internal_value=4.62179e-11 0.00299169 0.0122348 -0.00563067 0.01805 -0.00954534 0.0205106 -0.00993428 -0.0063424 0.0199357 -0.0119592 0.00680329 -0.0159182 -0.0241361
internal_weight=1979 1583 764 819 603 161 578 701 619 118 396 69 327 112
internal_count=1979 1583 764 819 603 161 578 701 619 118 396 69 327 112
is_linear=0
shrinkage=0.01


Tree=177
num_leaves=15
num_cat=0
split_feature=4 3 5 2 3 7 5 3 0 0 3 5 3 7
split_gain=703.223 1332.19 1271.16 1317.83 1123.14 856.357 1087.83 1445.71 671.032 575.273 468.425 300.902 869.717 817.882
threshold=0.39302083350000006 12.506041665000003 0.40514583350000005 12.419583335000002 13.816458335000002 0.31729257441605191 0.40543750000000006 10.339375000000002 9.7665210000000027 16.094899000000002 7.4831250000000011 0.3897500000000001 13.291458335000003 -0.85260769842926898
decision_type=2 2 2 2 2 2 2 2 2 2 2 2 2 2
left_child=11 5 3 -3 -5 9 7 -7 -8 10 -2 12 -1 -13
right_child=1 2 -4 4 -6 6 8 -9 -10 -11 -12 13 -14 -15
leaf_value=0.013907188881234061 -0.0069467620416121048 -0.016059509859171133 0.092815677386063805 0.051719127628379144 -0.025502502927961558 0.070758469698199059 -0.0019324768453245732 -0.0060430090060067734 0.057454206585884099 0.029412526017235173 -0.031575090995355812 -0.027052948695779282 -0.016885320514844485 -0.0011220575890406614
leaf_weight=205 220 71 26 104 23 57 391 43 20 31 119 206 166 297
leaf_count=205 220 71 26 104 23 57 391 43 20 31 119 206 166 297
internal_value=-1.20004e-12 0.00530149 0.0270768 0.0184445 0.0377341 -0.000235035 0.00815434 0.0377338 0.000957386 -0.0118214 -0.0155921 -0.00670269 0.000129408 -0.0117419
internal_weight=1979 1105 224 198 127 881 511 100 411 370 339 874 371 503
internal_count=1979 1105 224 198 127 881 511 100 411 370 339 874 371 503
is_linear=0
shrinkage=0.01


Tree=178
num_leaves=15
num_cat=0
split_feature=4 3 6 4 7 5 3 0 2 5 5 6 0 4
split_gain=689.792 1225.13 1261.95 1163.93 828.466 1093.57 1373 658.149 606.579 518.542 683.505 475.752 302.025 464.202
threshold=0.39395833350000004 12.506041665000003 11.535000000000002 0.41068750000000004 0.31729257441605191 0.40543750000000006 10.339375000000002 5.0490095000000013 13.347708335000002 0.40514583350000005 0.39862500000000006 6.9925000000000006 18.155531000000003 0.34029166700000008
decision_type=2 2 2 2 2 2 2 2 2 2 2 2 2 2
left_child=12 4 9 -4 8 6 -6 -7 11 10 -3 -2 13 -1
right_child=1 2 3 -5 5 7 -8 -9 -10 -11 -12 -13 -14 -15
leaf_value=0.040274885658012786 -0.0040780559071788083 0.082849549489716678 0.024908191827791082 -0.044438316671328401 0.070050887007658422 -0.036960976463628982 -0.0053003253095916334 0.0052774708225067869 0.027807200640439986 0.091887521743774417 0.017017791638069827 -0.028585427966810042 -0.019992918343745548 -0.0053402918856402968
leaf_weight=23 162 24 84 34 57 41 42 368 35 26 46 155 139 743
leaf_count=23 162 24 84 34 57 41 42 368 35 26 46 155 139 743
internal_value=6.02218e-11 0.00541949 0.0268302 0.00492699 9.16997e-05 0.0082618 0.0380837 0.0010433 -0.0116992 0.0537529 0.0395887 -0.0160612 -0.00643153 -0.00397065
internal_weight=1979 1074 214 118 860 508 99 409 352 96 70 317 905 766
internal_count=1979 1074 214 118 860 508 99 409 352 96 70 317 905 766
is_linear=0
shrinkage=0.01


Tree=179
num_leaves=15
num_cat=0
split_feature=3 7 5 5 0 4 6 4 3 4 3 0 2 6
split_gain=681.252 1201.26 903.297 885.292 732.068 848.66 590.931 484.47 360.849 557.475 289.508 354.17 342.452 335.497
threshold=7.3018750000000008 -0.39873388578253688 0.38522916650000005 0.38595833350000003 5.0490095000000013 0.40822916650000002 7.113500000000001 0.35137500000000005 13.686250000000003 0.33835416650000011 6.3404166665000004 9.4159845000000022 7.6091666355000012 7.2490000000000014
decision_type=2 2 2 2 2 2 2 2 2 2 2 2 2 2
left_child=10 2 8 -3 -5 -6 -4 -8 9 -2 -1 12 -12 -13
right_child=1 3 6 4 5 -7 7 -9 -10 -11 11 13 -14 -15
leaf_value=0.0037027254620546936 -0.01181091491733828 -0.021239744294938207 -0.035876330085742619 -0.038061076417565343 0.028139858258736515 0.0059431953382124937 0.016493916540945834 -0.010597949079172947 -0.021503063991665839 0.037728550438495247 -0.015459414951280873 0.029023810148239137 -0.044474035453270465 -0.023090796442258928
leaf_weight=93 31 74 81 25 344 345 76 502 20 85 201 30 51 21
leaf_count=93 31 74 81 25 344 345 76 502 20 85 201 30 51 21
internal_value=5.33875e-11 0.00293453 -0.00573822 0.0116843 0.0150966 0.0170254 -0.0105806 -0.0070357 0.0177259 0.0244896 -0.0117307 -0.0164677 -0.0213314 0.00756485
internal_weight=1979 1583 795 788 714 689 659 578 136 116 396 303 252 51
internal_count=1979 1583 795 788 714 689 659 578 136 116 396 303 252 51
is_linear=0
shrinkage=0.01


Tree=180
num_leaves=15
num_cat=0
split_feature=4 3 6 4 7 5 3 0 2 5 5 3 0 5
split_gain=670.404 1191.6 1234.09 1139.46 798.534 1058.59 1344.52 650.168 594.852 508.135 667.748 468.055 296.058 454.17
threshold=0.39395833350000004 12.506041665000003 11.535000000000002 0.41068750000000004 0.31729257441605191 0.40543750000000006 10.339375000000002 9.7665210000000027 13.347708335000002 0.40514583350000005 0.39862500000000006 7.4831250000000011 18.155531000000003 0.39302083350000006
decision_type=2 2 2 2 2 2 2 2 2 2 2 2 2 2
left_child=12 4 9 -4 8 6 -6 -7 11 10 -3 -2 13 -1
right_child=1 2 3 -5 5 7 -8 -9 -10 -11 -12 -13 -14 -15
leaf_value=0.0045795769324106289 -0.0070108196010383273 0.081820358000695703 0.024568464850031196 -0.044045369737945934 0.069084554624400649 -0.0018514085654887566 -0.0054811561724082344 0.056612080127000815 0.027635108296360289 0.090832379047687248 0.016751852884240772 -0.032592728624650097 -0.019767257858255356 -0.010892939647850913
leaf_weight=346 208 24 84 34 57 389 42 20 35 26 46 109 139 420
leaf_count=346 208 24 84 34 57 389 42 20 35 26 46 109 139 420
internal_value=-5.12139e-11 0.00534278 0.0264585 0.00479838 8.84019e-05 0.00810956 0.0374506 0.00100744 -0.0114876 0.0530825 0.0390611 -0.0158071 -0.0063405 -0.00390405
internal_weight=1979 1074 214 118 860 508 99 409 352 96 70 317 905 766
internal_count=1979 1074 214 118 860 508 99 409 352 96 70 317 905 766
is_linear=0
shrinkage=0.01


Tree=181
num_leaves=15
num_cat=0
split_feature=3 7 6 6 0 7 5 5 4 4 3 0 2 5
split_gain=659.363 1157.25 916.954 856.943 790.749 749.338 732.626 647.478 455.996 399.54 284.38 347.488 334.906 332.947
threshold=7.3018750000000008 -0.35019404643548474 11.535000000000002 7.1505000000000001 5.0490095000000013 -0.026175951569892112 0.42206250000000006 0.38422916650000005 0.35416666650000006 0.35593750000000007 6.3404166665000004 9.4159845000000022 7.6091666355000012 0.40481250000000008
decision_type=2 2 2 2 2 2 2 2 2 2 2 2 2 2
left_child=10 3 4 -2 -3 -4 -6 9 -9 -5 13 12 -12 -1
right_child=1 2 5 7 6 -7 -8 8 -10 -11 11 -13 -14 -15
leaf_value=-0.017094589741457077 -0.035628903568500563 -0.037661952304840089 0.023154205040512035 -0.0031257017394122873 0.023577921677861716 -0.023731960176623296 -0.013609438144554526 0.014698265375016811 -0.0095392601594335939 0.034812899536852328 -0.01524623360280967 0.0075692103832375769 -0.043939395419815008 0.020926027224928725
leaf_weight=42 84 25 49 46 519 112 59 91 528 70 201 51 51 51
leaf_count=42 84 25 49 46 519 112 59 91 528 70 201 51 51 51
internal_value=4.65897e-13 0.002887 0.0117395 -0.00537106 0.0174004 -0.00946226 0.019782 -0.00191302 -0.00597607 0.0197683 -0.0115407 -0.0162356 -0.0210532 0.00375543
internal_weight=1979 1583 764 819 603 161 578 735 619 116 396 303 252 93
internal_count=1979 1583 764 819 603 161 578 735 619 116 396 303 252 93
is_linear=0
shrinkage=0.01


Tree=182
num_leaves=15
num_cat=0
split_feature=4 3 5 2 3 7 5 3 0 0 6 0 4 5
split_gain=654.145 1243.57 1187.41 1249.04 1099.92 780.57 1003.18 1359.15 635.29 549.442 447.799 282.91 452.212 303.124
threshold=0.39302083350000006 12.506041665000003 0.40514583350000005 12.419583335000002 13.816458335000002 0.31729257441605191 0.40543750000000006 10.339375000000002 9.7665210000000027 16.094899000000002 6.9925000000000006 18.155531000000003 0.34029166700000008 0.3897500000000001
decision_type=2 2 2 2 2 2 2 2 2 2 2 2 2 2
left_child=11 5 3 -3 -5 9 7 -7 -8 10 -2 12 -1 -14
right_child=1 2 -4 4 -6 6 8 -9 -10 -11 -12 -13 13 -15
leaf_value=0.039651516662181717 -0.0036580062822200534 -0.015782737533601238 0.089688275960775526 0.050427722228117866 -0.025991249554183173 0.068199430610004233 -0.001949617811014204 -0.0062671996264306966 0.055833835899829869 0.02899969002652553 -0.026646948849815808 -0.019547484887214445 0.0027044645598673796 -0.010653164053995473
leaf_weight=23 172 71 26 104 23 57 391 43 20 31 167 139 280 432
leaf_count=23 172 71 26 104 23 57 391 43 20 31 167 139 280 432
internal_value=-8.1606e-11 0.00511315 0.0261518 0.0178086 0.0365881 -0.000236065 0.00777349 0.0361788 0.000862229 -0.0112979 -0.0149829 -0.00646457 -0.00399038 -0.00540016
internal_weight=1979 1105 224 198 127 881 511 100 411 370 339 874 735 712
internal_count=1979 1105 224 198 127 881 511 100 411 370 339 874 735 712
is_linear=0
shrinkage=0.01


Tree=183
num_leaves=15
num_cat=0
split_feature=4 3 6 4 7 5 3 0 2 5 5 3 0 4
split_gain=641.584 1142.58 1183.58 1095.21 755.043 1009.34 1289.99 621.065 576.482 483.263 650.004 453.261 283.949 439.896
threshold=0.39395833350000004 12.506041665000003 11.535000000000002 0.41068750000000004 0.31729257441605191 0.40543750000000006 10.339375000000002 5.0490095000000013 13.347708335000002 0.40514583350000005 0.39862500000000006 7.4831250000000011 18.155531000000003 0.34029166700000008
decision_type=2 2 2 2 2 2 2 2 2 2 2 2 2 2
left_child=12 4 9 -4 8 6 -6 -7 11 10 -3 -2 13 -1
right_child=1 2 3 -5 5 7 -8 -9 -10 -11 -12 -13 -14 -15
leaf_value=0.039255001578965915 -0.0067709698535215398 0.080490300605694454 0.024073697298410392 -0.043194757290184502 0.067517435208224411 -0.035971803493434339 -0.0055206021790703145 0.005059394306191952 0.027339041792920661 0.088791392949911271 0.016292176967405755 -0.031945346738852624 -0.01935200970258108 -0.0051499214984631995
leaf_weight=23 208 24 84 34 57 41 42 368 35 26 46 109 139 743
leaf_count=23 208 24 84 34 57 41 42 368 35 26 46 109 139 743
internal_value=1.34992e-11 0.00522668 0.0259035 0.00469126 8.15158e-05 0.00788118 0.0365316 0.000946242 -0.0111748 0.0519769 0.038303 -0.0154271 -0.00620271 -0.00381661
internal_weight=1979 1074 214 118 860 508 99 409 352 96 70 317 905 766
internal_count=1979 1074 214 118 860 508 99 409 352 96 70 317 905 766
is_linear=0
shrinkage=0.01


Tree=184
num_leaves=15
num_cat=0
split_feature=3 7 5 7 5 6 5 6 4 4 3 5 0 2
split_gain=631.243 1099.76 884.389 983.46 992.995 849.1 836.042 631.643 460.562 401.279 280.779 374.011 285.965 196.351
threshold=7.3018750000000008 -0.35019404643548474 0.39245833350000003 0.56638466991089664 0.41266666650000006 8.9350000000000005 0.38462500000000005 7.113500000000001 0.35416666650000006 0.35593750000000007 5.9883333330000008 0.40597916650000004 10.045595500000003 14.362291670000003
decision_type=2 2 2 2 2 2 2 2 2 2 2 2 2 2
left_child=10 6 13 4 -4 -5 9 -8 -9 -2 11 -1 -12 -3
right_child=1 2 3 5 -6 -7 7 8 -10 -11 12 -13 -14 -15
leaf_value=-0.013380563379480289 -0.0032651105663860512 -0.021686307808555579 0.02278222206147278 0.019597381237028429 0.077081284196603872 -0.0082672977864575118 -0.035451304890760559 0.014996554939490226 -0.009473812702019033 0.034404041747870845 -0.017965382065981007 0.033584377129872639 0.016011820369296603 0.012382652291229793
leaf_weight=39 47 87 170 249 42 195 82 90 529 71 300 30 27 21
leaf_count=39 47 87 170 249 42 195 82 90 529 71 300 30 27 21
internal_value=6.52024e-11 0.00282477 0.0114546 0.0158201 0.0335396 0.00735952 -0.00522556 -0.00937085 -0.00591592 0.0194002 -0.0112919 0.00703898 -0.0151599 -0.0150618
internal_weight=1979 1583 764 656 212 444 819 701 619 118 396 69 327 108
internal_count=1979 1583 764 656 212 444 819 701 619 118 396 69 327 108
is_linear=0
shrinkage=0.01


Tree=185
num_leaves=15
num_cat=0
split_feature=4 3 6 4 7 5 3 0 2 5 5 6 0 4
split_gain=621.263 1112.38 1148.87 1070.45 731.353 988.912 1260.24 619.466 566.299 470.052 637.432 446.884 278.912 428.239
threshold=0.39395833350000004 12.506041665000003 11.535000000000002 0.41068750000000004 0.31729257441605191 0.40543750000000006 10.339375000000002 9.7665210000000027 13.347708335000002 0.40514583350000005 0.39862500000000006 6.9925000000000006 18.155531000000003 0.34029166700000008
decision_type=2 2 2 2 2 2 2 2 2 2 2 2 2 2
left_child=12 4 9 -4 8 6 -6 -7 11 10 -3 -2 13 -1
right_child=1 2 3 -5 5 7 -8 -9 -10 -11 -12 -13 -14 -15
leaf_value=0.038758239388141942 -0.0036125587957140841 0.079524774923920627 0.023808166574509373 -0.042695462512235868 0.066728276107787046 -0.0019120701445101409 -0.0054625267992239627 0.055154321610927586 0.02716038966178894 0.087540917763343218 0.015950518402716388 -0.027364744794705222 -0.019135840987642597 -0.0050543749553241049
leaf_weight=23 162 24 84 34 57 389 42 20 35 26 46 155 139 743
leaf_count=23 162 24 84 34 57 389 42 20 35 26 46 155 139 743
internal_value=9.54323e-12 0.00514324 0.025545 0.0046461 6.65354e-05 0.00774287 0.0361019 0.000878462 -0.0110118 0.0512331 0.0377474 -0.0152264 -0.00610369 -0.00373885
internal_weight=1979 1074 214 118 860 508 99 409 352 96 70 317 905 766
internal_count=1979 1074 214 118 860 508 99 409 352 96 70 317 905 766
is_linear=0
shrinkage=0.01


Tree=186
num_leaves=15
num_cat=0
split_feature=3 7 5 5 0 4 4 0 3 4 3 5 3 5
split_gain=611.891 1061.91 990.276 865.321 668.518 739.269 573.111 666.383 377.919 372.843 288.705 278.8 219.829 366.068
threshold=7.3018750000000008 -0.50751903745502724 0.38522916650000005 0.38595833350000003 5.0490095000000013 0.40822916650000002 0.35137500000000005 15.912836500000003 13.500833335000001 0.33835416650000011 13.384166665000002 0.42135416650000007 5.9883333330000008 0.40597916650000004
decision_type=2 2 2 2 2 2 2 2 2 2 2 2 2 2
left_child=11 2 9 -3 -5 -6 7 -4 -8 -2 -11 12 13 -1
right_child=1 3 6 4 5 -7 8 -9 -10 10 -12 -13 -14 -15
leaf_value=-0.013165217850070734 -0.010997324422482522 -0.020608354087597057 0.049983315669120322 -0.037082970839738848 0.025094888654518095 0.0050315450149057807 -0.013259161440007317 -0.0092584583589008871 -0.055590192838148637 0.038296673959493641 -0.0022024598717689517 -0.045713278705423528 -0.012728995363853995 0.033298343499501545
leaf_weight=39 31 81 31 25 384 352 510 49 22 75 23 22 305 30
leaf_count=39 31 81 31 25 384 352 510 49 22 75 23 22 305 30
internal_value=-5.56046e-11 0.00278113 -0.00594961 0.0104646 0.013772 0.0154994 -0.0112571 0.0136977 -0.0150097 0.0192301 0.0287918 -0.0111175 -0.00908245 0.00703633
internal_weight=1979 1583 741 842 761 736 612 80 532 129 98 396 374 69
internal_count=1979 1583 741 842 761 736 612 80 532 129 98 396 374 69
is_linear=0
shrinkage=0.01


Tree=187
num_leaves=15
num_cat=0
split_feature=4 3 6 4 7 5 3 0 0 5 5 6 0 5
split_gain=604.023 1080.06 1124.06 1046.72 707.451 956.983 1234.16 602.915 559.373 461.138 621.98 399.118 269.411 422.373
threshold=0.39395833350000004 12.506041665000003 11.535000000000002 0.41068750000000004 0.31729257441605191 0.40543750000000006 10.339375000000002 9.7665210000000027 16.094899000000002 0.40514583350000005 0.39862500000000006 6.9925000000000006 18.155531000000003 0.39302083350000006
decision_type=2 2 2 2 2 2 2 2 2 2 2 2 2 2
left_child=12 4 9 -4 8 6 -6 -7 11 10 -3 -2 13 -1
right_child=1 2 3 -5 5 7 -8 -9 -10 -11 -12 -13 -14 -15
leaf_value=0.0044870696557454248 -0.0035224475067706755 0.078494558210174245 0.023450962498429276 -0.042311282076818106 0.065824122752406095 -0.0018868666430375634 -0.0056158573807416744 0.05441201847791672 0.031244053740439745 0.086545741374676036 0.015695540377384295 -0.025754588447418642 -0.018826668879432646 -0.01043400167984267
leaf_weight=346 162 24 84 34 57 389 42 20 29 26 46 161 139 420
leaf_count=346 162 24 84 34 57 389 42 20 29 26 46 161 139 420
internal_value=-1.18662e-10 0.00507138 0.0251745 0.00450252 6.89658e-05 0.00761882 0.0355163 0.000866135 -0.0108268 0.0505839 0.0372266 -0.0146041 -0.00601841 -0.0036942
internal_weight=1979 1074 214 118 860 508 99 409 352 96 70 323 905 766
internal_count=1979 1074 214 118 860 508 99 409 352 96 70 323 905 766
is_linear=0
shrinkage=0.01


Tree=188
num_leaves=15
num_cat=0
split_feature=4 3 5 2 3 7 5 3 0 0 3 5 3 7
split_gain=592.33 1132.97 1084.95 1169.82 1075.47 702.963 912.9 1250.01 601.128 518.824 457.252 269.994 831.404 770.584
threshold=0.39302083350000006 12.506041665000003 0.40514583350000005 12.419583335000002 13.816458335000002 0.31729257441605191 0.40543750000000006 10.339375000000002 5.1819645000000003 15.953489500000002 7.4831250000000011 0.3897500000000001 13.291458335000003 -0.85260769842926898
decision_type=2 2 2 2 2 2 2 2 2 2 2 2 2 2
left_child=11 5 3 -3 -5 9 7 -7 -8 10 -2 12 -1 -13
right_child=1 2 -4 4 -6 6 8 -9 -10 -11 -12 13 -14 -15
leaf_value=0.013791037460198489 -0.0061185205321420324 -0.015536879673075508 0.085680285600515521 0.048830909907029804 -0.026733899247508658 0.065165883468692759 -0.031728312765061856 -0.0062483093110021464 0.0052686109148685689 0.025897340482899121 -0.030724465641071619 -0.025786683001398397 -0.016315575963761434 -0.00061674742197448558
leaf_weight=205 220 71 26 104 23 57 50 43 361 35 115 206 166 297
leaf_count=205 220 71 26 104 23 57 50 43 361 35 115 206 166 297
internal_value=5.74376e-11 0.00486557 0.0249469 0.0169718 0.0351459 -0.000240239 0.00736073 0.0344578 0.000767769 -0.0107378 -0.0145653 -0.00615155 0.000320154 -0.0109249
internal_weight=1979 1105 224 198 127 881 511 100 411 370 335 874 371 503
internal_count=1979 1105 224 198 127 881 511 100 411 370 335 874 371 503
is_linear=0
shrinkage=0.01


Tree=189
num_leaves=15
num_cat=0
split_feature=3 7 6 6 0 7 5 5 4 4 3 5 3 5
split_gain=587.041 1011.68 839.587 806.903 726.937 706.434 689.266 600.515 427.665 359.599 315.326 275.662 215.491 358.347
threshold=7.3018750000000008 -0.35019404643548474 11.535000000000002 7.1505000000000001 5.0490095000000013 -0.043617726472722627 0.42206250000000006 0.38422916650000005 0.35416666650000006 0.35593750000000007 13.806041665 0.42135416650000007 5.9883333330000008 0.40597916650000004
decision_type=2 2 2 2 2 2 2 2 2 2 2 2 2 2
left_child=11 3 4 -2 -3 -4 -6 9 -9 -5 -7 12 13 -1
right_child=1 2 5 7 6 10 -8 8 -10 -11 -12 -13 -14 -15
leaf_value=-0.012894277117955379 -0.034358274929580233 -0.036375989559292797 0.023833673995636077 -0.002480940347456414 0.022383287214752114 -0.01493684924139004 -0.013686845565246325 0.014467266899543805 -0.0090052516215010578 0.033511434312377658 -0.058623819589614871 -0.045289962508461692 -0.012476224665270477 0.033076653877894081
leaf_weight=39 84 25 46 46 519 95 59 91 528 70 20 22 305 30
leaf_count=39 84 25 46 46 519 95 59 91 528 70 20 22 305 30
internal_value=-1.75104e-11 0.00272407 0.0110011 -0.00499715 0.0164179 -0.00928651 0.0187014 -0.0016416 -0.00555453 0.0192386 -0.0225346 -0.0108894 -0.00886584 0.00709308
internal_weight=1979 1583 764 819 603 161 578 735 619 116 115 396 374 69
internal_count=1979 1583 764 819 603 161 578 735 619 116 115 396 374 69
is_linear=0
shrinkage=0.01


Tree=190
num_leaves=15
num_cat=0
split_feature=4 3 6 4 7 5 3 0 2 5 5 6 5 0
split_gain=577.814 1034.98 1078.68 1005.88 669.715 911.394 1184.3 586.034 543.547 438.53 605.443 424.082 267.546 263.819
threshold=0.39395833350000004 12.506041665000003 11.535000000000002 0.41068750000000004 0.31729257441605191 0.40543750000000006 10.339375000000002 9.7665210000000027 13.347708335000002 0.40514583350000005 0.39862500000000006 6.9925000000000006 0.39895833350000004 18.155531000000003
decision_type=2 2 2 2 2 2 2 2 2 2 2 2 2 2
left_child=13 4 9 12 8 6 -6 -7 11 10 -3 -2 -4 -1
right_child=1 2 3 -5 5 7 -8 -9 -10 -11 -12 -13 -14 -15
leaf_value=-0.0035864216061406245 -0.003353397502207462 0.077220290328065558 0.03458129575949604 -0.041502719915965026 0.064323128420009951 -0.0018951024399031251 -0.0056588484320257391 0.05361004048585892 0.02685952728374728 0.084599649631060092 0.015261755378147506 -0.026491675629610977 -0.0044526691913604737 -0.018561026963653218
leaf_weight=766 162 24 59 34 57 389 42 20 35 26 46 155 25 139
leaf_count=766 162 24 59 34 57 389 42 20 35 26 46 155 25 139
internal_value=6.75503e-11 0.00496013 0.0246393 0.00438887 6.32279e-05 0.00740896 0.0346338 0.000819085 -0.010538 0.0495304 0.0365047 -0.0146671 0.022964 -0.00588639
internal_weight=1979 1074 214 118 860 508 99 409 352 96 70 317 84 905
internal_count=1979 1074 214 118 860 508 99 409 352 96 70 317 84 905
is_linear=0
shrinkage=0.01


Tree=191
num_leaves=15
num_cat=0
split_feature=3 7 5 5 0 6 6 7 3 4 5 3 5 0
split_gain=569.534 974.246 802.677 798.177 625.764 845.076 532.349 444.26 338.462 494.103 270.744 211.24 350.778 246.295
threshold=7.3018750000000008 -0.39873388578253688 0.38522916650000005 0.38462500000000005 5.0490095000000013 8.8500000000000032 7.113500000000001 -0.8910065241883679 13.686250000000003 0.33835416650000011 0.42135416650000007 5.9883333330000008 0.40597916650000004 10.045595500000003
decision_type=2 2 2 2 2 2 2 2 2 2 2 2 2 2
left_child=10 2 8 -3 -5 -6 -4 -8 9 -2 11 12 -1 -13
right_child=1 3 6 4 5 -7 7 -9 -10 -11 -12 13 -14 -15
leaf_value=-0.012694768680450625 -0.010633076102502885 -0.028103121134638785 -0.033701139703209017 -0.035993278592824939 0.028209360756722469 0.0059969531995924816 -0.015124829731842813 0.0024094261616982265 -0.021001186236739158 0.036005736475481706 -0.044818111983212561 -0.015095478360869472 0.032788065354029339 0.016539943637671296
leaf_weight=39 31 50 81 25 286 427 288 290 20 85 22 278 30 27
leaf_count=39 31 50 81 25 286 427 288 290 20 85 22 278 30 27
internal_value=4.09777e-12 0.00268314 -0.00512726 0.0105629 0.0131826 0.0149068 -0.00969197 -0.00632737 0.0169915 0.0235419 -0.0107258 -0.00872037 0.00708038 -0.012295
internal_weight=1979 1583 795 788 738 713 659 578 136 116 396 374 69 305
internal_count=1979 1583 795 788 738 713 659 578 136 116 396 374 69 305
is_linear=0
shrinkage=0.01


Tree=192
num_leaves=15
num_cat=0
split_feature=3 7 6 6 5 4 7 5 6 4 4 3 5 3
split_gain=558.2 955.247 804.72 775.256 696.753 709.037 685.258 577.184 472.034 421.667 342.563 305.742 265.356 207.036
threshold=7.3018750000000008 -0.35019404643548474 11.535000000000002 7.1505000000000001 0.42206250000000006 0.40127083350000009 -0.043617726472722627 0.38422916650000005 6.666500000000001 0.35416666650000006 0.35593750000000007 13.806041665 0.42135416650000007 5.9883333330000008
decision_type=2 2 2 2 2 2 2 2 2 2 2 2 2 2
left_child=12 3 4 -2 5 -3 -4 10 -6 -9 -5 -8 13 -1
right_child=1 2 6 7 8 -7 11 9 -10 -11 -12 -13 -14 -15
leaf_value=0.007009572643597705 -0.033626057361917837 0.0028618800338959982 0.023457295562181138 -0.0022856096032520998 0.023826898219792742 0.027738165334307219 -0.014729347174889162 0.014487355753861286 -0.031270539925123256 -0.0088199769695347634 0.03284384310884135 -0.057747279047966005 -0.04436993154612455 -0.012172016182150998
leaf_weight=69 84 167 46 46 23 365 95 91 48 528 70 20 22 305
leaf_count=69 84 167 46 46 23 365 95 91 48 528 70 20 22 305
internal_value=-6.94233e-11 0.00265631 0.0106992 -0.00484647 0.0160023 0.0199293 -0.00916272 -0.00155737 -0.0134221 -0.00539354 0.0189132 -0.0222107 -0.0106185 -0.00863317
internal_weight=1979 1583 764 819 603 532 161 735 71 619 116 115 396 374
internal_count=1979 1583 764 819 603 532 161 735 71 619 116 115 396 374
is_linear=0
shrinkage=0.01


Tree=193
num_leaves=15
num_cat=0
split_feature=4 3 5 7 6 7 0 5 6 2 4 5 2 3
split_gain=554.033 993.489 1210.11 1056.88 702.35 625.379 854.381 922.038 510.743 548.051 795.391 659.943 477.291 616.339
threshold=0.37660416650000006 12.506041665000003 0.40514583350000005 0.28400453026986811 13.180000000000001 0.31729257441605191 5.1819645000000003 0.42206250000000006 6.4475000000000007 13.109166670000002 0.3623958335000001 0.38312500000000005 13.347708335000002 7.8674999250000015
decision_type=2 2 2 2 2 2 2 2 2 2 2 2 2 2
left_child=8 5 3 4 -3 12 -7 -8 -1 10 -10 -11 13 -2
right_child=1 2 -4 -5 -6 6 7 -9 9 11 -12 -13 -14 -15
leaf_value=-0.047120553444732316 -0.0040401500314034547 0.030519661359095843 0.083395794996848474 -0.025023189330717822 -0.0071248134627592552 -0.02854457897326303 0.016351486530469125 -0.022187376348939664 0.036585870107910673 0.00515741940036199 -0.0077003287404298418 -0.026517921320807478 0.017659824321993062 -0.02710535094829869
leaf_weight=33 339 199 26 61 66 63 415 73 61 103 121 182 61 176
leaf_count=33 339 199 26 61 66 63 415 73 61 103 121 182 61 176
internal_value=1.07771e-10 0.00307642 0.0177416 0.0125054 0.0211441 -0.00150401 0.0061123 0.0105865 -0.00910005 -0.00641338 0.00714285 -0.0150703 -0.00878976 -0.0119226
internal_weight=1979 1479 352 326 265 1127 551 488 500 467 182 285 576 515
internal_count=1979 1479 352 326 265 1127 551 488 500 467 182 285 576 515
is_linear=0
shrinkage=0.01


Tree=194
num_leaves=15
num_cat=0
split_feature=4 3 5 7 6 7 0 5 6 2 4 5 2 3
split_gain=543.008 973.718 1186.02 1035.85 688.373 612.934 837.378 903.69 500.579 537.145 779.563 646.81 467.793 604.074
threshold=0.37660416650000006 12.506041665000003 0.40514583350000005 0.28400453026986811 13.180000000000001 0.31729257441605191 5.1819645000000003 0.42206250000000006 6.4475000000000007 13.109166670000002 0.3623958335000001 0.38312500000000005 13.347708335000002 7.8674999250000015
decision_type=2 2 2 2 2 2 2 2 2 2 2 2 2 2
left_child=8 5 3 4 -3 12 -7 -8 -1 10 -10 -11 13 -2
right_child=1 2 -4 -5 -6 6 7 -9 9 11 -12 -13 -14 -15
leaf_value=-0.046649347453406362 -0.003999748811081799 0.03021446437579603 0.082561837343069225 -0.024772957312172186 -0.0070535655644948063 -0.028259133772244531 0.016187971388562077 -0.021965502827134855 0.036220011326377512 0.0051058450549189907 -0.0076233252362263469 -0.026252742068084714 0.017483225924680469 -0.026834297467642255
leaf_weight=33 339 199 26 61 66 63 415 73 61 103 121 182 61 176
leaf_count=33 339 199 26 61 66 63 415 73 61 103 121 182 61 176
internal_value=-5.74041e-11 0.00304566 0.0175642 0.0123803 0.0209326 -0.00148897 0.00605118 0.0104806 -0.00900905 -0.00634925 0.00707142 -0.0149196 -0.00870187 -0.0118034
internal_weight=1979 1479 352 326 265 1127 551 488 500 467 182 285 576 515
internal_count=1979 1479 352 326 265 1127 551 488 500 467 182 285 576 515
is_linear=0
shrinkage=0.01


Tree=195
num_leaves=15
num_cat=0
split_feature=3 7 6 5 0 3 5 6 6 6 4 7 5 3
split_gain=535.592 899.087 1116.4 1012.22 795.392 1307.7 761.88 808.289 567.469 447.876 533.734 365.297 260.035 259.954
threshold=7.3018750000000008 -0.25881904510252068 11.535000000000002 0.40197916650000004 16.862947500000004 11.571666665000002 0.41704166650000002 8.2200000000000006 5.7855000000000008 6.4955000000000007 0.38322916650000005 -0.026175951569892112 0.38172916700000004 6.3404166665000004
decision_type=2 2 2 2 2 2 2 2 2 2 2 2 2 2
left_child=13 3 6 4 5 -2 7 -3 -8 -5 -11 -4 -6 -1
right_child=1 2 11 9 12 -7 8 -9 -10 10 -12 -13 -14 -15
leaf_value=0.0042232020639924595 -0.00098874825752290861 0.048486201199747267 0.01484191232634818 -0.066177818341688677 0.0085527774118990801 0.039538389155314421 0.042603449087876541 0.016221095766159613 -0.0080779745458897691 0.0094735430523753168 -0.028735332141685138 -0.022582160885462405 -0.015925961733159369 -0.014889984073320237
leaf_weight=93 264 105 34 22 54 114 26 298 147 50 136 112 221 303
leaf_count=93 264 105 34 22 54 114 26 298 147 50 136 112 221 303
internal_value=-3.0948e-11 0.00260196 0.0108318 -0.00429928 0.00182015 0.0112337 0.0170923 0.0246276 -0.000461113 -0.0235108 -0.0184641 -0.013867 -0.0111192 -0.0104013
internal_weight=1979 1583 722 861 653 378 576 403 173 208 186 146 275 396
internal_count=1979 1583 722 861 653 378 576 403 173 208 186 146 275 396
is_linear=0
shrinkage=0.01


Tree=196
num_leaves=15
num_cat=0
split_feature=4 3 5 7 6 7 0 5 6 2 4 5 2 3
split_gain=527.647 946.838 1158.63 1005.43 681.972 588.495 812.897 879.007 484.751 524.807 764.828 627.219 453.24 588.224
threshold=0.37660416650000006 12.506041665000003 0.40514583350000005 0.2672282004597602 13.180000000000001 0.31729257441605191 5.1819645000000003 0.42206250000000006 6.4475000000000007 13.109166670000002 0.3623958335000001 0.38312500000000005 13.347708335000002 7.8674999250000015
decision_type=2 2 2 2 2 2 2 2 2 2 2 2 2 2
left_child=8 5 3 4 -3 12 -7 -8 -1 10 -10 -11 13 -2
right_child=1 2 -4 -5 -6 6 7 -9 9 11 -12 -13 -14 -15
leaf_value=-0.045921127832297126 -0.0038892841688563341 0.030111230024228788 0.081561597860776464 -0.023686387704330542 -0.0070299698898540529 -0.027886081957627856 0.015912055919193719 -0.021716764528457434 0.035874157957121976 0.0049851932509540064 -0.0075528646710767483 -0.025894841624853702 0.017237616988723396 -0.026422275981961073
leaf_weight=33 339 197 26 63 66 63 415 73 61 103 121 182 61 176
leaf_count=33 339 197 26 63 66 63 415 73 61 103 121 182 61 176
internal_value=-4.81579e-11 0.00300227 0.017319 0.0121954 0.0207906 -0.00146933 0.00591898 0.0102832 -0.00888071 -0.0062633 0.00700235 -0.0147347 -0.00853697 -0.0115899
internal_weight=1979 1479 352 326 263 1127 551 488 500 467 182 285 576 515
internal_count=1979 1479 352 326 263 1127 551 488 500 467 182 285 576 515
is_linear=0
shrinkage=0.01


Tree=197
num_leaves=15
num_cat=0
split_feature=3 7 6 5 0 3 5 6 6 6 4 7 3 0
split_gain=519.419 863.712 1088.67 983.559 774.228 1268.15 733.985 796.35 559.199 435.742 521.023 355.42 255.162 338.38
threshold=7.3018750000000008 -0.25881904510252068 11.535000000000002 0.40197916650000004 16.862947500000004 11.571666665000002 0.41704166650000002 8.2200000000000006 6.5765000000000011 6.4955000000000007 0.38322916650000005 -0.026175951569892112 6.3404166665000004 9.4159845000000022
decision_type=2 2 2 2 2 2 2 2 2 2 2 2 2 2
left_child=12 3 6 4 5 -2 7 -3 -8 -5 -11 -4 -1 -14
right_child=1 2 11 9 -6 -7 8 -9 -10 10 -12 -13 13 -15
leaf_value=0.0042460059705040146 -0.00091830206596624166 0.047888749958592512 0.014556722449933125 -0.065224354700608694 -0.010935636674375698 0.038991278864181876 0.0255690564122051 0.015862813305934805 -0.012856432936735386 0.009441538566350936 -0.028309633117716979 -0.022357952813118965 -0.019444250989232272 0.0088005526130105934
leaf_weight=93 264 105 34 22 275 114 56 298 117 50 136 112 252 51
leaf_count=93 264 105 34 22 275 114 56 298 117 50 136 112 252 51
internal_value=-3.31928e-11 0.00256238 0.0106287 -0.00420174 0.00183043 0.0111179 0.0168109 0.024207 -0.000418124 -0.0231393 -0.0181615 -0.0137614 -0.010243 -0.0146902
internal_weight=1979 1583 722 861 653 378 576 403 173 208 186 146 396 303
internal_count=1979 1583 722 861 653 378 576 403 173 208 186 146 396 303
is_linear=0
shrinkage=0.01


Tree=198
num_leaves=15
num_cat=0
split_feature=4 3 5 7 6 7 0 5 6 3 0 4 2 3
split_gain=511.792 919.926 1132.23 975.638 656.702 566.604 789.312 854.061 469.548 522.335 539.681 575.205 439.097 571.973
threshold=0.37660416650000006 12.506041665000003 0.40514583350000005 0.28400453026986811 13.180000000000001 0.31729257441605191 5.1819645000000003 0.42206250000000006 6.4475000000000007 13.657083335000001 17.847816000000005 0.36000000000000004 13.347708335000002 7.8674999250000015
decision_type=2 2 2 2 2 2 2 2 2 2 2 2 2 2
left_child=8 5 3 4 -3 12 -7 -8 -1 10 11 -10 13 -2
right_child=1 2 -4 -5 -6 6 7 -9 9 -11 -12 -13 -14 -15
leaf_value=-0.045201202594872675 -0.0037971411161893944 0.029369516694665556 0.080575036177268397 -0.024053619927192321 -0.0070310970789498909 -0.027512227613774556 0.015647669196308379 -0.021443370156092184 0.029561313326160112 -0.034254536600462321 -0.01828487495976109 -0.003002649086657603 0.016983542701259988 -0.026016687150176125
leaf_weight=33 339 199 26 61 66 63 415 73 75 58 138 196 61 176
leaf_count=33 339 199 26 61 66 63 415 73 75 58 138 196 61 176
internal_value=-2.57637e-11 0.00295682 0.0170686 0.0120037 0.0203037 -0.00145078 0.00579881 0.0100992 -0.00874627 -0.00617023 -0.00218761 0.00600952 -0.00838571 -0.0113906
internal_weight=1979 1479 352 326 265 1127 551 488 500 467 409 271 576 515
internal_count=1979 1479 352 326 265 1127 551 488 500 467 409 271 576 515
is_linear=0
shrinkage=0.01


Tree=199
num_leaves=15
num_cat=0
split_feature=3 4 7 2 4 6 5 6 3 5 5 5 3 5
split_gain=503.859 837.193 615.449 992.771 743.022 789.221 508.877 355.274 525.242 439.308 354.424 251.032 198.2 340.137
threshold=7.3018750000000008 0.39302083350000006 -0.62249093318774762 13.147708330000002 0.40822916650000002 10.027500000000002 0.41643750000000007 6.4755000000000011 8.2643750000000029 0.3897500000000001 0.40529166650000009 0.42135416650000007 5.9883333330000008 0.40597916650000004
decision_type=2 2 2 2 2 2 2 2 2 2 2 2 2 2
left_child=11 7 3 -3 6 -6 -4 -2 10 -10 -9 12 13 -1
right_child=1 2 4 -5 5 -7 -8 8 9 -11 -12 -13 -14 -15
leaf_value=-0.012325036628649404 -0.038831778695185983 -0.02862454241102046 0.028809967029694957 0.025498380576664547 0.016457129685511423 -0.012927312629660532 -0.01741810082243039 0.041079229069192237 0.00046748090526592493 -0.01620290382515531 -0.0019203173472649522 -0.042916229854930529 -0.01161991433286276 0.032462659915288287
leaf_weight=39 30 94 283 53 215 159 26 41 370 276 36 22 305 30
leaf_count=39 30 94 283 53 215 159 26 41 370 276 36 22 305 30
internal_value=-3.41022e-11 0.00252371 0.00945048 -0.00911084 0.0134454 0.00396481 0.0249202 -0.00511138 -0.00371219 -0.00665485 0.0209755 -0.0100885 -0.00815741 0.00714787
internal_weight=1979 1583 830 147 683 374 309 753 723 646 77 396 374 69
internal_count=1979 1583 830 147 683 374 309 753 723 646 77 396 374 69
is_linear=0
shrinkage=0.01


Tree=200
num_leaves=15
num_cat=0
split_feature=0 4 3 5 2 7 5 0 0 4 5 5 1 1
split_gain=497.855 627.358 832.078 934.989 1035.83 831.375 851.725 473.112 237.598 376.434 233.95 229.165 137.923 71.0754
threshold=5.1819645000000003 0.39302083350000006 12.506041665000003 0.40514583350000005 12.419583335000002 0.2672282004597602 0.42206250000000006 15.953489500000002 18.155531000000003 0.34029166700000008 0.37785416650000009 0.3897500000000001 259.43750000000006 44.354166670000005
decision_type=2 2 2 2 2 2 2 2 2 2 2 2 2 2
left_child=13 8 5 4 -4 7 -7 -3 9 -2 -10 -11 -12 -1
right_child=1 2 3 -5 -6 6 -8 -9 10 11 12 -13 -14 -15
leaf_value=-0.014273839008808136 0.036695279517899387 -0.013801746297362418 -0.014800462938950097 0.079573256327555728 0.032891456583940139 0.015936370581425822 -0.021214822579736579 0.024905126631259919 0.014257363986223936 0.0025836082395897914 -0.027833870066637078 -0.0091013384761559936 -0.00010098988359624689 -0.035873514261001195
leaf_weight=25 23 323 71 26 127 399 73 35 20 280 97 419 22 39
leaf_count=25 23 323 71 26 127 399 73 35 20 280 97 419 22 39
internal_value=-1.88806e-11 0.000916926 0.00609007 0.0231932 0.0157898 0.00147427 0.0101905 -0.0100176 -0.00541582 -0.00311089 -0.0173882 -0.00442067 -0.0227068 -0.0274361
internal_weight=1979 1915 1054 224 198 830 472 358 861 722 139 699 119 64
internal_count=1979 1915 1054 224 198 830 472 358 861 722 139 699 119 64
is_linear=0
shrinkage=0.01


Tree=201
num_leaves=15
num_cat=0
split_feature=4 3 5 7 6 7 3 7 2 3 5 4 7 3
split_gain=488.961 893.426 1081.29 943.51 637.795 536.288 881.871 1292.72 520.119 417.873 538.892 530.072 577.41 387.707
threshold=0.37552083350000004 12.506041665000003 0.40514583350000005 0.2672282004597602 14.164500000000002 -0.095842103007655763 7.2081250000000008 0.53727914962411594 13.347708335000002 13.657083335000001 0.38697916650000003 0.35416666650000006 -0.86159635224327535 10.805000000000001
decision_type=2 2 2 2 2 2 2 2 2 2 2 2 2 2
left_child=9 5 3 4 -3 8 -7 -8 13 10 -1 12 -12 -2
right_child=1 2 -4 -5 -6 6 7 -9 -10 -11 11 -13 -14 -15
leaf_value=0.014688092130505252 -0.0090938429964435158 0.026102930532646892 0.078777523040771485 -0.023003245426548854 -0.019718169723371311 -0.012883937257867288 0.062682477003998219 0.0063438127688750937 0.017076315283775331 -0.034184635756047153 -0.0081139471852465679 -0.019272523827726123 0.048024788948672792 -0.033737813367275521
leaf_weight=102 316 230 26 63 35 211 45 429 62 57 57 239 27 80
leaf_count=102 316 230 26 63 35 211 45 429 62 57 57 239 27 80
internal_value=-1.57772e-11 0.00282051 0.0167021 0.0117815 0.0200511 -0.00147879 0.00412218 0.0116924 -0.00985578 -0.00875995 -0.00535006 -0.0116779 0.00993065 -0.0140724
internal_weight=1979 1497 354 328 265 1143 685 474 458 482 425 323 84 396
internal_count=1979 1497 354 328 265 1143 685 474 458 482 425 323 84 396
is_linear=0
shrinkage=0.01


Tree=202
num_leaves=15
num_cat=0
split_feature=0 4 3 6 4 7 5 0 5 0 4 5 5 3
split_gain=486.666 604.147 745.99 947.231 896.213 785.96 838.05 486.344 363.225 239.432 356.846 248.506 226.611 137.006
threshold=5.1819645000000003 0.39395833350000004 12.506041665000003 11.535000000000002 0.41068750000000004 0.2672282004597602 0.42206250000000006 16.094899000000002 0.40514583350000005 18.155531000000003 0.34029166700000008 0.39302083350000006 0.37785416650000009 11.348750000000001
decision_type=2 2 2 2 2 2 2 2 2 2 2 2 2 2
left_child=-1 9 5 8 -5 7 -7 -3 -4 10 -2 -12 -11 -14
right_child=1 2 3 4 -6 6 -8 -9 -10 12 11 -13 13 -15
leaf_value=-0.027126074787229299 0.035891561250647776 -0.013480789915829225 0.034218624995223115 0.021304894107881757 -0.039546093967031029 0.015834946075697715 -0.021023969846229031 0.02933776974421123 0.077989748349556562 0.013967909522354603 0.0022836123269298915 -0.009449812956166077 -0.0061194419302046301 -0.029478372002401984
leaf_weight=64 23 311 70 84 34 398 73 29 26 20 331 397 36 83
leaf_count=64 23 311 70 84 34 398 73 29 26 20 331 397 36 83
internal_value=-1.07086e-11 0.000906563 0.0061404 0.022748 0.00377156 0.00175811 0.0101222 -0.00982862 0.0460733 -0.00512117 -0.00288974 -0.00411497 -0.0171773 -0.0224118
internal_weight=1979 1915 1025 214 118 811 471 340 96 890 751 728 139 119
internal_count=1979 1915 1025 214 118 811 471 340 96 890 751 728 139 119
is_linear=0
shrinkage=0.01


Tree=203
num_leaves=15
num_cat=0
split_feature=0 4 3 6 4 7 5 0 5 0 4 5 5 3
split_gain=476.981 592.16 784.647 887.48 906.769 786.968 815.759 451.58 364.834 228.873 352.601 222.101 218.016 134.28
threshold=5.1819645000000003 0.39302083350000006 12.506041665000003 11.535000000000002 0.41068750000000004 0.2672282004597602 0.42206250000000006 15.953489500000002 0.40514583350000005 18.155531000000003 0.34029166700000008 0.37785416650000009 0.3897500000000001 11.348750000000001
decision_type=2 2 2 2 2 2 2 2 2 2 2 2 2 2
left_child=-1 9 5 8 -5 7 -7 -3 -4 10 -2 -11 -12 -13
right_child=1 2 3 4 -6 6 -8 -9 -10 11 12 13 -14 -15
leaf_value=-0.026854813992977143 0.035532645637817356 -0.013436658362578313 0.03350719256223076 0.021285993322532667 -0.039150632970473345 0.015544614189649864 -0.020813730171281998 0.024379181376525332 0.077209850916495681 0.013828230906277895 0.0025713150329621775 -0.0060582474034486548 -0.0088258572181282233 -0.029183588464160911
leaf_weight=64 23 323 72 92 34 399 73 35 26 20 280 36 419 83
leaf_count=64 23 323 72 92 34 399 73 35 26 20 280 36 419 83
internal_value=-1.65499e-11 0.000897498 0.00592343 0.022532 0.0049777 0.00144112 0.0099214 -0.00973958 0.0451018 -0.00525504 -0.00299282 -0.0170055 -0.00426047 -0.0221877
internal_weight=1979 1915 1054 224 126 830 472 358 98 861 722 139 699 119
internal_count=1979 1915 1054 224 126 830 472 358 98 861 722 139 699 119
is_linear=0
shrinkage=0.01


Tree=204
num_leaves=15
num_cat=0
split_feature=4 3 5 7 6 7 3 7 2 3 5 4 7 3
split_gain=468.64 847.378 1015.5 908.534 613.824 511.127 843.139 1270.86 497.234 414.287 523.22 510.689 552.158 382.167
threshold=0.37552083350000004 12.506041665000003 0.40514583350000005 0.2672282004597602 14.164500000000002 -0.095842103007655763 7.2081250000000008 0.53727914962411594 13.347708335000002 13.657083335000001 0.38697916650000003 0.35416666650000006 -0.86159635224327535 10.805000000000001
decision_type=2 2 2 2 2 2 2 2 2 2 2 2 2 2
left_child=9 5 3 4 -3 8 -7 -8 13 10 -1 12 -12 -2
right_child=1 2 -4 -5 -6 6 7 -9 -10 -11 11 -13 -14 -15
leaf_value=0.014563879521527129 -0.0087838396331578316 0.025563733526303069 0.076437752888752861 -0.022622094803327133 -0.019388060798336354 -0.012586220098368081 0.062001491308212281 0.0061411795470568331 0.016729060327333789 -0.033891338750458598 -0.0078517249148142964 -0.018870385251744459 0.047045720650090113 -0.033251107603777197
leaf_weight=102 316 230 26 63 35 211 45 429 62 57 57 239 27 80
leaf_count=102 316 230 26 63 35 211 45 429 62 57 57 239 27 80
internal_value=7.67976e-11 0.00276127 0.0162804 0.0115118 0.0196267 -0.00142576 0.00404225 0.0114444 -0.00960389 -0.00857599 -0.00518075 -0.0114159 0.00979388 -0.0137267
internal_weight=1979 1497 354 328 265 1143 685 474 458 482 425 323 84 396
internal_count=1979 1497 354 328 265 1143 685 474 458 482 425 323 84 396
is_linear=0
shrinkage=0.01


Tree=205
num_leaves=15
num_cat=0
split_feature=0 4 3 6 4 7 5 0 5 0 4 5 5 1
split_gain=466.254 570.193 702.733 899.104 851.4 744.136 824.305 454.077 339.521 230.59 334.153 236.957 215.106 132.746
threshold=5.1819645000000003 0.39395833350000004 12.506041665000003 11.535000000000002 0.41068750000000004 0.33379414889141251 0.42206250000000006 16.295126000000003 0.40514583350000005 18.155531000000003 0.34029166700000008 0.39302083350000006 0.37785416650000009 259.43750000000006
decision_type=2 2 2 2 2 2 2 2 2 2 2 2 2 2
left_child=-1 9 5 8 -5 7 -7 -3 -4 10 -2 -12 -11 -14
right_child=1 2 3 4 -6 6 -8 -9 -10 12 11 -13 13 -15
leaf_value=-0.02655111455358565 0.034749229757682139 -0.012250597543562905 0.033354566401136772 0.02069218467943193 -0.038617939870968898 0.016040217787849257 -0.020625958279387593 0.031952427999675272 0.075673375221399164 0.013544309706659987 0.0022837830521904912 -0.0091737477241614161 -0.026929803593180229 0.00027756971391764551
leaf_weight=64 23 330 70 84 34 383 73 25 26 20 331 397 97 22
leaf_count=64 23 330 70 84 34 383 73 25 26 20 331 397 97 22
internal_value=3.20539e-12 0.000887348 0.00597198 0.0220909 0.00360283 0.00171865 0.0101704 -0.00913771 0.0448159 -0.00496855 -0.00277871 -0.00396435 -0.0168 -0.0218999
internal_weight=1979 1915 1025 214 118 811 456 355 96 890 751 728 139 119
internal_count=1979 1915 1025 214 118 811 456 355 96 890 751 728 139 119
is_linear=0
shrinkage=0.01


Tree=206
num_leaves=14
num_cat=0
split_feature=0 4 3 5 7 7 5 6 3 0 2 5 1
split_gain=456.975 562.098 660.793 975.328 881.349 774.942 765.089 446.36 505.564 506.868 383.852 142.025 68.8694
threshold=5.1819645000000003 0.37660416650000006 12.506041665000003 0.40514583350000005 0.2672282004597602 0.31729257441605191 0.42206250000000006 6.4475000000000007 13.657083335000001 17.847816000000005 13.347708335000002 0.38312500000000005 44.354166670000005
decision_type=2 2 2 2 2 2 2 2 2 2 2 2 2
left_child=12 7 5 4 -4 10 -7 -2 9 -9 -3 -10 -1
right_child=1 2 3 -5 -6 6 -8 8 11 -11 -12 -13 -14
leaf_value=-0.013329173612594605 -0.04377904351010467 -0.010513919337428625 0.019320984317189857 0.074916641070292556 -0.022321308364589062 0.014686225311987731 -0.020419698186116678 0.0061381732320715419 -0.021564783003886007 -0.017406088966349868 0.016018051939146197 -0.054124854632786344 -0.034591006560203356
leaf_weight=25 33 514 263 26 63 415 73 271 37 138 61 21 39
leaf_count=25 33 514 263 26 63 415 73 271 37 138 61 21 39
internal_value=6.2649e-14 0.000878474 0.00409901 0.0159745 0.0112735 0.000166597 0.00943472 -0.00823565 -0.00572401 -0.00180586 -0.00769922 -0.0333538 -0.0262856
internal_weight=1979 1915 1415 352 326 1063 488 500 467 409 575 58 64
internal_count=1979 1915 1415 352 326 1063 488 500 467 409 575 58 64
is_linear=0
shrinkage=0.01


Tree=207
num_leaves=14
num_cat=0
split_feature=0 4 3 5 7 7 5 6 3 0 2 5 1
split_gain=447.882 550.912 647.644 955.919 863.81 759.521 749.864 437.477 495.503 496.782 376.214 139.198 67.4989
threshold=5.1819645000000003 0.37660416650000006 12.506041665000003 0.40514583350000005 0.2672282004597602 0.31729257441605191 0.42206250000000006 6.4475000000000007 13.657083335000001 17.847816000000005 13.347708335000002 0.38312500000000005 44.354166670000005
decision_type=2 2 2 2 2 2 2 2 2 2 2 2 2
left_child=12 7 5 4 -4 10 -7 -2 9 -9 -3 -10 -1
right_child=1 2 3 -5 -6 6 -8 8 11 -11 -12 -13 -14
leaf_value=-0.013195882207155228 -0.043341253779151226 -0.010408780008703036 0.019127774553682423 0.074167475241881151 -0.022098095226027663 0.014539363186716675 -0.020215501670968045 0.0060767914008401161 -0.021349135106397993 -0.017232028382654856 0.015857871327297303 -0.05358360631125314 -0.034245096659049012
leaf_weight=25 33 514 263 26 63 415 73 271 37 138 61 21 39
leaf_count=25 33 514 263 26 63 415 73 271 37 138 61 21 39
internal_value=6.78153e-12 0.00086969 0.00405802 0.0158147 0.0111608 0.000164931 0.00934038 -0.00815329 -0.00566677 -0.0017878 -0.00762223 -0.0330202 -0.0260227
internal_weight=1979 1915 1415 352 326 1063 488 500 467 409 575 58 64
internal_count=1979 1915 1415 352 326 1063 488 500 467 409 575 58 64
is_linear=0
shrinkage=0.01


Tree=208
num_leaves=15
num_cat=0
split_feature=0 4 3 6 4 7 5 0 5 0 5 7 4 5
split_gain=438.969 541.614 669.073 859.992 818.502 705.407 757.093 447.291 313.594 219.85 501.909 574.223 517.643 310.257
threshold=5.1819645000000003 0.39395833350000004 12.506041665000003 11.535000000000002 0.41068750000000004 0.2672282004597602 0.42206250000000006 15.953489500000002 0.40514583350000005 16.862947500000004 0.39322916700000005 -0.27563735581699894 0.3623958335000001 0.38172916700000004
decision_type=2 2 2 2 2 2 2 2 2 2 2 2 2 2
left_child=-1 9 5 8 -5 7 -7 -3 -4 10 11 -2 -12 -11
right_child=1 2 3 4 -6 6 -8 -9 -10 13 12 -13 -14 -15
leaf_value=-0.025762519827112557 0.018599273505127009 -0.013071056000087471 0.032754916694946588 0.020219158308602693 -0.037933804412536763 0.015020033605911549 -0.02001334657407787 0.02567329104481773 0.073425799424831684 0.0086890811131646248 0.034912443201802673 -0.014412232671889503 -0.012188184011860616 -0.018267138075099474
leaf_weight=64 183 307 70 84 34 398 73 33 26 54 25 74 350 204
leaf_count=64 183 307 70 84 34 398 73 33 26 54 25 74 350 204
internal_value=-7.94577e-11 0.000860993 0.00581656 0.0215447 0.00346322 0.00166634 0.00959023 -0.00931058 0.0437699 -0.00484627 -0.00167071 0.00909401 -0.00904814 -0.0126251
internal_weight=1979 1915 1025 214 118 811 471 340 96 890 632 257 375 258
internal_count=1979 1915 1025 214 118 811 471 340 96 890 632 257 375 258
is_linear=0
shrinkage=0.01


Tree=209
num_leaves=15
num_cat=0
split_feature=4 3 5 7 6 7 3 7 2 3 5 4 7 3
split_gain=433.579 773.852 915.424 839.785 591.118 475.035 784.99 1255.95 459.848 390.544 504.606 493.956 612.577 376.676
threshold=0.37552083350000004 12.506041665000003 0.40514583350000005 0.2672282004597602 14.164500000000002 -0.095842103007655763 7.2081250000000008 0.53727914962411594 13.347708335000002 13.657083335000001 0.38697916650000003 0.35691666650000003 -0.86159635224327535 10.805000000000001
decision_type=2 2 2 2 2 2 2 2 2 2 2 2 2 2
left_child=9 5 3 4 -3 8 -7 -8 13 10 -1 12 -12 -2
right_child=1 2 -4 -5 -6 6 7 -9 -10 -11 11 -13 -14 -15
leaf_value=0.014437790408675724 -0.0082869532856614265 0.024675755200674759 0.072691541910171506 -0.021769284658607037 -0.019436774394474922 -0.012118684435660523 0.061328179362747405 0.0057964446983953602 0.016094239157654587 -0.03282820226461218 -0.0084012746396051208 -0.01899864960457788 0.047419162668686898 -0.032577831157017498
leaf_weight=102 316 230 26 63 35 211 45 429 62 57 66 229 28 80
leaf_count=102 316 230 26 63 35 211 45 429 62 57 66 229 28 80
internal_value=1.92718e-11 0.00265597 0.0155753 0.0110478 0.0188496 -0.00134528 0.00392613 0.0110684 -0.00922939 -0.00824894 -0.00495243 -0.0110757 0.00822609 -0.0131942
internal_weight=1979 1497 354 328 265 1143 685 474 458 482 425 323 94 396
internal_count=1979 1497 354 328 265 1143 685 474 458 482 425 323 94 396
is_linear=0
shrinkage=0.01


Tree=210
num_leaves=14
num_cat=0
split_feature=0 4 3 5 7 7 5 6 3 0 2 5 1
split_gain=429.073 525.654 612.082 898.391 821.77 719.001 718.947 425.185 474.757 480.151 356.71 136.664 65.791
threshold=5.1819645000000003 0.37660416650000006 12.506041665000003 0.40514583350000005 0.28400453026986811 0.31729257441605191 0.42206250000000006 6.4475000000000007 13.657083335000001 17.847816000000005 13.347708335000002 0.38312500000000005 44.354166670000005
decision_type=2 2 2 2 2 2 2 2 2 2 2 2 2
left_child=12 7 5 4 -4 10 -7 -2 9 -9 -3 -10 -1
right_child=1 2 3 -5 -6 6 -8 8 11 -11 -12 -13 -14
leaf_value=-0.012806934136152269 -0.042652552186539676 -0.010109027149201033 0.018500709400037833 0.071964626403955317 -0.022208809026318495 0.014198941266377378 -0.019831911619395428 0.0060175829997279329 -0.020721507893019433 -0.016897760386109704 0.015467688862051144 -0.05266115585962932 -0.033588144519390205
leaf_weight=25 33 514 265 26 61 415 73 271 37 138 61 21 39
leaf_count=25 33 514 265 26 61 415 73 271 37 138 61 21 39
internal_value=-7.4347e-11 0.000851233 0.00396562 0.015395 0.0108833 0.000180922 0.00910826 -0.00796248 -0.00551115 -0.00171424 -0.00739567 -0.0322859 -0.0254705
internal_weight=1979 1915 1415 352 326 1063 488 500 467 409 575 58 64
internal_count=1979 1915 1415 352 326 1063 488 500 467 409 575 58 64
is_linear=0
shrinkage=0.01


Tree=211
num_leaves=14
num_cat=0
split_feature=0 4 3 5 7 7 5 6 3 0 2 5 1
split_gain=420.535 515.194 599.901 880.513 805.507 704.727 710.09 416.723 465.309 470.596 347.079 133.944 64.4817
threshold=5.1819645000000003 0.37660416650000006 12.506041665000003 0.40514583350000005 0.2672282004597602 0.33379414889141251 0.42206250000000006 6.4475000000000007 13.657083335000001 17.847816000000005 13.347708335000002 0.38312500000000005 44.354166670000005
decision_type=2 2 2 2 2 2 2 2 2 2 2 2 2
left_child=12 7 5 4 -4 10 -7 -2 9 -9 -3 -10 -1
right_child=1 2 3 -5 -6 6 -8 8 11 -11 -12 -13 -14
leaf_value=-0.012678865081071853 -0.04222602680551283 -0.0099031859432636028 0.018467848299853786 0.071244980096817012 -0.021342427614662381 0.014217826791312092 -0.019633592359007222 0.005957407279198257 -0.020514292736487413 -0.016728782914469248 0.015313011891529209 -0.052134543997900823 -0.033252262916320413
leaf_weight=25 33 519 263 26 63 410 73 271 37 138 61 21 39
leaf_count=25 33 519 263 26 63 410 73 271 37 138 61 21 39
internal_value=-4.11168e-11 0.000842721 0.00392596 0.015241 0.0107745 0.000179113 0.00910157 -0.00788286 -0.00545604 -0.0016971 -0.00725114 -0.031963 -0.0252158
internal_weight=1979 1915 1415 352 326 1063 483 500 467 409 580 58 64
internal_count=1979 1915 1415 352 326 1063 483 500 467 409 580 58 64
is_linear=0
shrinkage=0.01


Tree=212
num_leaves=15
num_cat=0
split_feature=0 4 3 5 7 7 5 0 0 5 7 3 5 6
split_gain=412.166 505.301 627.371 765.94 906.402 653.497 705.776 465.776 210.661 481.662 551.252 524.765 303.874 221.014
threshold=5.1819645000000003 0.39395833350000004 12.767500000000002 0.40493750000000006 -0.0087262032186418287 0.2672282004597602 0.42206250000000006 16.295126000000003 16.862947500000004 0.39322916700000005 -0.27563735581699894 8.6289583335000017 0.38172916700000004 11.898000000000001
decision_type=2 2 2 2 2 2 2 2 2 2 2 2 2 2
left_child=-1 8 5 4 -4 7 -7 -3 9 10 -2 -11 -10 -14
right_child=1 2 3 -5 -6 6 -8 -9 12 11 -12 -13 13 -15
leaf_value=-0.024963621608912946 0.018288724291738875 -0.012156948206916689 0.035183290181583483 0.077471430789340628 -0.011496198808623325 0.014256345781526554 -0.019437256496246547 0.031120791824327573 0.0088009110279381273 -0.00033161963761226465 -0.014055760651071732 -0.02532759927213192 -0.010106574771001593 -0.031819956030135287
leaf_weight=64 183 315 95 22 74 419 73 27 54 248 74 127 131 73
leaf_count=64 183 315 95 22 74 419 73 27 54 248 74 127 131 73
internal_value=-4.06924e-12 0.000834293 0.00562086 0.0219689 0.0147438 0.00187687 0.00925709 -0.00874028 -0.00467832 -0.00156984 0.00897553 -0.00879692 -0.0122929 -0.0178766
internal_weight=1979 1915 1025 191 169 834 492 342 890 632 257 375 258 204
internal_count=1979 1915 1025 191 169 834 492 342 890 632 257 375 258 204
is_linear=0
shrinkage=0.01


Tree=213
num_leaves=15
num_cat=0
split_feature=4 3 5 7 6 7 3 7 2 4 2 5 3 2
split_gain=404.51 720.284 846.463 785.879 567.277 447.829 743.206 1237.23 430.967 373.904 824.082 538.875 370.56 366.136
threshold=0.37552083350000004 12.506041665000003 0.40514583350000005 0.28400453026986811 14.164500000000002 -0.095842103007655763 7.2081250000000008 0.53727914962411594 13.347708335000002 0.36125000000000007 13.032083335000001 0.38312500000000005 7.8674999250000015 5.6206249065000007
decision_type=2 2 2 2 2 2 2 2 2 2 2 2 2 2
left_child=9 5 3 4 -3 8 13 -8 12 10 -1 -11 -2 -7
right_child=1 2 -4 -5 -6 6 7 -9 -10 11 -12 -13 -14 -15
leaf_value=0.034850692910009216 -0.0037303143148244271 0.023736016451188457 0.069952323895234328 -0.021708181559062397 -0.019453196212516299 0.0057679946700607259 0.060656680439909301 0.0055404148741796146 0.015565603112261142 0.018016315286979081 -0.0097939760362894483 -0.021777362360153346 -0.023119051580694879 -0.021672315229972202
leaf_weight=56 211 232 26 61 35 76 45 429 62 40 158 228 185 135
leaf_count=56 211 232 26 61 35 76 45 429 62 40 158 228 185 135
internal_value=2.41551e-11 0.00256539 0.0150295 0.0106759 0.0180745 -0.00129489 0.00382335 0.010773 -0.0089499 -0.00796763 0.00188874 -0.015838 -0.0127882 -0.0117886
internal_weight=1979 1497 354 328 267 1143 685 474 458 482 214 268 396 211
internal_count=1979 1497 354 328 267 1143 685 474 458 482 214 268 396 211
is_linear=0
shrinkage=0.01


Tree=214
num_leaves=14
num_cat=0
split_feature=0 4 3 5 7 7 5 6 3 0 2 5 1
split_gain=403.011 490.508 568.779 830.852 768.589 669.013 679.874 406.607 453.499 453.303 329.872 129.329 62.7776
threshold=5.1819645000000003 0.37660416650000006 12.506041665000003 0.40514583350000005 0.28400453026986811 0.33379414889141251 0.42206250000000006 6.4475000000000007 13.657083335000001 17.847816000000005 13.347708335000002 0.38312500000000005 44.354166670000005
decision_type=2 2 2 2 2 2 2 2 2 2 2 2 2
left_child=12 7 5 4 -4 10 -7 -2 9 -9 -3 -10 -1
right_child=1 2 3 -5 -6 6 -8 8 11 -11 -12 -13 -14
leaf_value=-0.012314667671918869 -0.04161273697659261 -0.0096399216757152364 0.017879125192655991 0.069252801308265097 -0.021491100005194792 0.013884727453029282 -0.019238643776880553 0.0059316720460744314 -0.020210476726092198 -0.016333796049778658 0.014943272591125769 -0.051281179700578959 -0.032614391308564403
leaf_weight=25 33 519 265 26 61 410 73 271 37 138 61 21 39
leaf_count=25 33 519 265 26 61 410 73 271 37 138 61 21 39
internal_value=1.62323e-11 0.000824975 0.00383344 0.0148511 0.0105123 0.000185078 0.0088785 -0.00768899 -0.00529181 -0.00158088 -0.00705445 -0.0314602 -0.0246848
internal_weight=1979 1915 1415 352 326 1063 483 500 467 409 580 58 64
internal_count=1979 1915 1415 352 326 1063 483 500 467 409 580 58 64
is_linear=0
shrinkage=0.01


Tree=215
num_leaves=14
num_cat=0
split_feature=0 4 3 5 7 7 6 6 3 0 2 5 1
split_gain=394.991 480.747 557.46 814.318 753.559 655.824 666.965 398.515 444.474 444.282 325.691 126.755 61.5284
threshold=5.1819645000000003 0.37660416650000006 12.506041665000003 0.40514583350000005 0.2672282004597602 0.31729257441605191 8.9350000000000005 6.4475000000000007 13.657083335000001 17.847816000000005 13.347708335000002 0.38312500000000005 44.354166670000005
decision_type=2 2 2 2 2 2 2 2 2 2 2 2 2
left_child=12 7 5 4 -4 10 -7 -2 9 -9 -3 -10 -1
right_child=1 2 3 -5 -6 6 -8 8 11 -11 -12 -13 -14
leaf_value=-0.012191520857810974 -0.041196609896918139 -0.0096455456679079912 0.017848370139265046 0.068560272822013268 -0.020656831926769682 0.017844287105605452 -0.0062522308283762349 0.0058723554541992642 -0.020008371961680621 -0.016170458142929105 0.014793839755116917 -0.050768368244171143 -0.032288247560843447
leaf_weight=25 33 514 263 26 63 303 185 271 37 138 61 21 39
leaf_count=25 33 514 263 26 63 303 185 271 37 138 61 21 39
internal_value=-6.27305e-11 0.000816726 0.00379511 0.0147026 0.0104072 0.000183227 0.00870934 -0.0076121 -0.00523889 -0.00156507 -0.00705285 -0.0311456 -0.024438
internal_weight=1979 1915 1415 352 326 1063 488 500 467 409 575 58 64
internal_count=1979 1915 1415 352 326 1063 488 500 467 409 575 58 64
is_linear=0
shrinkage=0.01


Tree=216
num_leaves=15
num_cat=0
split_feature=0 4 3 3 6 7 5 0 5 7 4 2 7 4
split_gain=387.131 471.585 630.194 717.311 1110.55 623.125 673.501 418.037 217.141 619.676 404.424 664.915 542.25 337.795
threshold=5.1819645000000003 0.39302083350000006 12.767500000000002 13.816458335000002 12.020500000000002 0.2672282004597602 0.42206250000000006 15.953489500000002 0.38422916650000005 -0.59480013772226059 0.35691666650000003 13.032083335000001 -0.26722820045975981 0.35593750000000007
decision_type=2 2 2 2 2 2 2 2 2 2 2 2 2 2
left_child=-1 8 5 4 -4 7 -7 -3 9 13 11 -10 -12 -2
right_child=1 2 3 -5 -6 6 -8 -9 10 -11 12 -13 -14 -15
leaf_value=-0.024193584161112086 -0.0013243503593232319 -0.012108964644799198 0.051625571505344928 -0.031330617096113123 0.0015904872301256373 0.013716679934794749 -0.019191691287576335 0.023377006774818576 0.041936481062855038 -0.025810756414782171 -0.015588790281911145 -0.0089612264277865034 0.006446653049363679 0.034565729415807572
leaf_weight=64 46 323 94 23 84 420 73 37 42 43 455 66 148 61
leaf_count=64 46 323 94 23 84 420 73 37 42 43 455 66 148 61
internal_value=1.70652e-11 0.000808558 0.00529371 0.0212229 0.0280135 0.00154017 0.00884384 -0.0084618 -0.00468197 0.00625151 -0.00698861 0.0108323 -0.0101804 0.0191363
internal_weight=1979 1915 1054 201 178 853 493 360 861 150 711 108 603 107
internal_count=1979 1915 1054 201 178 853 493 360 861 150 711 108 603 107
is_linear=0
shrinkage=0.01


Tree=217
num_leaves=14
num_cat=0
split_feature=0 4 3 5 7 7 6 6 3 0 2 5 1
split_gain=379.427 465.428 536.755 789.81 738.934 629.561 667.985 388.814 430.353 430.762 313.707 124.278 60.3039
threshold=5.1819645000000003 0.37660416650000006 12.506041665000003 0.40514583350000005 0.2672282004597602 0.33379414889141251 8.9350000000000005 6.4475000000000007 13.657083335000001 17.847816000000005 13.347708335000002 0.38312500000000005 44.354166670000005
decision_type=2 2 2 2 2 2 2 2 2 2 2 2 2
left_child=12 7 5 4 -4 10 -7 -2 9 -9 -3 -10 -1
right_child=1 2 3 -5 -6 6 -8 8 11 -11 -12 -13 -14
leaf_value=-0.011827670112252235 -0.040666159068544705 -0.009357305796419248 0.017572369582405732 0.067475057106751668 -0.020557329569544112 0.017885950814320036 -0.0063055504781974331 0.0057895361873187209 -0.019612824159699518 -0.015915269981664808 0.014615961803031749 -0.050070723238445469 -0.031723429209146746
leaf_weight=25 33 519 263 26 63 298 185 271 37 138 61 21 39
leaf_count=25 33 519 263 26 63 298 185 271 37 138 61 21 39
internal_value=7.10639e-12 0.000800473 0.00373102 0.014434 0.0102037 0.000186847 0.00862005 -0.00749297 -0.00514883 -0.00153385 -0.00683598 -0.0306407 -0.0239516
internal_weight=1979 1915 1415 352 326 1063 483 500 467 409 580 58 64
internal_count=1979 1915 1415 352 326 1063 483 500 467 409 580 58 64
is_linear=0
shrinkage=0.01


Tree=218
num_leaves=14
num_cat=0
split_feature=0 4 3 5 7 7 5 6 3 3 2 3 1
split_gain=371.876 456.166 526.074 774.093 724.261 617.033 658.867 381.076 424.081 326.165 307.464 261.327 59.1039
threshold=5.1819645000000003 0.37660416650000006 12.506041665000003 0.40514583350000005 0.28400453026986811 0.33379414889141251 0.42206250000000006 6.4475000000000007 8.2643750000000029 13.657083335000001 13.347708335000002 7.8425000000000002 44.354166670000005
decision_type=2 2 2 2 2 2 2 2 2 2 2 2 2
left_child=12 7 5 4 -4 10 -7 -2 11 -10 -3 -9 -1
right_child=1 2 3 -5 -6 6 -8 8 9 -11 -12 -13 -14
leaf_value=-0.011709393280744553 -0.040259497805470321 -0.0092637329020758153 0.017252937961721195 0.066800306760347802 -0.020965103594983211 0.013462128524236927 -0.019145494781128349 -0.0045505782072432343 -0.0047862269436305914 -0.030334277322580077 0.014469801971658331 0.042777499961001539 -0.031406194827495473
leaf_weight=25 33 519 265 26 61 410 73 20 361 58 61 28 39
leaf_count=25 33 519 265 26 61 410 73 20 361 58 61 28 39
internal_value=-4.9585e-11 0.000792468 0.00369371 0.0142897 0.0101017 0.000184978 0.00853385 -0.00741804 -0.00509734 -0.00832271 -0.00676762 0.0230575 -0.0237121
internal_weight=1979 1915 1415 352 326 1063 483 500 467 419 580 48 64
internal_count=1979 1915 1415 352 326 1063 483 500 467 419 580 48 64
is_linear=0
shrinkage=0.01


Tree=219
num_leaves=15
num_cat=0
split_feature=0 4 3 3 6 7 5 0 5 7 4 7 4 1
split_gain=364.476 447.866 560.169 709.898 1069.87 577.244 655.024 428.735 207.295 590.053 384.325 330.503 314.268 57.9277
threshold=5.1819645000000003 0.39395833350000004 12.767500000000002 13.816458335000002 11.814500000000002 0.2672282004597602 0.42206250000000006 16.295126000000003 0.38422916650000005 -0.59480013772226059 0.33143750000000005 -0.26722820045975981 0.35593750000000007 44.354166670000005
decision_type=2 2 2 2 2 2 2 2 2 2 2 2 2 2
left_child=13 8 5 4 -4 7 -7 -3 9 12 -10 -12 -2 -1
right_child=1 2 3 -5 -6 6 -8 -9 10 -11 11 -13 -14 -15
leaf_value=-0.01159229959845543 -0.0010595878327022427 -0.011503425431955192 0.054338964480906728 -0.031365563688070877 0.0038108772229911254 0.013505531738607794 -0.018954039763097893 0.030017801026503244 0.03665219101309776 -0.025056868413853094 -0.011387710716938948 0.0049858198507358852 0.033437878484687496 -0.031092133246935331
leaf_weight=25 46 315 80 23 88 419 73 27 20 43 561 158 62 39
leaf_count=25 46 315 80 23 88 419 73 27 20 43 561 158 62 39
internal_value=-2.85373e-11 0.000784543 0.00529087 0.0207386 0.0278719 0.00175309 0.00868938 -0.00822543 -0.00440533 0.00627127 -0.00658688 -0.00778963 0.0187445 -0.023475
internal_weight=1979 1915 1025 191 168 834 492 342 890 151 739 719 108 64
internal_count=1979 1915 1025 191 168 834 492 342 890 151 739 719 108 64
is_linear=0
shrinkage=0.01


Tree=220
num_leaves=15
num_cat=0
split_feature=0 4 3 6 3 7 6 6 3 3 2 3 6 1
split_gain=357.223 440.584 506.996 753.121 788.756 592.88 660.356 372.63 416.769 315.754 298.372 256.843 141.163 56.775
threshold=5.1819645000000003 0.37660416650000006 12.506041665000003 12.769000000000002 13.707083335000002 0.33379414889141251 8.9350000000000005 6.4475000000000007 8.2643750000000029 13.657083335000001 13.347708335000002 7.8425000000000002 14.164500000000002 44.354166670000005
decision_type=2 2 2 2 2 2 2 2 2 2 2 2 2 2
left_child=13 7 5 4 -4 10 -7 -2 11 -10 -3 -9 -5 -1
right_child=1 2 3 12 -6 6 -8 8 9 -11 -12 -13 -14 -15
leaf_value=-0.011476376408338547 -0.039767833940233248 -0.0090906615482207204 0.035552802237611245 0.002748779441874761 -0.0051454317614887703 0.017580119037638176 -0.0064728551305629116 -0.0044566893046721822 -0.0047153808742534586 -0.029852407939475158 0.014289354441962282 0.04246360168925354 -0.019600712893903256 -0.030781211898877073
leaf_weight=25 33 519 171 65 66 298 185 20 361 58 61 28 50 39
leaf_count=25 33 519 171 65 66 298 185 20 361 58 61 28 50 39
internal_value=-1.63146e-11 0.000776698 0.00362796 0.01403 0.0242191 0.000183438 0.00836728 -0.00729237 -0.00499753 -0.00819497 -0.00663173 0.0229135 -0.00696839 -0.0232403
internal_weight=1979 1915 1415 352 237 1063 483 500 467 419 580 48 115 64
internal_count=1979 1915 1415 352 237 1063 483 500 467 419 580 48 115 64
is_linear=0
shrinkage=0.01


Tree=221
num_leaves=14
num_cat=0
split_feature=0 4 3 5 7 7 6 6 2 4 5 2 1
split_gain=350.114 431.816 496.907 743.695 710.24 581.082 647.215 365.215 411.927 642.474 534.109 292.435 55.6451
threshold=5.1819645000000003 0.37660416650000006 12.506041665000003 0.40514583350000005 0.2672282004597602 0.33379414889141251 8.9350000000000005 6.4475000000000007 13.109166670000002 0.3623958335000001 0.38389583350000006 13.347708335000002 44.354166670000005
decision_type=2 2 2 2 2 2 2 2 2 2 2 2 2
left_child=12 7 5 4 -4 11 -7 -2 9 -9 -10 -3 -1
right_child=1 2 3 -5 -6 6 -8 8 10 -11 -12 -13 -14
leaf_value=-0.011361612609028817 -0.039370156056953202 -0.0089997547902866681 0.017008942270637296 0.065359027477411125 -0.020373118366040881 0.01740431795334256 -0.00640812675779484 0.033267012451027263 0.0053367943703284803 -0.0065350915831013405 -0.022987421701282429 0.014146461130776366 -0.030473399651356235
leaf_weight=25 33 519 263 26 63 298 185 61 106 121 179 61 39
leaf_count=25 33 519 263 26 63 298 185 61 106 121 179 61 39
internal_value=5.681e-11 0.000768931 0.00359168 0.0138897 0.0097848 0.000181604 0.00828361 -0.00721944 -0.00494755 0.00680517 -0.0124528 -0.00656541 -0.0230079
internal_weight=1979 1915 1415 352 326 1063 483 500 467 182 285 580 64
internal_count=1979 1915 1415 352 326 1063 483 500 467 182 285 580 64
is_linear=0
shrinkage=0.01


Tree=222
num_leaves=15
num_cat=0
split_feature=4 3 5 7 6 7 3 7 2 3 4 2 5 3
split_gain=343.261 605.41 727.439 698.232 541.071 390.889 678.772 1241.5 372.807 366.696 358.845 751.606 497.329 345.287
threshold=0.37552083350000004 12.506041665000003 0.40514583350000005 0.2672282004597602 14.164500000000002 -0.095842103007655763 7.3018750000000008 0.55191596924288688 13.347708335000002 7.8674999250000015 0.36125000000000007 13.032083335000001 0.38312500000000005 5.9883333330000008
decision_type=2 2 2 2 2 2 2 2 2 2 2 2 2 2
left_child=10 5 3 4 -3 8 13 -8 9 -2 11 -1 -12 -7
right_child=1 2 -4 -5 -6 6 7 -9 -10 -11 12 -13 -14 -15
leaf_value=0.033795320220025522 -0.00288708522386178 0.022442372465546687 0.064705437146700351 -0.020169387301282277 -0.01976149093146835 0.023354818597435951 0.059181757930151006 0.0049738422034388526 0.014473670027368973 -0.022174488796777015 0.017473170429468155 -0.008840981473368181 -0.020755746388448432 -0.015452520693316287
leaf_weight=56 211 230 26 63 35 26 47 418 62 185 40 158 228 194
leaf_count=56 211 230 26 63 35 26 47 418 62 185 40 158 228 194
internal_value=7.72729e-12 0.00236321 0.0137903 0.00975434 0.0168683 -0.00117589 0.00360591 0.0104529 -0.0083277 -0.0118976 -0.00733967 0.00231618 -0.0150499 -0.0108662
internal_weight=1979 1497 354 328 265 1143 685 465 458 396 482 214 268 220
internal_count=1979 1497 354 328 265 1143 685 465 458 396 482 214 268 220
is_linear=0
shrinkage=0.01


Tree=223
num_leaves=15
num_cat=0
split_feature=0 4 3 6 3 7 5 6 3 3 2 3 6 1
split_gain=341.378 415.142 476.694 724.137 769.727 562.448 631.737 355.473 408.845 309.377 283.274 249.544 133.547 54.1303
threshold=5.1819645000000003 0.37660416650000006 12.506041665000003 12.769000000000002 13.707083335000002 0.31729257441605191 0.42206250000000006 6.4475000000000007 8.2643750000000029 13.657083335000001 13.347708335000002 7.8425000000000002 14.164500000000002 44.354166670000005
decision_type=2 2 2 2 2 2 2 2 2 2 2 2 2 2
left_child=13 7 5 4 -4 10 -7 -2 11 -10 -3 -9 -5 -1
right_child=1 2 3 12 -6 6 -8 8 9 -11 -12 -13 -14 -15
leaf_value=-0.011232370641827583 -0.038792362529220005 -0.0089321616601474325 0.034800648406714374 0.0024744593817740681 -0.0054036487887303029 0.012854781345969225 -0.019045348853281099 -0.0041660167891532183 -0.0045545866889001967 -0.02943647766678498 0.013860259302357425 0.042082778577293666 -0.019263810438662769 -0.030082228107330126
leaf_weight=25 33 514 171 65 66 415 73 20 361 58 61 28 50 39
leaf_count=25 33 514 171 65 66 415 73 20 361 58 61 28 50 39
internal_value=-1.25766e-10 0.000759277 0.00352699 0.0136134 0.0236045 0.000186988 0.00808284 -0.00707334 -0.00483196 -0.00799886 -0.00651418 0.0228124 -0.00697696 -0.022719
internal_weight=1979 1915 1415 352 237 1063 488 500 467 419 575 48 115 64
internal_count=1979 1915 1415 352 237 1063 488 500 467 419 575 48 115 64
is_linear=0
shrinkage=0.01


Tree=224
num_leaves=15
num_cat=0
split_feature=0 2 3 4 7 3 2 5 5 7 4 1 6 6
split_gain=336.341 473.655 538.536 636.138 817.291 465.5 284.458 247.838 234.324 234.203 228.149 269.641 249.291 154.248
threshold=16.862947500000004 13.847708335000002 13.845625000000002 0.3623958335000001 -0.25881904510252068 13.657083335000001 14.263333335000002 0.3800416665000001 0.38522916650000005 -0.8910065241883679 0.37814583350000003 275.00000000000006 14.164500000000002 10.537000000000001
decision_type=2 2 2 2 2 2 2 2 2 2 2 2 2 2
left_child=1 2 3 9 -5 6 -3 -2 -7 -1 11 13 -12 -9
right_child=7 5 -4 4 -6 8 -8 10 -10 -11 12 -13 -14 -15
leaf_value=0.0050691242578128973 0.010989227246572362 0.063586624518588736 -0.041836708361903834 -0.010138805788594567 0.0053433479513705804 -0.016680101628814427 0.021361896044168716 -0.017530955022124397 0.019414263126012441 0.043604628887513409 0.0087951226928271349 0.0081211970288019922 -0.031652007132768632 -0.039483376147977089
leaf_weight=24 47 27 30 546 908 35 39 73 37 46 64 26 20 57
leaf_count=24 47 27 30 546 908 35 39 73 37 46 64 26 20 57
internal_value=-9.20675e-12 0.00169788 0.000121199 0.000947142 -0.000470446 0.0194527 0.0386356 -0.0100098 0.00186839 0.0303925 -0.0141221 -0.0212767 -0.000835146 -0.0271562
internal_weight=1979 1692 1554 1524 1454 138 66 287 72 70 240 156 84 130
internal_count=1979 1692 1554 1524 1454 138 66 287 72 70 240 156 84 130
is_linear=0
shrinkage=0.01


Tree=225
num_leaves=15
num_cat=0
split_feature=0 4 3 5 7 7 6 4 2 5 5 3 5 2
split_gain=336.176 401.701 474.689 707.119 682.999 547.164 641.173 346.185 721.935 483.973 295.974 283.722 130.666 102.041
threshold=5.1819645000000003 0.37552083350000004 12.506041665000003 0.40514583350000005 0.28400453026986811 0.33379414889141251 8.9350000000000005 0.36125000000000007 13.032083335000001 0.38312500000000005 0.38993750000000005 11.162291670000002 0.37785416650000009 12.257083335000003
decision_type=2 2 2 2 2 2 2 2 2 2 2 2 2 2
left_child=-1 7 5 4 -4 10 -7 8 13 -9 -3 -11 -10 -2
right_child=1 2 3 -5 -6 6 -8 9 12 11 -12 -13 -14 -15
leaf_value=-0.022545246097142809 0.047181644064408765 0.01580394179560244 0.016376131400605488 0.063656943073639505 -0.020711262144881195 0.017101479879886711 -0.0065995440239439143 0.017366755746304991 0.0091047694455042034 -0.014357374112784736 -0.0085444454054559912 -0.041126998312333053 -0.013266908676326275 0.020166950667726585
leaf_weight=64 27 55 267 26 61 298 185 40 33 177 541 51 125 29
leaf_count=64 27 55 267 26 61 298 185 40 33 177 541 51 125 29
internal_value=-3.98036e-11 0.00075347 0.00340971 0.013458 0.00947878 0.000113065 0.00802345 -0.00714361 0.00234037 -0.0147166 -0.00629753 -0.0203453 -0.00859434 0.0331919
internal_weight=1979 1915 1433 354 328 1079 483 482 214 268 596 228 158 56
internal_count=1979 1915 1433 354 328 1079 483 482 214 268 596 228 158 56
is_linear=0
shrinkage=0.01


Tree=226
num_leaves=15
num_cat=0
split_feature=0 4 3 3 6 7 5 0 5 7 4 2 7 4
split_gain=329.486 394.27 475.433 726.7 1020.09 481.269 650.85 361.01 199.661 550.255 358.657 529.247 459.939 276.764
threshold=5.1819645000000003 0.39447916650000009 12.978958335000003 13.816458335000002 11.993500000000003 0.33379414889141251 0.42206250000000006 15.953489500000002 0.38422916650000005 -0.58068084432175959 0.35593750000000007 13.032083335000001 -0.20791169081775943 0.35593750000000007
decision_type=2 2 2 2 2 2 2 2 2 2 2 2 2 2
left_child=-1 8 5 4 -4 7 -7 -3 9 13 11 -10 -12 -2
right_child=1 2 3 -5 -6 6 -8 -9 10 -11 12 -13 -14 -15
leaf_value=-0.022319793503265829 -0.00091674228401287736 -0.01036189750659541 0.054374501115083698 -0.031406634838684749 0.00024969173890825074 0.013332237834671894 -0.019046876626471951 0.021519259724300355 0.03906060487304519 -0.024530506781524134 -0.013530190843633397 -0.0073986871577188616 0.0063384727440088211 0.031036366000771524
leaf_weight=64 46 317 75 23 65 415 73 40 41 42 499 61 152 66
leaf_count=64 46 317 75 23 65 415 73 40 41 42 499 61 152 66
internal_value=-8.26084e-12 0.000745936 0.00505007 0.0206869 0.0292451 0.00203373 0.00848864 -0.00678978 -0.00403749 0.00633733 -0.0061593 0.0112761 -0.00889112 0.0179128
internal_weight=1979 1915 1008 163 140 845 488 357 907 154 753 102 651 112
internal_count=1979 1915 1008 163 140 845 488 357 907 154 753 102 651 112
is_linear=0
shrinkage=0.01


Tree=227
num_leaves=15
num_cat=0
split_feature=0 4 3 6 3 7 6 6 3 3 2 3 6 1
split_gain=322.93 389.184 446.477 692.268 733.829 521.889 621.072 344.927 400.107 293.881 273.123 242.669 125.822 53.0532
threshold=5.1819645000000003 0.37660416650000006 12.506041665000003 12.769000000000002 13.707083335000002 0.31729257441605191 8.9350000000000005 6.4475000000000007 8.2643750000000029 13.657083335000001 13.347708335000002 7.8425000000000002 14.164500000000002 44.354166670000005
decision_type=2 2 2 2 2 2 2 2 2 2 2 2 2 2
left_child=13 7 5 4 -4 10 -7 -2 11 -10 -3 -9 -5 -1
right_child=1 2 3 12 -6 6 -8 8 9 -11 -12 -13 -14 -15
leaf_value=-0.010724829953908921 -0.038090283950847209 -0.0086434397182802419 0.033880482796165678 0.0022215459775448278 -0.0053751154176213522 0.016606742552367867 -0.0066459663643224825 -0.0038942157346755269 -0.004413393879144187 -0.028664137785290849 0.013736887918021837 0.041712998992630416 -0.01887859535124153 -0.029386188907501026
leaf_weight=25 33 514 171 65 66 303 185 20 361 58 61 28 50 39
leaf_count=25 33 514 171 65 66 303 185 20 361 58 61 28 50 39
internal_value=7.0211e-12 0.000738476 0.00341826 0.0131798 0.0229485 0.000185853 0.00779168 -0.00684531 -0.00463742 -0.0077703 -0.00626918 0.02271 -0.00695243 -0.0220966
internal_weight=1979 1915 1415 352 237 1063 488 500 467 419 575 48 115 64
internal_count=1979 1915 1415 352 237 1063 488 500 467 419 575 48 115 64
is_linear=0
shrinkage=0.01


Tree=228
num_leaves=15
num_cat=0
split_feature=0 2 3 4 7 3 2 5 7 5 4 1 6 6
split_gain=320.596 454.714 522.869 607.684 766.961 440.068 279.772 239.528 224.513 223.71 211.733 260.608 238.772 149.243
threshold=16.862947500000004 13.847708335000002 13.845625000000002 0.3623958335000001 -0.25881904510252068 13.657083335000001 14.263333335000002 0.3800416665000001 -0.8910065241883679 0.38522916650000005 0.37814583350000003 275.00000000000006 14.164500000000002 10.537000000000001
decision_type=2 2 2 2 2 2 2 2 2 2 2 2 2 2
left_child=1 2 3 8 -5 6 -3 -2 -1 -7 11 13 -12 -9
right_child=7 5 -4 4 -6 9 -8 10 -10 -11 12 -13 -14 -15
leaf_value=0.0049120413279160856 0.010871284137222362 0.062450032123812928 -0.04123023265600205 -0.0098247871480817359 0.0051730812483288691 -0.016166916659900121 0.020574548299878072 -0.01702019852394723 0.042641869679741234 0.019100556591072598 0.0084094333812208787 0.0081934007300207244 -0.031175160437822341 -0.038613571064105554
leaf_weight=24 47 27 30 546 908 35 39 73 46 37 64 26 20 57
leaf_count=24 47 27 30 546 908 35 39 73 46 37 64 26 20 57
internal_value=1.41834e-11 0.00165766 0.000112826 0.000926666 -0.000458856 0.0190539 0.0377054 -0.00977271 0.0297059 0.00195665 -0.0138155 -0.0207078 -0.00101547 -0.0264881
internal_weight=1979 1692 1554 1524 1454 138 66 287 70 72 240 156 84 130
internal_count=1979 1692 1554 1524 1454 138 66 287 70 72 240 156 84 130
is_linear=0
shrinkage=0.01


Tree=229
num_leaves=15
num_cat=0
split_feature=0 4 3 5 7 7 6 4 2 5 5 3 5 2
split_gain=318.002 376.843 444.848 681.307 666.707 507.778 618.819 330.687 682.744 463.307 288.698 270.777 124.632 95.8203
threshold=5.1819645000000003 0.37552083350000004 12.506041665000003 0.40514583350000005 0.2672282004597602 0.33379414889141251 8.9350000000000005 0.36125000000000007 13.032083335000001 0.38312500000000005 0.38993750000000005 11.162291670000002 0.37785416650000009 12.257083335000003
decision_type=2 2 2 2 2 2 2 2 2 2 2 2 2 2
left_child=-1 7 5 4 -4 10 -7 8 13 -9 -3 -11 -10 -2
right_child=1 2 3 -5 -6 6 -8 9 12 11 -12 -13 -14 -15
leaf_value=-0.021927360374247657 0.045912345912721426 0.015766776049213314 0.016078462076355826 0.06230708910868718 -0.020113435608652672 0.016652960302183193 -0.0066312376973596777 0.017073332980275153 0.0090050834315744312 -0.013975042046092472 -0.0082804717270888971 -0.040126833196948555 -0.012843918662592768 0.019734015248651648
leaf_weight=64 27 55 265 26 63 298 185 40 33 177 541 51 125 29
leaf_count=64 27 55 265 26 63 298 185 40 33 177 541 51 125 29
internal_value=1.03256e-11 0.00073282 0.00330556 0.0130329 0.00912697 0.000114217 0.00773458 -0.00691602 0.00235326 -0.0143176 -0.00606135 -0.0198248 -0.00828052 0.0323557
internal_weight=1979 1915 1433 354 328 1079 483 482 214 268 596 228 158 56
internal_count=1979 1915 1433 354 328 1079 483 482 214 268 596 228 158 56
is_linear=0
shrinkage=0.01


Tree=230
num_leaves=15
num_cat=0
split_feature=0 4 3 5 7 7 3 2 4 2 5 3 5 2
split_gain=311.674 369.344 435.996 667.749 653.617 497.932 603.119 343.67 324.107 669.158 454.087 265.388 122.152 93.9135
threshold=5.1819645000000003 0.37552083350000004 12.506041665000003 0.40514583350000005 0.28400453026986811 -0.095842103007655763 7.3018750000000008 13.347708335000002 0.36125000000000007 13.032083335000001 0.38312500000000005 11.162291670000002 0.37785416650000009 12.257083335000003
decision_type=2 2 2 2 2 2 2 2 2 2 2 2 2 2
left_child=-1 8 5 4 -4 7 -7 -3 9 13 -10 -12 -11 -2
right_child=1 2 3 -5 -6 6 -8 -9 10 12 11 -13 -14 -15
leaf_value=-0.021708086797152647 0.045453223144566568 -0.011224694709067768 0.015783063032374846 0.061684018465188839 -0.020497839581832045 -0.0091240510504232136 0.012391184856665545 0.014095087516452037 0.016902599349617957 0.0089150324542865613 -0.013835291634708391 -0.039725564729933646 -0.012715479692220689 0.019536675042954501
leaf_weight=64 27 396 267 26 61 186 435 62 40 33 177 51 125 29
leaf_count=64 27 396 267 26 61 186 435 62 40 33 177 51 125 29
internal_value=2.16054e-11 0.000725492 0.00327251 0.0129025 0.0090357 0.000113075 0.00594701 -0.00779713 -0.00684686 0.00232973 -0.0141744 -0.0196265 -0.00819771 0.0320322
internal_weight=1979 1915 1433 354 328 1079 621 458 482 214 268 228 158 56
internal_count=1979 1915 1433 354 328 1079 621 458 482 214 268 228 158 56
is_linear=0
shrinkage=0.01


Tree=231
num_leaves=15
num_cat=0
split_feature=0 2 3 4 7 3 2 5 7 5 4 1 6 6
split_gain=307.79 434.895 517.734 578.082 729.644 427.579 274.587 229.916 215.276 214.997 193.505 251.62 234.4 143.325
threshold=16.862947500000004 13.847708335000002 13.845625000000002 0.3623958335000001 -0.25881904510252068 13.657083335000001 14.263333335000002 0.3800416665000001 -0.8910065241883679 0.38522916650000005 0.37814583350000003 275.00000000000006 14.164500000000002 10.537000000000001
decision_type=2 2 2 2 2 2 2 2 2 2 2 2 2 2
left_child=1 2 3 8 -5 6 -3 -2 -1 -7 11 13 -12 -9
right_child=7 5 -4 4 -6 9 -8 10 -10 -11 12 -13 -14 -15
leaf_value=0.00471426476414005 0.010649998138876671 0.061536315028314234 -0.041026154597600305 -0.0095633359988486141 0.0050651216875589435 -0.015982912038053784 0.020050670510659424 -0.016526830372438853 0.041659862126993102 0.018590935714341499 0.0080385359370848172 0.008273126328220734 -0.031182023674249649 -0.037687686966045908
leaf_weight=24 47 27 30 546 908 35 39 73 46 37 64 26 20 57
leaf_count=24 47 27 30 546 908 35 39 73 46 37 64 26 20 57
internal_value=8.21672e-12 0.00162422 0.000113424 0.000923258 -0.000428096 0.0186371 0.0370221 -0.00957554 0.0289928 0.0017842 -0.0135364 -0.0201254 -0.00129969 -0.0258051
internal_weight=1979 1692 1554 1524 1454 138 66 287 70 72 240 156 84 130
internal_count=1979 1692 1554 1524 1454 138 66 287 70 72 240 156 84 130
is_linear=0
shrinkage=0.01


Tree=232
num_leaves=15
num_cat=0
split_feature=0 4 3 5 7 7 3 5 4 2 5 3 2 2
split_gain=306.913 357.593 423.571 654.594 639.715 479.49 591.117 340.058 312.596 645.35 441.734 255.772 117.794 89.9071
threshold=5.1819645000000003 0.37552083350000004 12.506041665000003 0.40514583350000005 0.28400453026986811 -0.095842103007655763 7.3018750000000008 0.38993750000000005 0.36125000000000007 13.032083335000001 0.38312500000000005 11.162291670000002 14.420625000000003 12.257083335000003
decision_type=2 2 2 2 2 2 2 2 2 2 2 2 2 2
left_child=-1 8 5 4 -4 7 -7 -3 9 13 -10 -12 -11 -2
right_child=1 2 3 -5 -6 6 -8 -9 10 12 11 -13 -14 -15
leaf_value=-0.021541657160851175 0.044582091945189015 0.01567434064502066 0.015564578510820866 0.061016527322622444 -0.020328400363443327 -0.009083461751510459 0.012216621724695995 -0.010833580880691633 0.016724152237176895 -0.01786356403019981 -0.013619338884991779 -0.039036240104366751 -0.00045469752439622127 0.019224370155355025
leaf_weight=64 27 55 267 26 61 186 435 403 40 69 177 51 89 29
leaf_count=64 27 55 267 26 61 186 435 403 40 69 177 51 89 29
internal_value=-1.10545e-11 0.00071993 0.0032261 0.0127179 0.00888936 0.000112013 0.00583689 -0.00765032 -0.00673099 0.00228116 -0.0139273 -0.0193047 -0.0080573 0.0314504
internal_weight=1979 1915 1433 354 328 1079 621 458 482 214 268 228 158 56
internal_count=1979 1915 1433 354 328 1079 621 458 482 214 268 228 158 56
is_linear=0
shrinkage=0.01


Tree=233
num_leaves=15
num_cat=0
split_feature=0 4 5 7 2 6 7 5 7 4 2 7 4 1
split_gain=300.805 350.949 458.627 397.062 625.769 470.16 329.862 187.024 511.326 328.867 529.592 436.626 270.483 51.9974
threshold=5.1819645000000003 0.39447916650000009 0.42297916650000006 -0.63605400036818815 13.347708335000002 9.1625000000000014 0.85260769842926909 0.38422916650000005 -0.59480013772226059 0.35691666650000003 13.032083335000001 -0.20791169081775943 0.35593750000000007 44.354166670000005
decision_type=2 2 2 2 2 2 2 2 2 2 2 2 2 2
left_child=13 7 3 4 -3 -5 -4 8 12 10 -9 -11 -2 -1
right_child=1 2 6 5 -6 -7 -8 9 -10 11 -12 -13 -14 -15
leaf_value=-0.01006819262802601 -0.00097396906141353689 -0.019323768856433721 -0.045146907170613607 0.01688415072730505 0.028871218586606639 0.0014362794217599184 -0.00052564782065314219 0.03805561245463434 -0.023035402329162111 -0.013126550754069391 -0.0073684302649009185 0.0062595053686221184 0.030714125520907912 -0.028542938194213767
leaf_weight=25 46 117 30 408 35 381 37 42 43 493 66 152 65 39
leaf_count=25 46 117 30 408 35 381 37 42 43 493 66 152 65 39
internal_value=-1.88138e-11 0.000712731 0.00477352 0.0065734 -0.00822624 0.00942453 -0.0205053 -0.00380026 0.00624087 -0.00585382 0.0102965 -0.00855805 0.0175821 -0.0213262
internal_weight=1979 1915 1008 941 152 789 67 907 154 753 108 645 111 64
internal_count=1979 1915 1008 941 152 789 67 907 154 753 108 645 111 64
is_linear=0
shrinkage=0.01


Tree=234
num_leaves=15
num_cat=0
split_feature=0 3 2 5 5 7 5 3 5 5 4 3 5 5
split_gain=294.925 422.131 330.661 1624.04 1324.42 1165.57 1033.9 430.865 249.783 435.381 314.886 222.321 228.132 222.035
threshold=16.862947500000004 7.3018750000000008 7.9904166795000009 0.41193750000000001 0.40895833350000005 0.56638466991089664 0.40160416650000003 11.313333335000001 0.40968750000000004 0.40550000000000003 0.38689583350000006 6.4581250000000008 0.42135416650000007 0.3800416665000001
decision_type=2 2 2 2 2 2 2 2 2 2 2 2 2 2
left_child=1 8 4 6 -3 -6 -4 -5 9 -1 -11 -10 -13 -2
right_child=13 2 3 7 5 -7 -8 -9 11 10 -12 12 -14 -15
leaf_value=-0.017936516496759484 0.010502614602446557 0.054277033138842815 0.0063040485832596979 0.020619888739152388 0.074310159229096909 -0.0035170710977652799 -0.015605401282863958 0.06971608070226816 -0.036627593393388551 -0.014918649622372217 0.024045413091778753 -0.0057697484072796101 -0.040153882395137439 -0.013265653689314301
leaf_weight=71 47 63 560 33 21 230 350 39 38 28 80 157 22 240
leaf_count=71 47 63 560 33 21 230 350 39 38 28 80 157 22 240
internal_value=1.94121e-11 0.00158991 0.00435093 0.00149466 0.0132836 0.00299437 -0.00212266 0.0472137 -0.00744613 0.00129843 0.0139436 -0.0146594 -0.00999573 -0.00937329
internal_weight=1979 1692 1296 982 314 251 910 72 396 179 108 217 179 287
internal_count=1979 1692 1296 982 314 251 910 72 396 179 108 217 179 287
is_linear=0
shrinkage=0.01


Tree=235
num_leaves=15
num_cat=0
split_feature=0 4 3 6 3 7 6 4 2 5 5 3 4 1
split_gain=292.74 339.113 420.837 636.244 877.933 450.359 584.966 302.334 619.456 423.293 278.987 248.708 224.494 116.88
threshold=5.0490095000000013 0.37552083350000004 12.506041665000003 11.993500000000003 13.703958335000001 0.31729257441605191 8.8500000000000032 0.36125000000000007 13.032083335000001 0.38312500000000005 0.38993750000000005 11.162291670000002 0.41018750000000004 278.91666665000008
decision_type=2 2 2 2 2 2 2 2 2 2 2 2 2 2
left_child=-1 7 5 4 -4 10 -7 8 -2 -9 -3 -11 -5 -10
right_child=1 2 3 12 -6 6 -8 9 13 11 -12 -13 -14 -15
leaf_value=-0.022537913221333708 0.030836479150291002 0.01556570052748165 0.042042859778578939 0.0042576583704983743 -0.0061709946500403548 0.015693748936167744 -0.006616075432005649 0.016323036432266236 -0.011144794214101831 -0.013339450813324777 -0.0080817373731005351 -0.038402889099191213 -0.026524490577035716 0.014722045350819826
leaf_weight=56 56 55 116 154 56 303 192 40 138 177 537 51 28 20
leaf_count=56 56 55 116 154 56 303 192 40 138 177 537 51 28 20
internal_value=4.0163e-12 0.00065633 0.00308503 0.0125548 0.0263453 1.04876e-06 0.00704024 -0.00660458 0.00225842 -0.0136817 -0.00588476 -0.0189457 -0.000478057 -0.00787051
internal_weight=1979 1923 1441 354 172 1087 495 482 214 268 592 228 182 158
internal_count=1979 1923 1441 354 172 1087 495 482 214 268 592 228 182 158
is_linear=0
shrinkage=0.01


Tree=236
num_leaves=15
num_cat=0
split_feature=0 4 3 6 3 7 3 2 6 3 3 6 5 0
split_gain=287.579 337.207 406.507 623.583 860.462 449.864 564.105 327.626 298.001 609.536 301.193 222.011 100.988 117.024
threshold=5.1819645000000003 0.37552083350000004 12.506041665000003 11.993500000000003 13.703958335000001 -0.095842103007655763 7.3018750000000008 13.347708335000002 7.2010000000000014 8.3018750000000008 13.657083335000001 14.164500000000002 0.40302083350000006 13.759023000000001
decision_type=2 2 2 2 2 2 2 2 2 2 2 2 2 2
left_child=-1 8 5 4 -4 7 -7 -3 12 -10 -11 -5 13 -2
right_child=1 2 3 11 -6 6 -8 -9 9 10 -12 -13 -14 -15
leaf_value=-0.020852120912168176 -0.0052970136956057767 -0.010785457339758676 0.041622431252537111 0.0063242332307466625 -0.006109284375395093 -0.0089504077359633411 0.011857312130506267 0.013936265781521797 0.043728702493871632 -0.0025725516797552327 -0.027511433936786234 -0.018418701121211051 -0.041590022885551053 -0.035952167451381682
leaf_weight=64 33 396 116 132 56 186 435 62 26 322 57 50 24 20
leaf_count=64 33 396 116 132 56 186 435 62 26 322 57 50 24 20
internal_value=-2.96063e-11 0.000696885 0.00313057 0.0124292 0.0260819 7.98539e-05 0.00562505 -0.00743885 -0.00653853 -0.00311004 -0.00632325 -0.000473276 -0.0245715 -0.016865
internal_weight=1979 1915 1433 354 172 1079 621 458 482 405 379 182 77 53
internal_count=1979 1915 1433 354 172 1079 621 458 482 405 379 182 77 53
is_linear=0
shrinkage=0.01


Tree=237
num_leaves=15
num_cat=0
split_feature=0 2 3 4 7 3 2 5 7 5 4 1 6 6
split_gain=284.489 417.433 506.482 542.628 663.679 403.728 269.186 219.448 205.619 204.088 175.173 238.088 223.624 137.13
threshold=16.862947500000004 13.847708335000002 13.845625000000002 0.3623958335000001 -0.25881904510252068 13.657083335000001 14.263333335000002 0.3800416665000001 -0.8910065241883679 0.38522916650000005 0.37814583350000003 275.00000000000006 14.164500000000002 10.537000000000001
decision_type=2 2 2 2 2 2 2 2 2 2 2 2 2 2
left_child=1 2 3 8 -5 6 -3 -2 -1 -7 11 13 -12 -9
right_child=7 5 -4 4 -6 9 -8 10 -10 -11 12 -13 -14 -15
leaf_value=0.004349791500717402 0.010553773122423506 0.060366174064024732 -0.040608677198489512 -0.0091394087179792506 0.0048121241024726875 -0.015457232185772487 0.019290540827772557 -0.015794042514171453 0.040457209439381303 0.018228052343065675 0.0076880879141390324 0.008279628124661171 -0.030620317012071609 -0.036492530708773091
leaf_weight=24 47 27 30 546 908 35 39 73 46 37 64 26 20 57
leaf_count=24 47 27 30 546 908 35 39 73 46 37 64 26 20 57
internal_value=2.11368e-11 0.00156153 8.13757e-05 0.000882361 -0.000426897 0.0182294 0.0360942 -0.00920596 0.0280775 0.00185326 -0.0130756 -0.0193447 -0.00143296 -0.0248695
internal_weight=1979 1692 1554 1524 1454 138 66 287 70 72 240 156 84 130
internal_count=1979 1692 1554 1524 1454 138 66 287 70 72 240 156 84 130
is_linear=0
shrinkage=0.01


Tree=238
num_leaves=15
num_cat=0
split_feature=0 4 3 5 7 7 3 5 6 3 3 5 0 1
split_gain=283.172 326.516 394.95 613.276 622.696 433.18 552.879 324.066 291.721 594.177 293.187 98.5575 114.544 50.8008
threshold=5.1819645000000003 0.37552083350000004 12.506041665000003 0.40514583350000005 0.28400453026986811 -0.095842103007655763 7.3018750000000008 0.38993750000000005 7.2010000000000014 8.3018750000000008 11.717500000000003 0.40302083350000006 13.759023000000001 44.354166670000005
decision_type=2 2 2 2 2 2 2 2 2 2 2 2 2 2
left_child=13 8 5 4 -4 7 -7 -3 11 -10 -11 12 -2 -1
right_child=1 2 3 -5 -6 6 -8 -9 9 10 -12 -13 -14 -15
leaf_value=-0.0095639633357524866 -0.0052123023850744535 0.015470906784165312 0.01513192461050126 0.05900129405351786 -0.020280396614651211 -0.0089090248215342727 0.011690617940891749 -0.010406191558126481 0.043208740915243446 0.001473097255366833 -0.016279039135793361 -0.041082728582744796 -0.035540866255760195 -0.027824898270460276
leaf_weight=25 33 55 267 26 61 186 435 403 26 215 164 24 20 39
leaf_count=25 33 55 267 26 61 186 435 403 26 215 164 24 20 39
internal_value=1.78211e-11 0.000691525 0.00308632 0.0122518 0.0085461 7.92816e-05 0.00552068 -0.00729868 -0.00642827 -0.0030361 -0.00620857 -0.0242702 -0.016657 -0.0206917
internal_weight=1979 1915 1433 354 328 1079 621 458 482 405 379 77 53 64
internal_count=1979 1915 1433 354 328 1079 621 458 482 405 379 77 53 64
is_linear=0
shrinkage=0.01


Tree=239
num_leaves=15
num_cat=0
split_feature=0 0 2 3 4 3 2 5 5 4 1 6 4 4
split_gain=277.556 319.003 366.657 519.023 496.788 394.356 264.113 217.892 198.201 167.623 232.125 219.444 75.0616 20.8932
threshold=5.0490095000000013 16.862947500000004 13.847708335000002 13.845625000000002 0.3623958335000001 13.657083335000001 14.263333335000002 0.3800416665000001 0.38522916650000005 0.37814583350000003 275.00000000000006 14.164500000000002 0.33835416650000011 0.40685416650000006
decision_type=2 2 2 2 2 2 2 2 2 2 2 2 2 2
left_child=13 2 3 4 -2 6 -4 12 -7 10 -9 -11 -3 -1
right_child=1 7 5 -5 -6 8 -8 9 -10 11 -12 -13 -14 -15
leaf_value=-0.026676959225109646 0.027746804735490255 -0.0040790628045797349 0.059640886492475315 -0.040267480214436845 0.00044785378760297135 -0.015301411637238095 0.018954196726568999 -0.024528844803858262 0.017894452995545155 0.0074832470522960652 0.0082025842139354117 -0.030465432792901991 0.021480938718412765 -0.014060067037741344
leaf_weight=35 70 20 27 30 1398 35 39 130 37 64 26 20 27 21
leaf_count=35 70 20 27 30 1398 35 39 130 37 64 26 20 27 21
internal_value=5.58205e-11 0.000639082 0.002345 0.000908112 0.00174957 0.0179425 0.0355988 -0.00908522 0.00175757 -0.0129411 -0.0190736 -0.00155215 0.0106043 -0.0219456
internal_weight=1979 1923 1636 1498 1468 138 66 287 72 240 156 84 47 56
internal_count=1979 1923 1636 1498 1468 138 66 287 72 240 156 84 47 56
is_linear=0
shrinkage=0.01


Tree=240
num_leaves=15
num_cat=0
split_feature=0 4 5 7 7 2 3 4 2 5 3 2 2 1
split_gain=272.373 318.18 388.796 317.091 311.005 792.089 554.67 288.76 580.745 409.01 232.17 112.92 82.8234 49.6746
threshold=5.1819645000000003 0.37552083350000004 0.42297916650000006 0.85260769842926909 -0.25881904510252068 13.347708335000002 7.2706250000000008 0.36125000000000007 13.032083335000001 0.38312500000000005 11.162291670000002 14.420625000000003 12.257083335000003 44.354166670000005
decision_type=2 2 2 2 2 2 2 2 2 2 2 2 2 2
left_child=13 7 4 -4 5 -3 -6 8 12 -9 -11 -10 -2 -1
right_child=1 2 3 -5 6 -7 -8 9 11 10 -12 -13 -14 -15
leaf_value=-0.0092896181046962737 0.042586095509705719 -0.011036041264293875 -0.044637019157409669 -0.00088802880532032737 -0.0061692651730085825 0.013508188715291636 0.012921699403484942 0.016227655313909052 -0.017096955819406373 -0.013024308849231335 -0.037240114102468774 -5.2051871094141115e-05 0.018247822212248015 -0.027347006522692167
leaf_weight=25 27 341 30 37 203 214 608 40 69 177 51 89 29 39
leaf_count=25 27 341 30 37 203 214 608 40 69 177 51 89 29 39
internal_value=-2.24901e-11 0.000678211 0.00304224 -0.0204771 0.00419582 -0.00157214 0.00814307 -0.00635011 0.00231163 -0.0132666 -0.018441 -0.00749571 0.0299823 -0.0202933
internal_weight=1979 1915 1433 67 1366 555 811 482 214 268 228 158 56 64
internal_count=1979 1915 1433 67 1366 555 811 482 214 268 228 158 56 64
is_linear=0
shrinkage=0.01


Tree=241
num_leaves=15
num_cat=0
split_feature=0 2 3 4 7 3 2 5 7 5 4 1 6 6
split_gain=269.051 392.107 490.774 511.884 630.51 384.63 258.953 212.448 198.674 192.326 158.976 225.586 215.121 131.574
threshold=16.862947500000004 13.847708335000002 13.845625000000002 0.3623958335000001 -0.25881904510252068 13.657083335000001 14.263333335000002 0.3800416665000001 -0.8910065241883679 0.38522916650000005 0.37814583350000003 275.00000000000006 14.164500000000002 10.537000000000001
decision_type=2 2 2 2 2 2 2 2 2 2 2 2 2 2
left_child=1 2 3 8 -5 6 -3 -2 -1 -7 11 13 -12 -9
right_child=7 5 -4 4 -6 9 -8 10 -10 -11 12 -13 -14 -15
leaf_value=0.0039624620773368712 0.010489332349376474 0.058916201988855998 -0.039970111280679704 -0.0088911437130027426 0.0047072868598912257 -0.015115501897675649 0.018628875196744235 -0.015220428138767204 0.039454816019405488 0.0175847059931304 0.0072771674377145245 0.0081569036640799959 -0.030295860201120375 -0.035495311340741943
leaf_weight=24 47 27 30 546 908 35 39 73 46 37 64 26 20 57
leaf_count=24 47 27 30 546 908 35 39 73 46 37 64 26 20 57
internal_value=2.96287e-11 0.00151857 8.40214e-05 0.000872489 -0.000399139 0.0176729 0.0351101 -0.0089527 0.027286 0.00168877 -0.0127601 -0.0187323 -0.00166879 -0.0241102
internal_weight=1979 1692 1554 1524 1454 138 66 287 70 72 240 156 84 130
internal_count=1979 1692 1554 1524 1454 138 66 287 70 72 240 156 84 130
is_linear=0
shrinkage=0.01


Tree=242
num_leaves=14
num_cat=0
split_feature=0 4 5 7 7 2 6 6 3 7 5 0 1
split_gain=268.205 308.122 382.193 310.781 300.483 766.67 552.53 284.3 575.29 283.147 96.0858 111.719 48.6861
threshold=5.1819645000000003 0.37552083350000004 0.42297916650000006 0.85260769842926909 -0.25881904510252068 13.347708335000002 11.535000000000002 7.2010000000000014 8.3018750000000008 -0.6755644832106783 0.40302083350000006 13.759023000000001 44.354166670000005
decision_type=2 2 2 2 2 2 2 2 2 2 2 2 2
left_child=12 7 4 -4 5 -3 -6 10 -9 -10 11 -2 -1
right_child=1 2 3 -5 6 -7 -8 8 9 -11 -12 -13 -14
leaf_value=-0.0092437949001789085 -0.0050370454206836949 -0.01083724372453518 -0.044237721602121985 -0.0009262219957403235 0.011596249903376333 0.013309950142724561 -0.011043566067819484 0.042609322990935582 -0.0018303800608768623 -0.023864237243930497 -0.040457225311547516 -0.034989284634590154 -0.027120609359863476
leaf_weight=25 33 341 30 37 683 214 128 26 307 72 24 20 39
leaf_count=25 33 341 30 37 683 214 128 26 307 72 24 20 39
internal_value=-6.66138e-12 0.000673002 0.00299936 -0.0203194 0.00414311 -0.00152643 0.00802301 -0.00624334 -0.00289459 -0.00601623 -0.0238569 -0.0163398 -0.0201375
internal_weight=1979 1915 1433 67 1366 555 811 482 405 379 77 53 64
internal_count=1979 1915 1433 67 1366 555 811 482 405 379 77 53 64
is_linear=0
shrinkage=0.01


Tree=243
num_leaves=15
num_cat=0
split_feature=0 2 5 4 4 7 3 5 5 4 4 6 6 1
split_gain=263.986 381.806 473.672 688.1 434.962 653.56 622.652 466.701 209.706 188.45 164.797 285.795 210.883 137.415
threshold=16.862947500000004 13.538333335000003 0.40095833350000004 0.38587500000000002 0.3635208330000001 -0.23343647497176648 7.3018750000000008 0.38993750000000005 0.38172916700000004 0.36660416650000005 0.37814583350000003 10.843000000000002 14.164500000000002 278.91666665000008
decision_type=2 2 2 2 2 2 2 2 2 2 2 2 2 2
left_child=1 4 3 9 -1 7 -7 -6 -2 -3 11 13 -12 -10
right_child=8 2 -4 -5 5 6 -8 -9 10 -11 12 -13 -14 -15
leaf_value=0.022122381876361921 0.0088879954980479355 -0.021120775308873921 -0.02478098851663095 0.040313886497383829 0.01617018612395776 -0.0095701753977113051 0.0087605821154145298 -0.014233126943568569 -0.014837718313663371 0.010309852942824365 0.0070750692974070259 -0.03689278990030289 -0.030126001149415972 0.014792195994406938
leaf_weight=82 54 27 27 87 57 260 645 442 72 65 64 57 20 20
leaf_count=82 54 27 27 87 57 260 645 442 72 65 64 57 20 20
internal_value=-1.81394e-11 0.00150421 0.0142626 0.0201519 -0.000264452 -0.00157195 0.00349429 -0.0107602 -0.00886803 0.00108565 -0.0129832 -0.0192977 -0.00178233 -0.00839643
internal_weight=1979 1692 206 179 1486 1404 905 499 287 92 233 149 84 92
internal_count=1979 1692 206 179 1486 1404 905 499 287 92 233 149 84 92
is_linear=0
shrinkage=0.01


Tree=244
num_leaves=15
num_cat=0
split_feature=0 0 2 3 4 3 2 5 5 6 4 4 4 3
split_gain=262.839 298.16 340.159 503.781 462.764 369.602 251.944 205.629 185.393 150.789 178.684 136.31 73.819 20.3046
threshold=5.0490095000000013 16.862947500000004 13.847708335000002 13.845625000000002 0.3623958335000001 13.657083335000001 14.263333335000002 0.3800416665000001 0.38522916650000005 12.093000000000002 0.37814583350000003 0.37360416650000006 0.33835416650000011 7.3070833335000005
decision_type=2 2 2 2 2 2 2 2 2 2 2 2 2 2
left_child=13 2 3 4 -2 6 -4 12 -7 10 -9 -11 -3 -1
right_child=1 7 5 -5 -6 8 -8 9 -10 11 -12 -13 -14 -15
leaf_value=-0.015948423546168111 0.026807367624448877 -0.004213221246376634 0.057869322675245777 -0.039679307172695799 0.00045982185606804757 -0.01487287450688226 0.018130994185996362 -0.012443544647398115 0.017232558505760658 -0.040782428404380539 0.013260154859295914 -0.014152095690859776 0.021134344242789128 -0.028061097437143325
leaf_weight=31 70 20 27 30 1398 35 39 119 37 29 35 57 27 25
leaf_count=31 70 20 27 30 1398 35 39 119 37 29 35 57 27 25
internal_value=2.44913e-11 0.000621908 0.00227115 0.000887161 0.00171618 0.0172945 0.0343876 -0.00877935 0.00162575 -0.0125252 -0.00660179 -0.0231321 0.0103481 -0.0213559
internal_weight=1979 1923 1636 1498 1468 138 66 287 72 240 154 86 47 56
internal_count=1979 1923 1636 1498 1468 138 66 287 72 240 154 86 47 56
is_linear=0
shrinkage=0.01


Tree=245
num_leaves=11
num_cat=0
split_feature=0 5 7 6 3 5 7 4 3 1
split_gain=257.723 300.925 447.712 1316.68 800.939 627.768 303.036 288.353 244.095 47.5635
threshold=5.1819645000000003 0.42297916650000006 0.31729257441605191 9.1625000000000014 8.8331250000000008 0.41477083350000005 0.85260769842926909 0.41431250000000003 12.588333335000002 44.354166670000005
decision_type=2 2 2 2 2 2 2 2 2 2
left_child=9 2 7 5 -5 -4 -3 8 -2 -1
right_child=1 6 3 4 -6 -7 -8 -9 -10 -11
leaf_value=-0.0089726792097091675 -0.0036679441055392694 -0.043777563571929932 0.04040786331938219 0.039348693908222258 -0.015242321559661392 0.0099327603698721231 -0.0010091636470846229 -0.034578344157108892 0.005862611282190823 -0.026642191883845204
leaf_weight=25 942 30 129 31 202 142 37 26 376 39
leaf_count=25 942 30 129 31 202 142 37 26 376 39
internal_value=8.90027e-12 0.000659719 0.00141452 0.00945224 -0.00797914 0.0244394 -0.0201592 -0.00159963 -0.00094906 -0.01974
internal_weight=1979 1915 1848 504 233 271 67 1344 1318 64
internal_count=1979 1915 1848 504 233 271 67 1344 1318 64
is_linear=0
shrinkage=0.01


Tree=246
num_leaves=15
num_cat=0
split_feature=0 2 5 3 3 3 4 7 2 5 7 4 6 6
split_gain=254.196 367.128 464.973 670.843 493.452 426.909 489.589 709.111 301.447 201.591 200.44 157.858 278.081 205.324
threshold=16.862947500000004 13.538333335000003 0.40095833350000004 13.753958335000002 13.199791665000001 13.845625000000002 0.3623958335000001 -0.23343647497176648 14.362291670000003 0.38172916700000004 -0.8910065241883679 0.37814583350000003 10.843000000000002 14.164500000000002
decision_type=2 2 2 2 2 2 2 2 2 2 2 2 2 2
left_child=1 5 3 4 -3 6 10 -8 -5 -2 -1 12 -11 -13
right_child=9 2 -4 8 -6 -7 7 -9 -10 11 -12 13 -14 -15
leaf_value=0.0025557088851928711 0.0087070521367368873 0.020047299192501949 -0.024696581810712815 -0.01577403814162848 0.065794553917807502 -0.046147472411394122 -0.010392195109669711 0.0044407288663055938 0.026943616583012045 -0.0081637845131690093 0.03884484160939853 0.0069655966821301268 -0.036272929138258886 -0.029741846472024918
leaf_weight=23 54 65 27 53 37 20 504 894 24 92 45 64 57 20
leaf_count=23 54 65 27 53 37 20 504 894 24 92 45 64 57 20
internal_value=-2.66126e-11 0.00147605 0.0139868 0.0198218 0.0366419 -0.000258281 0.000367766 -0.000906763 -0.00245944 -0.00870203 0.0265706 -0.0127368 -0.0189169 -0.00177427
internal_weight=1979 1692 206 179 102 1486 1466 1398 77 287 68 233 149 84
internal_count=1979 1692 206 179 102 1486 1466 1398 77 287 68 233 149 84
is_linear=0
shrinkage=0.01


Tree=247
num_leaves=15
num_cat=0
split_feature=0 0 2 3 4 3 2 5 5 6 4 4 4 3
split_gain=253.903 287.163 324.249 485.873 445.526 354.389 244.008 197.58 180.184 155.18 174.486 161.082 102.468 20.078
threshold=5.0490095000000013 16.862947500000004 13.847708335000002 13.845625000000002 0.3623958335000001 13.657083335000001 14.263333335000002 0.38172916700000004 0.38522916650000005 12.093000000000002 0.37814583350000003 0.37360416650000006 0.33835416650000011 7.3070833335000005
decision_type=2 2 2 2 2 2 2 2 2 2 2 2 2 2
left_child=13 2 3 4 -2 6 -4 12 -7 10 -9 -11 -3 -1
right_child=1 7 5 -5 -6 8 -8 9 -10 11 -12 -13 -14 -15
leaf_value=-0.015612523416357656 0.026312131795500005 -0.0073724394809940585 0.056744197651191992 -0.038960394889116283 0.00045996502440193604 -0.014710466640336173 0.017636692889798911 -0.012477928645124561 0.016940689227367575 -0.043599052031834916 0.013048285557755402 -0.013947701234811623 0.020485326318490888 -0.027657421302795408
leaf_weight=31 70 23 27 30 1398 35 39 114 37 27 35 57 31 25
leaf_count=31 70 23 27 30 1398 35 39 114 37 27 35 57 31 25
internal_value=7.31552e-12 0.000611245 0.00222979 0.00087855 0.0016927 0.0168976 0.0336352 -0.00861501 0.00155471 -0.0126094 -0.00648184 -0.0234785 0.00861998 -0.0209897
internal_weight=1979 1923 1636 1498 1468 138 66 287 72 233 149 84 54 56
internal_count=1979 1923 1636 1498 1468 138 66 287 72 233 149 84 54 56
is_linear=0
shrinkage=0.01


Tree=248
num_leaves=11
num_cat=0
split_feature=0 5 7 6 3 5 7 4 3 1
split_gain=249.022 296.207 433.942 1290.17 784.871 615.275 297.006 281.519 237.85 46.8026
threshold=5.1819645000000003 0.42297916650000006 0.31729257441605191 9.1625000000000014 8.8331250000000008 0.41477083350000005 0.85260769842926909 0.41431250000000003 12.588333335000002 44.354166670000005
decision_type=2 2 2 2 2 2 2 2 2 2
left_child=9 2 7 5 -5 -4 -3 8 -2 -1
right_child=1 6 3 4 -6 -7 -8 -9 -10 -11
leaf_value=-0.0087230701237916951 -0.0036111496781708868 -0.043388795375823977 0.039954777085041818 0.038906199903257437 -0.015134449449211065 0.0097844258701087726 -0.0010480789558307544 -0.034155669785462896 0.0057966980406955037 -0.026250684811518741
leaf_weight=25 942 30 129 31 202 142 37 26 376 39
leaf_count=25 942 30 129 31 202 142 37 26 376 39
internal_value=-3.31257e-11 0.000648487 0.00139735 0.00931049 -0.00794449 0.024146 -0.0200066 -0.00157008 -0.000927272 -0.019404
internal_weight=1979 1915 1848 504 233 271 67 1344 1318 64
internal_count=1979 1915 1848 504 233 271 67 1344 1318 64
is_linear=0
shrinkage=0.01


Tree=249
num_leaves=15
num_cat=0
split_feature=0 5 7 7 3 7 5 4 5 3 6 5 2 6
split_gain=244.778 355.608 746.214 712.998 735.699 880.743 522.047 456.45 448.823 439.924 203.818 193.241 178.348 153.112
threshold=16.862947500000004 0.39354166650000005 -0.25037047035109417 -0.25037047035109417 7.3018750000000008 0.59480013772226059 0.39543750000000005 0.3635208330000001 0.39297916650000003 5.9883333330000008 7.5325000000000006 0.38172916700000004 14.263333335000002 12.093000000000002
decision_type=2 2 2 2 2 2 2 2 2 2 2 2 2 2
left_child=1 2 8 6 9 -6 -3 -8 10 -5 -1 -2 -4 -13
right_child=11 3 12 4 5 -7 7 -9 -10 -11 -12 13 -14 -15
leaf_value=-0.012515161892642146 0.0085054319593365554 -0.047201523664924833 -0.020528233345184058 0.018486986662796204 0.028948568977985551 0.0027999507885040908 0.033900642812252045 -0.010079122963239774 0.059637947073922712 -0.015203819039922494 0.019078402038277282 -0.0064030071274196144 0.012592498120807467 -0.023285994794984749
leaf_weight=23 54 36 72 47 183 435 25 421 26 221 182 149 21 84
leaf_count=23 54 36 72 47 183 435 25 421 26 221 182 149 21 84
internal_value=-1.8077e-11 0.00144845 0.0108686 -0.00078263 0.00454222 0.010543 -0.0105706 -0.00761389 0.0204979 -0.00929536 0.0155338 -0.0085393 -0.0130494 -0.0124896
internal_weight=1979 1692 324 1368 886 618 482 446 231 268 205 287 93 233
internal_count=1979 1692 324 1368 886 618 482 446 231 268 205 287 93 233
is_linear=0
shrinkage=0.01


Tree=250
num_leaves=15
num_cat=0
split_feature=0 4 3 5 7 7 6 6 3 7 5 5 0 3
split_gain=242.536 282.44 354.003 596.505 579.377 364.395 586.119 275.796 553.859 273.567 251.883 92.2413 108.219 20.4548
threshold=5.0490095000000013 0.37552083350000004 12.506041665000003 0.40514583350000005 0.28400453026986811 0.33379414889141251 8.8500000000000032 7.2010000000000014 8.3018750000000008 -0.6755644832106783 0.38993750000000005 0.40302083350000006 13.759023000000001 7.3070833335000005
decision_type=2 2 2 2 2 2 2 2 2 2 2 2 2 2
left_child=13 7 5 4 -4 10 -7 11 -9 -10 -3 12 -2 -1
right_child=1 2 3 -5 -6 6 -8 8 9 -11 -12 -13 -14 -15
leaf_value=-0.015087085798863442 -0.0048876743045437971 0.015130575407005381 0.014197085621637686 0.057604981798392074 -0.019961286130376527 0.015155098300877235 -0.0072492355760186908 0.04191753999545024 -0.001679289701337098 -0.023337169497584305 -0.0073292316810306965 -0.039642015192657712 -0.034367065817117688 -0.027244494011998178
leaf_weight=31 33 55 267 26 61 298 192 26 307 72 542 24 20 25
leaf_count=31 33 55 267 26 61 298 192 26 307 72 542 24 20 25
internal_value=1.4037e-11 0.000597406 0.00281389 0.0114992 0.00784446 -1.46236e-05 0.00637626 -0.00602906 -0.00273077 -0.00579372 -0.00526007 -0.0233772 -0.016012 -0.0205145
internal_weight=1979 1923 1441 354 328 1087 490 482 405 379 597 77 53 56
internal_count=1979 1923 1441 354 328 1087 490 482 405 379 597 77 53 56
is_linear=0
shrinkage=0.01


Tree=251
num_leaves=15
num_cat=0
split_feature=0 5 7 7 3 7 5 4 5 3 6 5 2 6
split_gain=240.185 347.829 724.653 689.714 716.579 858.736 511.296 444.559 439.079 431.671 198.064 190.679 172.455 142.89
threshold=16.862947500000004 0.39354166650000005 -0.25037047035109417 -0.25037047035109417 7.3018750000000008 0.59480013772226059 0.39543750000000005 0.3635208330000001 0.39297916650000003 5.9883333330000008 7.5325000000000006 0.3800416665000001 14.263333335000002 12.093000000000002
decision_type=2 2 2 2 2 2 2 2 2 2 2 2 2 2
left_child=1 2 8 6 9 -6 -3 -8 10 -5 -1 -2 -4 -13
right_child=11 3 12 4 5 -7 7 -9 -10 -11 -12 13 -14 -15
leaf_value=-0.012319622758937918 0.0099602112594120058 -0.046650355441702741 -0.020172822183618943 0.018329340895598237 0.028561886606809219 0.0027420309305447956 0.033497764822840691 -0.0099053643337692048 0.058953382998633272 -0.015043910830302746 0.018824796153406438 -0.0062997533517659878 0.012396095870506196 -0.022391262604790026
leaf_weight=23 47 36 72 47 183 435 25 421 26 221 182 154 21 86
leaf_count=23 47 36 72 47 183 435 25 421 26 221 182 154 21 86
internal_value=2.63161e-11 0.0014348 0.0107513 -0.000771742 0.00446544 0.0103877 -0.0103986 -0.00747245 0.0202405 -0.00919114 0.0153305 -0.00845882 -0.0128186 -0.0120659
internal_weight=1979 1692 324 1368 886 618 482 446 231 268 205 287 93 240
internal_count=1979 1692 324 1368 886 618 482 446 231 268 205 287 93 240
is_linear=0
shrinkage=0.01


Tree=252
num_leaves=11
num_cat=0
split_feature=0 5 7 6 3 5 7 4 3 1
split_gain=236.446 292.512 417.019 1250.49 763.354 600.022 288.706 276.633 218.267 45.4251
threshold=5.1819645000000003 0.42297916650000006 0.31729257441605191 9.1625000000000014 8.8331250000000008 0.41477083350000005 0.85260769842926909 0.41431250000000003 12.588333335000002 44.354166670000005
decision_type=2 2 2 2 2 2 2 2 2 2
left_child=9 2 7 5 -5 -4 -3 8 -2 -1
right_child=1 6 3 4 -6 -7 -8 -9 -10 -11
leaf_value=-0.0083851086139678961 -0.0034667272469712986 -0.042947140216827391 0.039350601994945097 0.038349806589464984 -0.014944939172393319 0.0095565779404845879 -0.0012021825764630292 -0.033834450015654931 0.0055455010014764496 -0.025652845775087675
leaf_weight=25 942 30 129 31 202 142 37 26 376 39
leaf_count=25 942 30 129 31 202 142 37 26 376 39
internal_value=-1.84759e-11 0.0006319 0.00137607 0.00913339 -0.00785422 0.023739 -0.019894 -0.00153292 -0.000895712 -0.0189076
internal_weight=1979 1915 1848 504 233 271 67 1344 1318 64
internal_count=1979 1915 1848 504 233 271 67 1344 1318 64
is_linear=0
shrinkage=0.01


Tree=253
num_leaves=15
num_cat=0
split_feature=0 5 7 7 3 7 5 4 5 3 6 5 2 4
split_gain=235.964 341.275 709.808 670.186 695.456 843.187 501.312 435.554 429.633 422.777 193.742 186.635 168.089 149.171
threshold=16.862947500000004 0.39354166650000005 -0.25037047035109417 -0.25037047035109417 7.3018750000000008 0.59480013772226059 0.39543750000000005 0.3635208330000001 0.39297916650000003 5.9883333330000008 7.5325000000000006 0.38172916700000004 14.263333335000002 0.37814583350000003
decision_type=2 2 2 2 2 2 2 2 2 2 2 2 2 2
left_child=1 2 8 6 9 -6 -3 -8 10 -5 -1 -2 -4 -13
right_child=11 3 12 4 5 -7 7 -9 -10 -11 -12 13 -14 -15
leaf_value=-0.012161759416694227 0.0083666688793649288 -0.046149184819724826 -0.019937329707770714 0.018180714541689513 0.028242213273105402 0.0026571722647667616 0.033197453919053078 -0.0097638205097293623 0.058336124067696241 -0.014846964311781783 0.018641009590496402 -0.01827405708835729 0.012216680035704659 -0.0016097303564172416
leaf_weight=23 54 36 72 47 183 435 25 421 26 221 182 149 21 84
leaf_count=23 54 36 72 47 183 435 25 421 26 221 182 149 21 84
internal_value=2.22124e-12 0.00142213 0.0106504 -0.000763518 0.00439899 0.0102333 -0.0102531 -0.00735568 0.0200419 -0.0090548 0.0151851 -0.00838415 -0.0126767 -0.0122663
internal_weight=1979 1692 324 1368 886 618 482 446 231 268 205 287 93 233
internal_count=1979 1692 324 1368 886 618 482 446 231 268 205 287 93 233
is_linear=0
shrinkage=0.01


Tree=254
num_leaves=15
num_cat=0
split_feature=0 5 7 7 3 7 5 4 5 3 6 5 2 6
split_gain=231.268 334.483 695.683 656.849 681.616 826.408 491.336 426.886 421.083 414.364 189.887 182.931 164.744 141.943
threshold=16.862947500000004 0.39354166650000005 -0.25037047035109417 -0.25037047035109417 7.3018750000000008 0.59480013772226059 0.39543750000000005 0.3635208330000001 0.39297916650000003 5.9883333330000008 7.5325000000000006 0.3800416665000001 14.263333335000002 12.093000000000002
decision_type=2 2 2 2 2 2 2 2 2 2 2 2 2 2
left_child=1 2 8 6 9 -6 -3 -8 10 -5 -1 -2 -4 -13
right_child=11 3 12 4 5 -7 7 -9 -10 -11 -12 13 -14 -15
leaf_value=-0.01204014185330142 0.0097406623013159069 -0.045687692628966436 -0.01973795647551823 0.017998907607286535 0.027959791221376002 0.0026306004945788231 0.032865479607880117 -0.0096661822932314432 0.057752762696204281 -0.01469849481462286 0.018454599528890718 -0.0060863534568857359 0.01209451315658433 -0.02212444095330876
leaf_weight=23 47 36 72 47 183 435 25 421 26 221 182 154 21 86
leaf_count=23 47 36 72 47 183 435 25 421 26 221 182 154 21 86
internal_value=-6.1296e-12 0.00140791 0.0105439 -0.000755883 0.004355 0.010131 -0.0101506 -0.00728212 0.0198415 -0.00896425 0.0150332 -0.00830031 -0.01255 -0.0118333
internal_weight=1979 1692 324 1368 886 618 482 446 231 268 205 287 93 240
internal_count=1979 1692 324 1368 886 618 482 446 231 268 205 287 93 240
is_linear=0
shrinkage=0.01


Tree=255
num_leaves=11
num_cat=0
split_feature=0 5 7 6 3 5 7 4 5 1
split_gain=228.479 285.42 405.398 1229.11 742.54 585.061 280.106 272.238 206.886 43.8944
threshold=5.1819645000000003 0.42297916650000006 0.31729257441605191 9.1625000000000014 8.8331250000000008 0.41477083350000005 0.85260769842926909 0.41431250000000003 0.40179166650000003 44.354166670000005
decision_type=2 2 2 2 2 2 2 2 2 2
left_child=9 2 7 5 -5 -4 -3 8 -2 -1
right_child=1 6 3 4 -6 -7 -8 -9 -10 -11
leaf_value=-0.0082426684707403181 0.0022628352065682698 -0.042361546834309899 0.038900638738170616 0.037732767414662145 -0.014830364225867969 0.0094804014971243671 -0.0012430380486153267 -0.033555827392981602 -0.0058746488638540583 -0.025216973381928909
leaf_weight=25 809 30 129 31 202 142 37 26 509 39
leaf_count=25 809 30 129 31 202 142 37 26 509 39
internal_value=1.90741e-11 0.000621164 0.00135626 0.00900473 -0.00783699 0.0234849 -0.0196543 -0.00151192 -0.00087979 -0.0185864
internal_weight=1979 1915 1848 504 233 271 67 1344 1318 64
internal_count=1979 1915 1848 504 233 271 67 1344 1318 64
is_linear=0
shrinkage=0.01


Tree=256
num_leaves=15
num_cat=0
split_feature=0 5 7 7 3 7 5 4 5 3 6 5 2 6
split_gain=227.806 327.113 679.429 639.288 661.258 813.374 483.229 417.279 412.704 405.799 186.108 179.497 160.716 147.379
threshold=16.862947500000004 0.39354166650000005 -0.25037047035109417 -0.25037047035109417 7.3018750000000008 0.59480013772226059 0.39543750000000005 0.3635208330000001 0.39297916650000003 5.9883333330000008 7.5325000000000006 0.38172916700000004 14.263333335000002 12.093000000000002
decision_type=2 2 2 2 2 2 2 2 2 2 2 2 2 2
left_child=1 2 8 6 9 -6 -3 -8 10 -5 -1 -2 -4 -13
right_child=11 3 12 4 5 -7 7 -9 -10 -11 -12 13 -14 -15
leaf_value=-0.011942368674537409 0.008189423414490497 -0.045253444198105071 -0.019489949889668626 0.017863813925650902 0.027676335682512307 0.0025476816530291247 0.032527216715086252 -0.0095231396462458623 0.057152607850730418 -0.014493895299875966 0.018247425394480703 -0.0060736045486687517 0.011950939620534579 -0.022637546083313368
leaf_weight=23 54 36 72 47 183 435 25 421 26 221 182 149 21 84
leaf_count=23 54 36 72 47 183 435 25 421 26 221 182 149 21 84
internal_value=-1.01647e-11 0.00139734 0.0104322 -0.00074249 0.00429962 0.00998869 -0.0100108 -0.00716606 0.0196205 -0.00881922 0.0148603 -0.00823795 -0.0123904 -0.0120452
internal_weight=1979 1692 324 1368 886 618 482 446 231 268 205 287 93 233
internal_count=1979 1692 324 1368 886 618 482 446 231 268 205 287 93 233
is_linear=0
shrinkage=0.01


Tree=257
num_leaves=15
num_cat=0
split_feature=0 5 7 7 3 7 5 5 4 3 3 5 4 1
split_gain=223.273 320.604 666.049 626.566 648.099 797.188 473.612 426.784 408.975 397.724 208.413 175.969 137.585 211.929
threshold=16.862947500000004 0.39354166650000005 -0.23343647497176648 -0.25037047035109417 7.3018750000000008 0.59480013772226059 0.39543750000000005 0.39297916650000003 0.3635208330000001 5.9883333330000008 13.585208330000002 0.3800416665000001 0.37814583350000003 275.00000000000006
decision_type=2 2 2 2 2 2 2 2 2 2 2 2 2 2
left_child=1 2 7 6 9 -6 -3 10 -8 -5 -1 -2 13 -13
right_child=11 3 -4 4 5 -7 8 -9 -10 -11 -12 12 -14 -15
leaf_value=0.018553426638033919 0.0095387327472897295 -0.044800910105307894 -0.012791073027584287 0.017685175972416044 0.027399572364762016 0.0025222048532356905 0.032201944503188133 0.056613492535220251 -0.0094279081892054035 -0.014348956539013268 -0.0095662246452223858 -0.022389156135228964 -0.0013025457726880199 0.00888594516826113
leaf_weight=176 47 36 90 47 183 435 25 27 421 221 31 130 84 26
leaf_count=176 47 36 90 47 183 435 25 27 421 221 31 130 84 26
internal_value=-2.43072e-11 0.00138336 0.0103278 -0.000735065 0.00425662 0.0098888 -0.00991065 0.0192197 -0.0070944 -0.00873103 0.0143423 -0.00815557 -0.0116207 -0.0171766
internal_weight=1979 1692 324 1368 886 618 482 234 446 268 207 287 240 156
internal_count=1979 1692 324 1368 886 618 482 234 446 268 207 287 240 156
is_linear=0
shrinkage=0.01


Tree=258
num_leaves=15
num_cat=0
split_feature=5 7 6 4 0 3 3 5 7 4 2 7 4 7
split_gain=222.354 481.331 502.986 305.519 479.12 363.705 568.461 156.24 412.078 279.509 411.335 337.104 236.287 14.8863
threshold=0.42297916650000006 0.85260769842926909 7.1790000000000012 0.39447916650000009 5.2467500000000014 13.845625000000002 12.978958335000003 0.38422916650000005 -0.59480013772226059 0.35691666650000003 13.032083335000001 -0.20791169081775943 0.35593750000000007 0.008726203218641598
decision_type=2 2 2 2 2 2 2 2 2 2 2 2 2 2
left_child=3 -2 -3 7 -5 6 -6 8 12 10 -9 -11 -1 -10
right_child=1 2 -4 4 5 -7 -8 9 13 11 -12 -13 -14 -15
leaf_value=-0.001393871530080619 -0.043536342448658408 0.043065029282122851 -0.023100196928889663 -0.031721069199698311 0.0035687974522788301 -0.034219492213292554 0.02539581691119688 0.034109853176133978 -0.014203860423061996 -0.011867800568916191 -0.0059226782768823658 0.0045710702928084277 0.028223436206006088 -0.026000250454830086
leaf_weight=46 36 20 27 35 776 22 141 42 20 493 66 167 65 23
leaf_count=46 36 20 27 35 776 22 141 42 20 493 66 167 65 23
internal_value=5.90233e-11 -0.0160206 0.00505522 0.000701326 0.00460691 0.00596099 0.00692497 -0.00342453 0.00576833 -0.00526789 0.00964553 -0.00770827 0.0159496 -0.0205136
internal_weight=1979 83 47 1896 974 939 917 922 154 768 108 660 111 43
internal_count=1979 83 47 1896 974 939 917 922 154 768 108 660 111 43
is_linear=0
shrinkage=0.01


Tree=259
num_leaves=15
num_cat=0
split_feature=5 7 6 4 0 3 3 5 7 4 2 7 4 7
split_gain=218.056 495.47 583.328 304.958 540.895 360.834 542.784 153.131 403.877 273.947 403.149 330.395 231.585 14.5901
threshold=0.42206250000000006 0.85260769842926909 7.1790000000000012 0.39447916650000009 5.4323120000000005 13.845625000000002 12.978958335000003 0.38422916650000005 -0.59480013772226059 0.35691666650000003 13.032083335000001 -0.20791169081775943 0.35593750000000007 0.008726203218641598
decision_type=2 2 2 2 2 2 2 2 2 2 2 2 2 2
left_child=3 -2 -3 7 -5 6 -6 8 12 10 -9 -11 -1 -10
right_child=1 2 -4 4 5 -7 -8 9 13 11 -12 -13 -14 -15
leaf_value=-0.001379933132506583 -0.043289203965986102 0.045349649623745963 -0.02247843367047608 -0.032848015475917508 0.0037942455536011982 -0.033877297612753779 0.025141858339362534 0.033768754409005244 -0.01406182175804861 -0.011749122640907644 -0.0058634514618262825 0.0045253595909728354 0.027941201537847519 -0.025740248049082967
leaf_weight=46 37 21 32 37 767 22 141 42 20 493 66 167 65 23
leaf_count=46 37 21 32 37 767 22 141 42 20 493 66 167 65 23
internal_value=-1.14845e-11 -0.0152074 0.00439684 0.000724546 0.00464789 0.00613966 0.00710924 -0.00339029 0.00571064 -0.00521521 0.00954907 -0.00763119 0.0157901 -0.0203084
internal_weight=1979 90 53 1889 967 930 908 922 154 768 108 660 111 43
internal_count=1979 90 53 1889 967 930 908 922 154 768 108 660 111 43
is_linear=0
shrinkage=0.01


Tree=260
num_leaves=15
num_cat=0
split_feature=4 3 5 2 6 6 3 7 5 6 7 5 5 2
split_gain=215.735 364.206 563.01 554.691 450.622 265.148 531.65 255.831 371.855 243.545 664.722 755.842 615.886 348.397
threshold=0.37552083350000004 12.506041665000003 0.40514583350000005 12.419583335000002 12.769000000000002 7.2010000000000014 8.3018750000000008 -0.6755644832106783 0.38697916650000003 8.697000000000001 0.87032255546191739 0.41495833350000005 0.42135416650000007 13.347708335000002
decision_type=2 2 2 2 2 2 2 2 2 2 2 2 2 2
left_child=5 9 3 -3 -5 -1 -7 8 -8 10 12 -12 -2 -11
right_child=1 2 -4 4 -6 6 7 -9 -10 13 11 -13 -14 -15
leaf_value=-0.022828637322822174 0.00033165317183119007 -0.016095602792472793 0.055529179527209357 0.024344845599333906 -0.0037662279713417362 0.041159286086375896 0.014227667188830673 -0.022550841356731126 -0.0092562789367601848 -0.011244913607321166 0.050011836599026416 0.0049490224536474763 -0.038991948560226794 0.014933026243001222
leaf_weight=77 540 78 26 162 88 26 100 72 207 333 56 111 43 60
leaf_count=77 540 78 26 162 88 26 100 72 207 333 56 111 43 60
internal_value=-2.46955e-11 0.00187349 0.0107365 0.00718591 0.0144497 -0.00581869 -0.0025847 -0.0055856 -0.00160679 -0.000871506 0.00246992 0.0200599 -0.00256872 -0.00724828
internal_weight=1979 1497 354 328 250 482 405 379 307 1143 750 167 583 393
internal_count=1979 1497 354 328 250 482 405 379 307 1143 750 167 583 393
is_linear=0
shrinkage=0.01


Tree=261
num_leaves=15
num_cat=0
split_feature=0 5 7 7 3 7 5 4 5 3 3 5 3 6
split_gain=214.306 308.558 645.346 603.834 623.686 769.436 461.507 451.656 436.151 385.302 216.305 168.133 165.752 136.784
threshold=16.862947500000004 0.39354166650000005 -0.0087262032186418287 -0.25037047035109417 7.3018750000000008 0.59480013772226059 0.39602083350000006 0.3635208330000001 0.39297916650000003 5.9883333330000008 13.585208330000002 0.3800416665000001 10.502916665000003 12.093000000000002
decision_type=2 2 2 2 2 2 2 2 2 2 2 2 2 2
left_child=1 2 8 6 9 -6 12 -8 10 -5 -1 -2 -3 -13
right_child=11 3 -4 4 5 -7 7 -9 -10 -11 -12 13 -14 -15
leaf_value=0.018148264641217379 0.0093057638327492045 -0.017166417852044105 -0.016511124161557415 0.0174370642894126 0.026905701151219468 0.0024651955854597279 0.037670126594603059 -0.0088337099607084489 0.054826007261872291 -0.014092842663187381 -0.0056075384992421897 -0.0057356530990959565 -0.054858969407422208 -0.021479603714968869
leaf_weight=176 47 20 71 47 183 435 22 412 28 221 49 154 28 86
leaf_count=176 47 20 71 47 183 435 22 412 28 221 49 154 28 86
internal_value=-2.73617e-11 0.0013553 0.0101301 -0.000722952 0.00417734 0.00970243 -0.00973055 -0.00647637 0.0176065 -0.00856334 0.0129748 -0.00799012 -0.0391537 -0.0113772
internal_weight=1979 1692 324 1368 886 618 482 434 253 268 225 287 48 240
internal_count=1979 1692 324 1368 886 618 482 434 253 268 225 287 48 240
is_linear=0
shrinkage=0.01


Tree=262
num_leaves=15
num_cat=0
split_feature=0 4 5 7 6 5 4 0 6 3 7 5 0 3
split_gain=212.5 257.322 304.957 403.352 447.626 307.852 331.542 276.789 260.816 518.34 248.765 83.5579 98.8022 23.7443
threshold=5.0490095000000013 0.37552083350000004 0.42206250000000006 0.85260769842926909 7.7785000000000002 0.41960416650000004 0.41002083350000001 6.0424940000000005 7.2010000000000014 8.3018750000000008 -0.6755644832106783 0.40302083350000006 13.759023000000001 7.3070833335000005
decision_type=2 2 2 2 2 2 2 2 2 2 2 2 2 2
left_child=13 8 5 -4 -5 6 -3 -7 11 -10 -11 12 -2 -1
right_child=1 2 3 4 -6 7 -8 -9 9 10 -12 -13 -14 -15
leaf_value=-0.013354704286302291 -0.0049969387912389002 0.0055869433037128748 -0.042424688409356509 0.038374121785163882 -0.025682379876573881 0.057119568660855297 -0.0064199761248598195 0.0080370811842106014 0.040634639194378493 -0.0015979124893380689 -0.022250690382594862 -0.038116524890065194 -0.033164497464895248 -0.026453245949745179
leaf_weight=31 33 1019 34 20 24 20 297 27 26 307 72 24 20 25
leaf_count=31 33 1019 34 20 24 20 297 27 26 307 72 24 20 25
internal_value=3.24553e-11 0.000559192 0.00267482 -0.0165556 0.00343421 0.00377532 0.00287718 0.0289232 -0.00576575 -0.00255829 -0.0055214 -0.0226362 -0.0156262 -0.0192023
internal_weight=1979 1923 1441 78 44 1363 1316 47 482 405 379 77 53 56
internal_count=1979 1923 1441 78 44 1363 1316 47 482 405 379 77 53 56
is_linear=0
shrinkage=0.01


Tree=263
num_leaves=15
num_cat=0
split_feature=0 5 7 7 3 7 5 4 5 3 3 5 3 6
split_gain=209.258 302.924 630.49 592.559 611.412 752.863 451.634 441.046 426.927 376.026 211.23 165.459 163.613 134.323
threshold=16.862947500000004 0.39354166650000005 -0.0087262032186418287 -0.25037047035109417 7.3018750000000008 0.59480013772226059 0.39602083350000006 0.3635208330000001 0.39297916650000003 5.9883333330000008 13.585208330000002 0.3800416665000001 10.502916665000003 12.093000000000002
decision_type=2 2 2 2 2 2 2 2 2 2 2 2 2 2
left_child=1 2 8 6 9 -6 12 -8 10 -5 -1 -2 -3 -13
right_child=11 3 -4 4 5 -7 7 -9 -10 -11 -12 13 -14 -15
leaf_value=0.017953364944551142 0.0092623104741598704 -0.016904790349304678 -0.016299252448157525 0.01720523026276459 0.026621829170143343 0.0024459613011828785 0.037201011262156747 -0.0087533559483923568 0.054247261179344995 -0.013942857741128561 -0.0055221152967032117 -0.0056649173623217006 -0.054353419159139903 -0.02126658620377786
leaf_weight=176 47 20 71 47 183 435 22 412 28 221 49 154 28 86
leaf_count=176 47 20 71 47 183 435 22 412 28 221 49 154 28 86
internal_value=4.75832e-11 0.00133924 0.0100336 -0.000719949 0.00413438 0.00960483 -0.00964305 -0.00642387 0.0174234 -0.00848032 0.0128409 -0.00789545 -0.0387498 -0.0112555
internal_weight=1979 1692 324 1368 886 618 482 434 253 268 225 287 48 240
internal_count=1979 1692 324 1368 886 618 482 434 253 268 225 287 48 240
is_linear=0
shrinkage=0.01


Tree=264
num_leaves=15
num_cat=0
split_feature=4 3 5 2 3 6 3 6 7 5 5 2 3 7
split_gain=207.994 344.677 545.908 541.64 442.873 256.547 505.368 242.298 641.096 741.403 592.29 343.714 413.484 241.891
threshold=0.37552083350000004 12.506041665000003 0.40514583350000005 12.419583335000002 13.738333335000002 7.2010000000000014 8.3018750000000008 8.697000000000001 0.87032255546191739 0.41495833350000005 0.42135416650000007 13.347708335000002 9.2779166665000012 -0.6755644832106783
decision_type=2 2 2 2 2 2 2 2 2 2 2 2 2 2
left_child=5 7 3 -3 -5 -1 -7 8 10 -10 -2 12 -9 -8
right_child=1 2 -4 4 -6 6 13 11 9 -11 -12 -13 -14 -15
leaf_value=-0.022445115801430757 0.0003980228333664989 -0.016040555483255631 0.054568824034470775 0.024212444956713125 -0.003450001475032148 0.040116817194681902 -0.0015891316060146698 0.0084937204034240162 0.049441043617469926 0.0048107433089197753 -0.038164942098218343 0.014840519615449011 -0.017478486826377256 -0.021954572287698589
leaf_weight=77 540 78 26 159 91 26 307 81 56 111 43 60 252 72
leaf_count=77 540 78 26 159 91 26 307 81 56 111 43 60 252 72
internal_value=2.6631e-11 0.00183957 0.0104617 0.00696544 0.0141433 -0.00571334 -0.00253224 -0.000830818 0.00250204 0.0197766 -0.00244624 -0.00719124 -0.0111609 -0.00545803
internal_weight=1979 1497 354 328 250 482 405 1143 750 167 583 393 333 379
internal_count=1979 1497 354 328 250 482 405 1143 750 167 583 393 333 379
is_linear=0
shrinkage=0.01


Tree=265
num_leaves=15
num_cat=0
split_feature=0 4 5 7 6 5 4 0 6 3 7 5 0 3
split_gain=206.699 247.871 292.865 387.267 439.275 302.779 326.419 271.214 251.442 495.311 237.077 80.5876 95.4562 23.7854
threshold=5.0490095000000013 0.37552083350000004 0.42206250000000006 0.85260769842926909 7.7785000000000002 0.41960416650000004 0.41002083350000001 6.0424940000000005 7.2010000000000014 8.3018750000000008 -0.6755644832106783 0.40302083350000006 13.759023000000001 7.3070833335000005
decision_type=2 2 2 2 2 2 2 2 2 2 2 2 2 2
left_child=13 8 5 -4 -5 6 -3 -7 11 -10 -11 12 -2 -1
right_child=1 2 3 4 -6 7 -8 -9 9 10 -12 -13 -14 -15
leaf_value=-0.013085708807733271 -0.0048886821125492912 0.0055044178133378018 -0.041565390334409827 0.037982277035713198 -0.025473918815453848 0.056557168886065483 -0.0064093794276693251 0.0079714818850711543 0.039715648901004055 -0.0015732403184478369 -0.021735026569933528 -0.037423373510440193 -0.032575184106826784 -0.026195589208602908
leaf_weight=31 33 1019 34 20 24 20 297 27 26 307 72 24 20 25
leaf_count=31 33 1019 34 20 24 20 297 27 26 307 72 24 20 25
internal_value=-5.33781e-12 0.000551506 0.00262792 -0.0162173 0.00336981 0.00370638 0.00281567 0.0286462 -0.00565621 -0.00250691 -0.00540345 -0.0222207 -0.0153364 -0.0189383
internal_weight=1979 1923 1441 78 44 1363 1316 47 482 405 379 77 53 56
internal_count=1979 1923 1441 78 44 1363 1316 47 482 405 379 77 53 56
is_linear=0
shrinkage=0.01


Tree=266
num_leaves=15
num_cat=0
split_feature=0 5 7 7 3 7 5 5 4 3 3 5 6 4
split_gain=205.81 299.504 611.479 579.748 596.049 735.3 439.124 415.885 377.5 368.82 205.304 164.22 133.093 151.977
threshold=16.862947500000004 0.39354166650000005 -0.0087262032186418287 -0.25037047035109417 7.2706250000000008 0.59480013772226059 0.39543750000000005 0.39297916650000003 0.3635208330000001 5.9883333330000008 13.585208330000002 0.3800416665000001 12.093000000000002 0.37814583350000003
decision_type=2 2 2 2 2 2 2 2 2 2 2 2 2 2
left_child=1 2 7 6 9 -6 -3 10 -8 -5 -1 -2 13 -13
right_child=11 3 -4 4 5 -7 8 -9 -10 -11 -12 12 -14 -15
leaf_value=0.017768237397752025 0.0092632979202143702 -0.043141390068663493 -0.015959508111044553 0.016977945668821007 0.026283343743349685 0.0024073287553539676 0.030920224717259408 0.053595369016485553 -0.0090756343924960313 -0.013894940699302097 -0.005375632714024004 -0.011000185265996252 -0.021142724522397596 0.012704936239336218
leaf_weight=176 47 36 71 47 183 437 25 28 421 219 49 119 86 35
leaf_count=176 47 36 71 47 183 437 25 28 421 219 49 119 86 35
internal_value=-2.46233e-11 0.00132816 0.0099733 -0.000719372 0.0040822 0.0094546 -0.00954549 0.0172509 -0.00683371 -0.00843996 0.012728 -0.00783013 -0.0111776 -0.00561266
internal_weight=1979 1692 324 1368 886 620 482 253 446 266 225 287 240 154
internal_count=1979 1692 324 1368 886 620 482 253 446 266 225 287 240 154
is_linear=0
shrinkage=0.01


Tree=267
num_leaves=15
num_cat=0
split_feature=0 5 7 7 3 7 5 4 5 3 3 5 3 6
split_gain=201.714 293.544 599.311 568.211 584.187 720.667 431.984 421.578 407.609 361.481 201.219 160.952 159.734 130.444
threshold=16.862947500000004 0.39354166650000005 -0.0087262032186418287 -0.25037047035109417 7.2706250000000008 0.59480013772226059 0.39602083350000006 0.3635208330000001 0.39297916650000003 5.9883333330000008 13.585208330000002 0.3800416665000001 10.502916665000003 12.093000000000002
decision_type=2 2 2 2 2 2 2 2 2 2 2 2 2 2
left_child=1 2 8 6 9 -6 12 -8 10 -5 -1 -2 -3 -13
right_child=11 3 -4 4 5 -7 7 -9 -10 -11 -12 13 -14 -15
leaf_value=0.017590555066073484 0.0091706649895678168 -0.016332063473761083 -0.01579991304276275 0.016808166540366539 0.026020510581836024 0.0023832554254229065 0.036349550810727209 -0.0085791570072975554 0.053059414987053188 -0.013755991274499458 -0.0053218764433523224 -0.0055565310615514011 -0.053334049114159177 -0.020931297463126653
leaf_weight=176 47 20 71 47 183 437 22 412 28 219 49 154 28 86
leaf_count=176 47 20 71 47 183 437 22 412 28 219 49 154 28 86
internal_value=5.32252e-12 0.00131488 0.00987357 -0.000712178 0.00404137 0.00936006 -0.00945004 -0.00630166 0.0170784 -0.00835556 0.0126007 -0.00775183 -0.0379166 -0.0110658
internal_weight=1979 1692 324 1368 886 620 482 434 253 266 225 287 48 240
internal_count=1979 1692 324 1368 886 620 482 434 253 266 225 287 48 240
is_linear=0
shrinkage=0.01


Tree=268
num_leaves=15
num_cat=0
split_feature=0 4 5 7 6 5 4 0 6 3 3 5 0 3
split_gain=199.75 242.072 285.977 376.635 430.534 296.95 324.267 267.42 248.431 480.444 229.172 76.5303 90.8879 24.4921
threshold=5.0490095000000013 0.37552083350000004 0.42206250000000006 0.85260769842926909 7.7785000000000002 0.41960416650000004 0.41002083350000001 6.0424940000000005 7.2010000000000014 8.3018750000000008 11.717500000000003 0.40302083350000006 13.759023000000001 7.3070833335000005
decision_type=2 2 2 2 2 2 2 2 2 2 2 2 2 2
left_child=13 8 5 -4 -5 6 -3 -7 11 -10 -11 12 -2 -1
right_child=1 2 3 4 -6 7 -8 -9 9 10 -12 -13 -14 -15
leaf_value=-0.01267834261961041 -0.0051541401259601119 0.0054576209947131884 -0.041025893337586349 0.037554548025131224 -0.025267085060477257 0.056073456674814226 -0.0064168446606612277 0.0078288171964663051 0.039121930988935322 0.001476605450864448 -0.014218322797000504 -0.036872592767079673 -0.032170007526874544 -0.025981538879871369
leaf_weight=31 33 1019 34 20 24 20 297 27 26 215 164 24 20 25
leaf_count=31 33 1019 34 20 24 20 297 27 26 215 164 24 20 25
internal_value=8.79321e-12 0.000542157 0.00259414 -0.0160282 0.0032882 0.00365984 0.00277775 0.0283585 -0.00559252 -0.00246213 -0.00531487 -0.0220575 -0.0153488 -0.0186173
internal_weight=1979 1923 1441 78 44 1363 1316 47 482 405 379 77 53 56
internal_count=1979 1923 1441 78 44 1363 1316 47 482 405 379 77 53 56
is_linear=0
shrinkage=0.01


Tree=269
num_leaves=15
num_cat=0
split_feature=0 4 4 0 5 7 3 2 5 7 4 2 7 4
split_gain=195.775 239.836 413.994 715.853 482.597 712.331 511.071 447.881 147.214 355.468 262.923 332.975 322.261 218.944
threshold=5.0490095000000013 0.39447916650000009 0.40993750000000007 14.153564500000002 0.39843750000000006 0.47714059151611371 11.497708335 11.518541665000003 0.38422916650000005 -0.59480013772226059 0.35593750000000007 13.265416665000002 -0.19080899537654511 0.33835416650000011
decision_type=2 2 2 2 2 2 2 2 2 2 2 2 2 2
left_child=-1 8 4 7 6 -6 -3 -4 9 13 11 -10 -12 -2
right_child=1 2 3 -5 5 -7 -8 -9 10 -11 12 -13 -14 -15
leaf_value=-0.018431096856615373 -0.0084526935643677061 -0.0080466282181441782 -0.0038612806403404499 -0.052590403833559583 -0.0057285954221572045 0.019296237984430913 0.038160136343323089 0.031455910190939906 0.030239888379971186 -0.018702425351366399 -0.011178390956678193 -0.0061484548312268766 0.0056088471283028667 0.023515764003755844
leaf_weight=56 29 32 351 28 277 193 95 40 45 43 503 57 148 82
leaf_count=56 29 32 351 28 277 193 95 40 45 43 503 57 148 82
internal_value=2.05112e-11 0.000536735 0.00387349 -0.00374607 0.00922123 0.00454756 0.0265175 -0.000248269 -0.00320102 0.00570753 -0.00502296 0.00990523 -0.00736194 0.0151636
internal_weight=1979 1923 1016 419 597 470 127 391 907 154 753 102 651 111
internal_count=1979 1923 1016 419 597 470 127 391 907 154 753 102 651 111
is_linear=0
shrinkage=0.01


Tree=270
num_leaves=15
num_cat=0
split_feature=0 5 7 0 2 5 5 5 7 5 3 5 6 4
split_gain=193.645 283.664 584.715 554.206 900.38 396.978 354.53 538.112 315.854 217.79 193.523 157.341 136.674 159.351
threshold=16.862947500000004 0.39354166650000005 -0.0087262032186418287 14.675421000000002 12.419583335000002 0.39297916650000003 0.39672916650000006 0.40179166650000003 -0.83385407025023284 0.39981250000000007 13.585208330000002 0.38172916700000004 12.043500000000002 0.37814583350000003
decision_type=2 2 2 2 2 2 2 2 2 2 2 2 2 2
left_child=1 2 5 4 8 10 -5 -8 -3 -6 -1 -2 13 -13
right_child=11 3 -4 6 9 -7 7 -9 -10 -11 -12 12 -14 -15
leaf_value=0.017292864620090272 0.0077849412909536458 -0.022761819764439549 -0.015657183921463053 -0.037036028069976183 0.072005813598632812 0.052327006012201312 0.010119624298701927 -0.026450704536577569 0.0016095427894143837 0.025337806016206745 -0.0051771200182182458 -0.010893240946682946 -0.021081305232605544 0.014084774676435204
leaf_weight=176 54 56 71 56 20 28 82 79 1055 20 49 113 87 33
leaf_count=176 54 56 71 56 20 28 82 79 1055 20 49 113 87 33
internal_value=5.27987e-11 0.00128831 0.00970173 -0.000704339 0.00205932 0.0168183 -0.0153632 -0.00782482 0.000381103 0.0486718 0.0123994 -0.00759521 -0.0111597 -0.00524753
internal_weight=1979 1692 324 1368 1151 253 217 161 1111 40 225 287 233 146
internal_count=1979 1692 324 1368 1151 253 217 161 1111 40 225 287 233 146
is_linear=0
shrinkage=0.01


Tree=271
num_leaves=15
num_cat=0
split_feature=4 3 5 2 3 1 6 7 5 5 2 3 6 6
split_gain=192.604 316.042 526.213 522.526 423.639 244.497 242.463 613.043 685.521 521.437 335.003 403.504 198.238 197.81
threshold=0.37552083350000004 12.506041665000003 0.40514583350000005 12.419583335000002 13.738333335000002 261.75000000000006 8.697000000000001 0.87878364999916159 0.41495833350000005 0.42135416650000007 13.347708335000002 9.2779166665000012 11.845500000000003 6.4475000000000007
decision_type=2 2 2 2 2 2 2 2 2 2 2 2 2 2
left_child=5 6 3 -3 -5 13 7 9 -9 -2 11 -8 -12 -1
right_child=1 2 -4 4 -6 -7 10 8 -10 -11 12 -13 -14 -15
leaf_value=-0.035091233728108587 0.00054036805365200444 -0.0160026202750846 0.05333057724512541 0.023491936946205751 -0.003563122127491694 0.0090683217325137674 0.0083474843479968888 0.048908953048564775 0.0051345087757404409 -0.034877502547370064 0.0017483707515057176 -0.017309349220992615 0.040307265341281893 -0.0070328170594949673
leaf_weight=27 545 78 26 159 91 93 81 54 106 45 40 252 20 362
leaf_count=27 545 78 26 159 91 93 81 54 106 45 40 252 20 362
internal_value=2.90715e-11 0.0017702 0.0100265 0.00659381 0.0136439 -0.0054979 -0.000786855 0.00254714 0.0199084 -0.00216099 -0.00714944 -0.0110685 0.0146013 -0.00898032
internal_weight=1979 1497 354 328 250 482 1143 750 160 590 393 333 60 389
internal_count=1979 1497 354 328 250 482 1143 750 160 590 393 333 60 389
is_linear=0
shrinkage=0.01


Tree=272
num_leaves=13
num_cat=0
split_feature=0 2 3 0 5 3 0 6 0 4 6 3
split_gain=192.156 235.865 652.171 394.124 350.352 1494.65 651.279 347.66 142.808 68.6372 52.3977 23.9369
threshold=5.0490095000000013 5.8820832210000011 7.7591666665000014 6.0922985000000009 0.41185416650000006 11.001875000000002 7.8696900000000012 5.4390000000000009 5.5421275000000012 0.38652083350000005 6.3930000000000016 7.3070833335000005
decision_type=2 2 2 2 2 2 2 2 2 2 2 2
left_child=11 2 8 7 6 -6 -5 -3 -2 -10 -9 -1
right_child=1 3 -4 4 5 -7 -8 10 9 -11 -12 -13
leaf_value=-0.01238874739937244 -0.017274544550478461 0.014812488853931428 0.064471715859004436 0.020563836347672251 0.00074177991648960537 0.065132627598074977 -0.003411727113415532 -0.019532010614871979 -0.0032526822627655101 0.015610989423528794 -0.039053124677051201 -0.025540300205349923
leaf_weight=31 25 20 21 124 223 43 1313 20 28 62 44 25
leaf_count=31 25 20 21 124 223 43 1313 20 28 62 44 25
internal_value=-1.01333e-11 0.000531752 0.0132268 -0.00043441 0.000608595 0.0111508 -0.00134285 -0.0215801 0.00386907 0.00974229 -0.0329528 -0.01826
internal_weight=1979 1923 136 1787 1703 266 1437 84 115 90 64 56
internal_count=1979 1923 136 1787 1703 266 1437 84 115 90 64 56
is_linear=0
shrinkage=0.01


Tree=273
num_leaves=15
num_cat=0
split_feature=0 5 7 0 2 5 5 5 7 5 3 5 6 4
split_gain=189.165 281.176 569.596 537.447 876.272 387.421 345.814 525.699 308.147 214.037 189.239 155.921 126.913 142.357
threshold=16.862947500000004 0.39354166650000005 -0.0087262032186418287 14.675421000000002 12.419583335000002 0.39297916650000003 0.39672916650000006 0.40179166650000003 -0.83385407025023284 0.39981250000000007 13.585208330000002 0.3800416665000001 12.093000000000002 0.37814583350000003
decision_type=2 2 2 2 2 2 2 2 2 2 2 2 2 2
left_child=1 2 5 4 8 10 -5 -8 -3 -6 -1 -2 13 -13
right_child=11 3 -4 6 9 -7 7 -9 -10 -11 -12 12 -14 -15
leaf_value=0.017147340448943643 0.009149048570147221 -0.02250346532889775 -0.015379165134222154 -0.036550860215377595 0.071127271890640262 0.051752392117466239 0.010035296544069197 -0.02611075990067064 0.001568745599512311 0.024863139003515247 -0.0050725859502444457 -0.010548595682866558 -0.020499639451871953 0.012393950112696206
leaf_weight=176 47 56 71 56 20 28 82 79 1055 20 49 119 86 35
leaf_count=176 47 56 71 56 20 28 82 79 1055 20 49 119 86 35
internal_value=-4.1413e-13 0.00127332 0.00964976 -0.000710572 0.00201098 0.0166737 -0.0151461 -0.00770097 0.000355385 0.0479952 0.0123083 -0.00750682 -0.0107686 -0.00533438
internal_weight=1979 1692 324 1368 1151 253 217 161 1111 40 225 287 240 154
internal_count=1979 1692 324 1368 1151 253 217 161 1111 40 225 287 240 154
is_linear=0
shrinkage=0.01


Tree=274
num_leaves=13
num_cat=0
split_feature=0 2 3 0 5 3 0 6 0 4 6 3
split_gain=188.66 230.578 639.193 386.922 342.181 1464.91 637.048 340.742 139.966 67.2713 51.3549 23.4605
threshold=5.0490095000000013 5.8820832210000011 7.7591666665000014 6.0922985000000009 0.41185416650000006 11.001875000000002 7.8696900000000012 5.4390000000000009 5.5421275000000012 0.38652083350000005 6.3930000000000016 7.3070833335000005
decision_type=2 2 2 2 2 2 2 2 2 2 2 2
left_child=11 2 8 7 6 -6 -5 -3 -2 -10 -9 -1
right_child=1 3 -4 4 5 -7 -8 10 9 -11 -12 -13
leaf_value=-0.01228054718985673 -0.017117486792802811 0.014648676753044128 0.063811313254492616 0.020342510168951368 0.00071867474492622594 0.06446561469588169 -0.0033696526299998226 -0.019352378010749818 -0.0032358431456876655 0.015439191960519362 -0.038678281090476295 -0.025300584629178051
leaf_weight=31 25 20 21 124 223 43 1313 20 28 62 44 25
leaf_count=31 25 20 21 124 223 43 1313 20 28 62 44 25
internal_value=-6.03901e-12 0.000526891 0.0130789 -0.00042838 0.000605052 0.0110236 -0.00132351 -0.02138 0.00381469 0.00962918 -0.0326389 -0.0180931
internal_weight=1979 1923 136 1787 1703 266 1437 84 115 90 64 56
internal_count=1979 1923 136 1787 1703 266 1437 84 115 90 64 56
is_linear=0
shrinkage=0.01


Tree=275
num_leaves=13
num_cat=0
split_feature=0 2 3 0 5 3 0 6 0 4 6 3
split_gain=184.905 225.99 626.473 379.222 335.372 1436 624.37 333.961 137.181 65.9326 50.333 22.9937
threshold=5.0490095000000013 5.8820832210000011 7.7591666665000014 6.0922985000000009 0.41185416650000006 10.910208335000002 7.8696900000000012 5.4390000000000009 5.5421275000000012 0.38652083350000005 6.3930000000000016 7.3070833335000005
decision_type=2 2 2 2 2 2 2 2 2 2 2 2
left_child=11 2 8 7 6 -6 -5 -3 -2 -10 -9 -1
right_child=1 3 -4 4 5 -7 -8 10 9 -11 -12 -13
leaf_value=-0.012157741641839817 -0.016946311824023723 0.014502190709114076 0.063173200232642029 0.020139085156542641 0.00042892791271816549 0.062403776473469209 -0.0033359560281143266 -0.019158853590488436 -0.0032034844984965664 0.015284800016351286 -0.038291498043320396 -0.025047578878700731
leaf_weight=31 25 20 21 124 221 45 1313 20 28 62 44 25
leaf_count=31 25 20 21 124 221 45 1313 20 28 62 44 25
internal_value=5.78356e-11 0.000521622 0.0129481 -0.000424096 0.000599001 0.0109134 -0.00131027 -0.0211662 0.00377654 0.00953289 -0.0323125 -0.0179121
internal_weight=1979 1923 136 1787 1703 266 1437 84 115 90 64 56
internal_count=1979 1923 136 1787 1703 266 1437 84 115 90 64 56
is_linear=0
shrinkage=0.01


Tree=276
num_leaves=15
num_cat=0
split_feature=0 5 7 0 2 5 5 7 7 5 3 5 6 4
split_gain=182.07 280.818 558.261 519.625 863.19 379.711 338.932 518.111 298.835 209.778 185.473 152.878 133.044 151.325
threshold=16.862947500000004 0.39354166650000005 -0.0087262032186418287 14.675421000000002 12.419583335000002 0.39297916650000003 0.39672916650000006 -0.78257835753184624 -0.83385407025023284 0.39981250000000007 13.585208330000002 0.38172916700000004 12.043500000000002 0.37814583350000003
decision_type=2 2 2 2 2 2 2 2 2 2 2 2 2 2
left_child=1 2 5 4 8 10 -5 -8 -3 -6 -1 -2 13 -13
right_child=11 3 -4 6 9 -7 7 -9 -10 -11 -12 12 -14 -15
leaf_value=0.017042923054422402 0.0077957614531947508 -0.022211374966427683 -0.015158317528770004 -0.03611829529449876 0.070483054876327514 0.051301924320203918 0.0087818397487386731 -0.027252918151143481 0.0014943284897831097 0.024681564487516877 -0.0049548037118297451 -0.010546829685305072 -0.02066724378744076 0.01379400632485296
leaf_weight=176 54 56 71 56 20 28 88 73 1055 20 49 113 87 33
leaf_count=176 54 56 71 56 20 28 88 73 1055 20 49 113 87 33
internal_value=2.91103e-11 0.00124921 0.00962032 -0.000733416 0.00194263 0.016574 -0.0149276 -0.0075569 0.000299442 0.0475823 0.0122523 -0.0073647 -0.0108783 -0.00504513
internal_weight=1979 1692 324 1368 1151 253 217 161 1111 40 225 287 233 146
internal_count=1979 1692 324 1368 1151 253 217 161 1111 40 225 287 233 146
is_linear=0
shrinkage=0.01


Tree=277
num_leaves=13
num_cat=0
split_feature=0 2 3 0 5 3 0 6 0 4 6 3
split_gain=181.531 220.939 614.006 372.275 327.581 1407.95 610.76 327.315 134.451 64.6206 49.3314 22.5361
threshold=5.0490095000000013 5.8820832210000011 7.7591666665000014 6.0922985000000009 0.41185416650000006 11.001875000000002 7.8696900000000012 5.4390000000000009 5.5421275000000012 0.38652083350000005 6.3930000000000016 7.3070833335000005
decision_type=2 2 2 2 2 2 2 2 2 2 2 2
left_child=11 2 8 7 6 -6 -5 -3 -2 -10 -9 -1
right_child=1 3 -4 4 5 -7 -8 10 9 -11 -12 -13
leaf_value=-0.012051107526246099 -0.016791791790723799 0.014342225313186645 0.062526524180457704 0.019922751017635871 0.00068669692183022011 0.063181977660156957 -0.0032950168068430776 -0.018982208847999574 -0.0031863930927855627 0.01511700862117352 -0.037923526384613736 -0.024812046118080616
leaf_weight=31 25 20 21 124 223 43 1313 20 28 62 44 25
leaf_count=31 25 20 21 124 223 43 1313 20 28 62 44 25
internal_value=-3.29418e-11 0.000516841 0.0128037 -0.00041825 0.000595433 0.0107893 -0.00129154 -0.0209695 0.00372383 0.00942262 -0.0320044 -0.017748
internal_weight=1979 1923 136 1787 1703 266 1437 84 115 90 64 56
internal_count=1979 1923 136 1787 1703 266 1437 84 115 90 64 56
is_linear=0
shrinkage=0.01


Tree=278
num_leaves=15
num_cat=0
split_feature=4 3 5 2 3 6 3 6 7 5 5 2 3 7
split_gain=177.924 309.536 473.539 505.917 404.728 244.532 470.248 234.888 577.777 661.575 490.899 331.534 391.385 219.924
threshold=0.37552083350000004 12.506041665000003 0.40514583350000005 12.419583335000002 13.738333335000002 7.2010000000000014 8.3018750000000008 8.697000000000001 0.87878364999916159 0.41495833350000005 0.42135416650000007 13.347708335000002 9.2779166665000012 -0.6755644832106783
decision_type=2 2 2 2 2 2 2 2 2 2 2 2 2 2
left_child=5 7 3 -3 -5 -1 -7 8 10 -10 -2 12 -9 -8
right_child=1 2 -4 4 -6 6 13 11 9 -11 -12 -13 -14 -15
leaf_value=-0.021619509357910651 0.00050267055500811389 -0.01561848385928151 0.050951862908326664 0.023178787870367742 -0.0032655149397368619 0.038961925025169666 -0.001311767624413552 0.008131873059419939 0.047796336544884577 0.004793257024973842 -0.033862435393863251 0.014546244970212381 -0.017136749125617957 -0.020730503753034608
leaf_weight=77 545 78 26 159 91 26 307 81 54 106 45 60 252 72
leaf_count=77 545 78 26 159 91 26 307 81 54 106 45 60 252 72
internal_value=-4.05036e-11 0.0017014 0.00987224 0.00661593 0.0135531 -0.00528423 -0.00217852 -0.000829196 0.00245231 0.0193068 -0.0021184 -0.00709161 -0.0109903 -0.00500082
internal_weight=1979 1497 354 328 250 482 405 1143 750 160 590 393 333 379
internal_count=1979 1497 354 328 250 482 405 1143 750 160 590 393 333 379
is_linear=0
shrinkage=0.01


Tree=279
num_leaves=15
num_cat=0
split_feature=0 5 7 0 2 5 5 5 7 5 3 5 6 4
split_gain=178.229 279.728 543.063 504.215 840.302 370.336 330.578 508.557 291.047 206.196 180.915 151.299 122.98 134.394
threshold=16.862947500000004 0.39354166650000005 -0.0087262032186418287 14.675421000000002 12.419583335000002 0.39297916650000003 0.39672916650000006 0.40179166650000003 -0.83385407025023284 0.39981250000000007 13.585208330000002 0.3800416665000001 12.093000000000002 0.37814583350000003
decision_type=2 2 2 2 2 2 2 2 2 2 2 2 2 2
left_child=1 2 5 4 8 10 -5 -8 -3 -6 -1 -2 13 -13
right_child=11 3 -4 6 9 -7 7 -9 -10 -11 -12 12 -14 -15
leaf_value=0.01691256981441587 0.0091205668710964798 -0.021943530866077969 -0.014848205201642616 -0.035652834987267852 0.069628228425979613 0.050745718319501192 0.0099990562422246475 -0.025552789806624093 0.0014512082118435072 0.024219366386532784 -0.0048131702585640004 -0.010216615731914003 -0.020078744708971922 0.012075024262070655
leaf_weight=176 47 56 71 56 20 28 82 79 1055 20 49 119 86 35
leaf_count=176 47 56 71 56 20 28 82 79 1055 20 49 119 86 35
internal_value=-2.40331e-11 0.00123597 0.00959082 -0.000742813 0.00189326 0.0164492 -0.0147249 -0.00744564 0.000271995 0.0469238 0.0121812 -0.00728661 -0.0104997 -0.00515033
internal_weight=1979 1692 324 1368 1151 253 217 161 1111 40 225 287 240 154
internal_count=1979 1692 324 1368 1151 253 217 161 1111 40 225 287 240 154
is_linear=0
shrinkage=0.01


Tree=280
num_leaves=14
num_cat=0
split_feature=0 2 3 0 6 5 3 2 5 4 6 3 3
split_gain=178.143 216.184 600.549 362.098 320.699 316.737 1370.65 592.853 132.085 256.599 48.3427 39.8399 22.0215
threshold=5.0490095000000013 5.8820832210000011 7.7591666665000014 6.0922985000000009 5.4390000000000009 0.41185416650000006 10.910208335000002 7.6091666355000012 0.41495833350000005 0.38689583350000006 6.3930000000000016 7.251875000000001 7.3070833335000005
decision_type=2 2 2 2 2 2 2 2 2 2 2 2 2
left_child=12 2 8 4 -3 7 -7 -5 9 -2 -6 -10 -1
right_child=1 3 -4 5 10 6 -8 -9 11 -11 -12 -13 -14
leaf_value=-0.011950135171533592 -0.0023413300194910593 0.014271632909774781 0.06184085539409092 0.021263065723081433 -0.018713120460510255 0.00036738211963308884 0.060915556338098316 -0.003099746314743555 -0.0012759654649666377 0.038122800588607786 -0.037463681128892035 -0.019755271464586256 -0.024564537560939789
leaf_weight=31 42 20 21 108 20 221 45 1329 28 25 44 20 25
leaf_count=31 42 20 21 108 20 221 45 1329 28 25 44 20 25
internal_value=1.73252e-11 0.000511996 0.0126659 -0.000412978 -0.0206813 0.000586753 0.0106105 -0.00126872 0.0036861 0.0127572 -0.0316041 -0.00897568 -0.0175816
internal_weight=1979 1923 136 1787 84 1703 266 1437 115 67 64 48 56
internal_count=1979 1923 136 1787 84 1703 266 1437 115 67 64 48 56
is_linear=0
shrinkage=0.01


Tree=281
num_leaves=13
num_cat=0
split_feature=0 2 3 0 6 5 3 0 0 4 6 3
split_gain=174.598 211.882 588.598 354.892 314.317 310.434 1343.94 583.368 130.431 62.3657 47.3807 21.5833
threshold=5.0490095000000013 5.8820832210000011 7.7591666665000014 6.0922985000000009 5.4390000000000009 0.41185416650000006 11.001875000000002 7.8696900000000012 5.5421275000000012 0.38652083350000005 6.3930000000000016 7.3070833335000005
decision_type=2 2 2 2 2 2 2 2 2 2 2 2
left_child=11 2 8 4 -3 7 -7 -5 -2 -10 -6 -1
right_child=1 3 -4 5 10 6 -8 -9 9 -11 -12 -13
leaf_value=-0.011830633780167949 -0.016557358893752098 0.014128916203975677 0.061222448803129652 0.019477069238501211 -0.018525989472866058 0.0006340924665465483 0.061692207746727519 -0.0032140722288643716 -0.0031248860566743782 0.014856346123401197 -0.037089044099504295 -0.024318891714885833
leaf_weight=31 25 20 21 124 20 223 43 1313 28 62 44 25
leaf_count=31 25 20 21 124 20 223 43 1313 28 62 44 25
internal_value=2.98115e-11 0.000506876 0.0125392 -0.000408848 -0.0204745 0.000580885 0.0105044 -0.00125603 0.00364924 0.00926219 -0.0312881 -0.0174057
internal_weight=1979 1923 136 1787 84 1703 266 1437 115 90 64 56
internal_count=1979 1923 136 1787 84 1703 266 1437 115 90 64 56
is_linear=0
shrinkage=0.01


Tree=282
num_leaves=15
num_cat=0
split_feature=0 5 7 0 2 5 5 7 7 5 3 5 6 4
split_gain=171.638 279.079 532.256 487.681 827.596 362.966 324 502.18 282.345 202.093 177.315 148.451 129.212 143.097
threshold=16.862947500000004 0.39354166650000005 -0.0087262032186418287 14.675421000000002 12.419583335000002 0.39297916650000003 0.39672916650000006 -0.78257835753184624 -0.83385407025023284 0.39981250000000007 13.585208330000002 0.38172916700000004 12.043500000000002 0.37814583350000003
decision_type=2 2 2 2 2 2 2 2 2 2 2 2 2 2
left_child=1 2 5 4 8 10 -5 -8 -3 -6 -1 -2 13 -13
right_child=11 3 -4 6 9 -7 7 -9 -10 -11 -12 12 -14 -15
leaf_value=0.016806582480626688 0.007788756678777712 -0.021660957406607589 -0.014636584971342761 -0.035233168532805788 0.068995084524154662 0.050301398869071694 0.0087775428354532111 -0.026698888585175554 0.0013813979112812411 0.024040310502052308 -0.0047019003923716293 -0.010214447625706682 -0.020259901397358414 0.013455380099740896
leaf_weight=176 54 56 71 56 20 28 88 73 1055 20 49 113 87 33
leaf_count=176 54 56 71 56 20 28 88 73 1055 20 49 113 87 33
internal_value=-9.84137e-12 0.0012129 0.00955805 -0.000763584 0.0018289 0.0163478 -0.0145145 -0.00730804 0.000219947 0.0465177 0.0121225 -0.0071506 -0.0106129 -0.00486442
internal_weight=1979 1692 324 1368 1151 253 217 161 1111 40 225 287 233 146
internal_count=1979 1692 324 1368 1151 253 217 161 1111 40 225 287 233 146
is_linear=0
shrinkage=0.01


Tree=283
num_leaves=11
num_cat=0
split_feature=0 5 7 6 3 5 4 7 6 1
split_gain=171.686 212.113 304.679 1087.19 686.041 518.179 258.88 213.71 193.421 37.3491
threshold=5.1819645000000003 0.42297916650000006 0.31729257441605191 9.1625000000000014 8.8331250000000008 0.41370833350000008 0.41431250000000003 0.85260769842926909 6.4755000000000011 44.354166670000005
decision_type=2 2 2 2 2 2 2 2 2 2
left_child=9 2 6 5 -5 -4 8 -3 -2 -1
right_child=1 7 3 4 -6 -7 -8 -9 -10 -11
leaf_value=-0.0065702161595225343 -0.0095983808674822441 -0.036774612426757815 0.036589505998342021 0.035765011329804697 -0.014758851642185582 0.0088153358624392265 -0.032562224521086765 -0.00085856770341460778 0.00095092392093935397 -0.022227911075147301
leaf_weight=25 206 30 123 31 202 148 26 37 1112 39
leaf_count=25 206 30 123 31 202 148 26 37 1112 39
internal_value=2.78053e-11 0.000538456 0.00117216 0.00780279 -0.00803679 0.0214213 -0.00131433 -0.0169404 -0.000697905 -0.0161116
internal_weight=1979 1915 1848 504 233 271 1344 67 1318 64
internal_count=1979 1915 1848 504 233 271 1344 67 1318 64
is_linear=0
shrinkage=0.01


Tree=284
num_leaves=15
num_cat=0
split_feature=4 3 6 3 2 2 6 3 6 7 5 5 5 0
split_gain=169.249 302.496 450.321 683.952 530.911 426.283 242.34 459.8 227.051 545.99 633.807 464.666 325.285 711.421
threshold=0.37552083350000004 12.506041665000003 11.993500000000003 13.703958335000001 12.516458330000001 14.190416665000003 7.2010000000000014 8.3018750000000008 8.697000000000001 0.87878364999916159 0.41495833350000005 0.42135416650000007 0.40895833350000005 7.5895735000000011
decision_type=2 2 2 2 2 2 2 2 2 2 2 2 2 2
left_child=6 8 3 4 -3 -5 -1 -8 9 11 -11 -2 13 -10
right_child=1 2 -4 5 -6 -7 7 -9 12 10 -12 -13 -14 -15
leaf_value=-0.021415683957082883 0.00049092191603427779 0.013428367668468702 -0.001227695852828949 -0.034951589389571124 0.056221727920790852 0.020228816270828249 0.038618809145230512 -0.0048528032282509877 0.043308257032185792 0.04665360455159788 0.0045626523742838846 -0.03294334035449558 -0.020804337432154086 -0.0068631217818060685
leaf_weight=77 545 57 182 28 59 28 26 379 32 54 106 45 119 242
leaf_count=77 545 57 182 28 59 28 26 379 32 54 106 45 119 242
internal_value=4.37678e-11 0.00165941 0.00973678 0.0213387 0.035194 -0.00736139 -0.0051538 -0.00206203 -0.000842248 0.00238405 0.0187683 -0.00205915 -0.00699931 -0.00100369
internal_weight=1979 1497 354 172 116 56 482 405 1143 750 160 590 393 274
internal_count=1979 1497 354 172 116 56 482 405 1143 750 160 590 393 274
is_linear=0
shrinkage=0.01


Tree=285
num_leaves=15
num_cat=0
split_feature=0 5 7 0 2 5 5 5 7 5 3 5 6 4
split_gain=168.217 275.112 519.203 473.346 799.488 352.489 317.435 493.739 276.377 196.207 174.205 146.264 117.47 125.832
threshold=16.862947500000004 0.39354166650000005 -0.0087262032186418287 14.675421000000002 12.419583335000002 0.39297916650000003 0.39672916650000006 0.40179166650000003 -0.83385407025023284 0.39981250000000007 13.585208330000002 0.3800416665000001 12.093000000000002 0.37814583350000003
decision_type=2 2 2 2 2 2 2 2 2 2 2 2 2 2
left_child=1 2 5 4 8 10 -5 -8 -3 -6 -1 -2 13 -13
right_child=11 3 -4 6 9 -7 7 -9 -10 -11 -12 12 -14 -15
leaf_value=0.016671299172978087 0.0090528591658840789 -0.021437357044945073 -0.014409734270417354 -0.034816658425011804 0.067863401174545285 0.049652294623000283 0.010012803558578216 -0.025017296071459035 0.0013601836220524606 0.023568194806575776 -0.0046477336425106135 -0.0099122554311106177 -0.019600144845411876 0.011657695205083916
leaf_weight=176 47 56 71 56 20 28 82 79 1055 20 49 119 86 35
leaf_count=176 47 56 71 56 20 28 82 79 1055 20 49 119 86 35
internal_value=-2.07677e-11 0.00120075 0.00948637 -0.000761634 0.00179247 0.0161924 -0.014309 -0.00717588 0.000211073 0.0457158 0.0120285 -0.00707898 -0.0102381 -0.00500999
internal_weight=1979 1692 324 1368 1151 253 217 161 1111 40 225 287 240 154
internal_count=1979 1692 324 1368 1151 253 217 161 1111 40 225 287 240 154
is_linear=0
shrinkage=0.01


Tree=286
num_leaves=14
num_cat=0
split_feature=0 2 3 0 6 5 3 2 5 4 6 3 3
split_gain=168.416 206.428 574.387 340.411 306.204 300.191 1308.91 555.976 129.995 249.27 46.3219 37.9457 21.2508
threshold=5.0490095000000013 5.8820832210000011 7.7591666665000014 6.0922985000000009 5.4390000000000009 0.41185416650000006 11.001875000000002 7.6091666355000012 0.41495833350000005 0.38689583350000006 6.3930000000000016 7.251875000000001 7.3070833335000005
decision_type=2 2 2 2 2 2 2 2 2 2 2 2 2
left_child=12 2 8 4 -3 7 -7 -5 9 -2 -6 -10 -1
right_child=1 3 -4 5 10 6 -8 -9 11 -11 -12 -13 -14
leaf_value=-0.011562780362343596 -0.0022900221341600022 0.014095887541770935 0.060466215042840867 0.02057670276750017 -0.018112487137317657 0.00058086187800083459 0.060838139001713247 -0.0030162322872916043 -0.0014544895344546862 0.037592093420028685 -0.036466960202563896 -0.019489149177446961 -0.023954484306275843
leaf_weight=31 42 20 21 108 20 223 43 1329 28 25 44 20 25
leaf_count=31 42 20 21 108 20 223 43 1329 28 25 44 20 25
internal_value=2.85427e-11 0.00049782 0.0123743 -0.000406041 -0.0200581 0.00056329 0.0103217 -0.00124307 0.00359228 0.0125914 -0.0307312 -0.00896893 -0.0170948
internal_weight=1979 1923 136 1787 84 1703 266 1437 115 67 64 48 56
internal_count=1979 1923 136 1787 84 1703 266 1437 115 67 64 48 56
is_linear=0
shrinkage=0.01


Tree=287
num_leaves=14
num_cat=0
split_feature=0 2 3 0 6 5 3 2 3 4 7 1 2
split_gain=165.126 205.375 448.954 315.405 314.489 294.217 1283.42 544.912 72.7756 111.345 43.5523 36.3077 30.7331
threshold=5.1819645000000003 5.8820832210000011 7.5664583335000009 6.0922985000000009 5.7650000000000006 0.41185416650000006 10.910208335000002 7.6091666355000012 5.9883333330000008 0.38689583350000006 0.35019404643548424 44.354166670000005 6.3799999125000006
decision_type=2 2 2 2 2 2 2 2 2 2 2 2 2
left_child=11 2 8 4 -3 7 -7 -5 9 -2 -10 -1 -6
right_child=1 3 -4 5 12 6 -8 -9 10 -11 -12 -13 -14
leaf_value=-0.0063933654397726062 -0.0021801807240329004 0.0082269442964483189 0.048946098530734033 0.020370935836323985 -0.0275540199063041 0.00030665011646655889 0.058896593597200182 -0.0029860699734592039 -0.015850013732910156 0.030421030640602115 0.0020792120766072049 -0.021831213322778546 -0.043029131548745297
leaf_weight=25 22 27 27 108 33 221 45 1329 20 20 42 39 21
leaf_count=25 22 27 27 108 33 221 45 1329 20 20 42 39 21
internal_value=7.05963e-12 0.000528069 0.0126132 -0.000359348 -0.0196391 0.000557657 0.0102185 -0.00123064 0.00318061 0.0133442 -0.00370441 -0.0158008 -0.0335721
internal_weight=1979 1915 131 1784 81 1703 266 1437 104 42 62 64 54
internal_count=1979 1915 131 1784 81 1703 266 1437 104 42 62 64 54
is_linear=0
shrinkage=0.01


Tree=288
num_leaves=15
num_cat=0
split_feature=0 3 6 3 7 4 0 3 5 7 5 3 7 4
split_gain=162.304 203.867 342.73 308.654 557.629 337.902 214.758 244.467 262.489 127.748 122.42 118.8 46.7585 41.9734
threshold=18.155531000000003 7.2706250000000008 5.5550000000000006 7.5060416665000007 -0.034899496702501184 0.40993750000000007 10.045595500000003 6.3404166665000004 0.40597916650000004 0.46173103126271869 0.37785416650000009 11.348750000000001 -0.87032255546191706 0.35593750000000007
decision_type=2 2 2 2 2 2 2 2 2 2 2 2 2 2
left_child=1 6 -3 4 -4 -5 7 8 -1 -9 -2 -12 13 -13
right_child=10 2 3 5 -6 -7 -8 9 -10 -11 11 12 -14 -15
leaf_value=-0.010507067043091291 0.012526056192815304 0.043627066433429722 -0.015898391306400299 0.0034489907507601596 0.038757805755095825 -0.0086346519704569476 0.023350950715442499 -0.016392131192767206 0.023095270192369503 -0.00086845393160021769 0.0010017921320266193 -0.019196955809990566 -0.012301685963883192 -0.038310402214527133
leaf_weight=46 20 20 28 1048 56 297 24 201 47 72 36 27 37 20
leaf_count=46 20 20 28 1048 56 297 24 201 47 72 36 27 37 20
internal_value=-2.31736e-11 0.000790159 0.00251751 0.00194215 0.0205391 0.000780707 -0.00562762 -0.00752785 0.00647476 -0.012298 -0.0103793 -0.0141969 -0.0207106 -0.0273303
internal_weight=1979 1839 1449 1429 84 1345 390 366 93 273 140 120 84 47
internal_count=1979 1839 1449 1429 84 1345 390 366 93 273 140 120 84 47
is_linear=0
shrinkage=0.01


Tree=289
num_leaves=14
num_cat=0
split_feature=0 2 3 0 6 5 3 0 5 4 6 3 3
split_gain=162.162 196.724 554.736 325.671 292.35 289.427 1256.54 534.539 126.349 237.042 44.6417 38.8372 21.3465
threshold=5.0490095000000013 5.8820832210000011 7.7591666665000014 6.0922985000000009 5.4390000000000009 0.41185416650000006 11.001875000000002 7.8696900000000012 0.41495833350000005 0.38689583350000006 6.3930000000000016 7.251875000000001 7.3070833335000005
decision_type=2 2 2 2 2 2 2 2 2 2 2 2 2
left_child=12 2 8 4 -3 7 -7 -5 9 -2 -6 -10 -1
right_child=1 3 -4 5 10 6 -8 -9 11 -11 -12 -13 -14
leaf_value=-0.011229949660388934 -0.002187824547734289 0.013756656944751739 0.059344559851146887 0.018627014465389714 -0.017656830251216889 0.00059212842830895312 0.059631592562032307 -0.0030937405813959888 -0.0013296107947826385 0.036703725767135625 -0.035675343356349247 -0.019574887908995153 -0.023649518716335298
leaf_weight=31 42 20 21 124 20 223 43 1313 28 25 44 20 25
leaf_count=31 42 20 21 124 20 223 43 1313 28 25 44 20 25
internal_value=-2.10003e-11 0.00048849 0.0120825 -0.000393871 -0.0196157 0.00055424 0.0101361 -0.00121944 0.00345198 0.0123239 -0.0300446 -0.00893181 -0.0167744
internal_weight=1979 1923 136 1787 84 1703 266 1437 115 67 64 48 56
internal_count=1979 1923 136 1787 84 1703 266 1437 115 67 64 48 56
is_linear=0
shrinkage=0.01


Tree=290
num_leaves=15
num_cat=0
split_feature=0 2 5 3 3 3 4 7 2 7 5 6 4 1
split_gain=159.09 277.13 408.551 515.018 388.211 382.104 380.92 482.317 248.085 184.901 142.4 123.375 133.156 141.263
threshold=16.862947500000004 13.538333335000003 0.40095833350000004 13.753958335000002 13.199791665000001 13.845625000000002 0.3623958335000001 -0.23343647497176648 14.362291670000003 -0.8910065241883679 0.38172916700000004 12.043500000000002 0.37814583350000003 282.52083335000003
decision_type=2 2 2 2 2 2 2 2 2 2 2 2 2 2
left_child=1 5 3 4 -3 6 9 -8 -5 -1 -2 12 13 -12
right_child=10 2 -4 8 -6 -7 7 -9 -10 -11 11 -13 -14 -15
leaf_value=0.00030059609076251158 0.0077474553910670454 0.017525611547323374 -0.024223092730950423 -0.014094565219755441 0.0581022797464519 -0.043753482460975643 -0.0086939240886741102 0.0035391587890180399 0.024658169401033471 0.035154664410485162 -0.015003996119303729 -0.019701834580186626 0.013013920177790253 0.014291274264454841
leaf_weight=23 54 65 27 53 37 20 504 894 24 45 93 87 33 20
leaf_count=23 54 65 27 53 37 20 504 894 24 45 93 87 33 20
internal_value=3.89941e-11 0.00116772 0.0120374 0.0175069 0.0322446 -0.000339116 0.000253168 -0.000871051 -0.00201579 0.0233658 -0.00688426 -0.0102753 -0.00465813 -0.00981899
internal_weight=1979 1692 206 179 102 1486 1466 1398 77 68 287 233 146 113
internal_count=1979 1692 206 179 102 1486 1466 1398 77 68 287 233 146 113
is_linear=0
shrinkage=0.01


Tree=291
num_leaves=15
num_cat=0
split_feature=0 4 3 6 3 6 7 2 6 3 7 4 5 0
split_gain=159.613 191.665 247.241 424.623 651.231 291.8 700.746 324.438 238.505 447.705 210.971 172.902 70.1252 85.1103
threshold=5.0490095000000013 0.37552083350000004 12.506041665000003 11.993500000000003 13.703958335000001 8.697000000000001 0.68199836006249837 13.347708335000002 7.2010000000000014 8.3018750000000008 -0.6755644832106783 0.41214583350000006 0.40302083350000006 13.759023000000001
decision_type=2 2 2 2 2 2 2 2 2 2 2 2 2 2
left_child=-1 8 5 4 -4 6 -3 -7 12 -10 -11 -5 13 -2
right_child=1 2 3 11 -6 7 -8 -9 9 10 -12 -13 -14 -15
leaf_value=-0.016642047986221899 -0.004819624412691955 -0.002818537803127187 0.034354726796455938 0.0024420408721288712 -0.0071702000685036184 -0.01079518408125809 0.018997137594511205 0.014466618357847134 0.038235340233032523 -0.0010475184658014424 -0.020066854533635908 -0.02806594401243187 -0.035288337568442026 -0.030962714314460755
leaf_weight=56 33 482 116 161 56 333 212 60 26 307 72 21 24 20
leaf_count=56 33 482 116 161 56 333 212 60 26 307 72 21 24 20
internal_value=4.13857e-11 0.000484636 0.00231052 0.00956893 0.020835 -5.33038e-05 0.00384562 -0.00693842 -0.00497408 -0.00190687 -0.00466069 -0.00107811 -0.0211068 -0.0146849
internal_weight=1979 1923 1441 354 172 1087 694 393 482 405 379 182 77 53
internal_count=1979 1923 1441 354 172 1087 694 393 482 405 379 182 77 53
is_linear=0
shrinkage=0.01


Tree=292
num_leaves=12
num_cat=0
split_feature=0 5 7 6 3 5 4 0 5 7 1
split_gain=156.718 197.019 269.743 858.399 632.74 465.065 315.605 386.562 209.47 202.463 35.7235
threshold=5.1819645000000003 0.42297916650000006 0.2334364749717662 9.1625000000000014 8.8331250000000008 0.41450000000000004 0.40977083350000004 14.153564500000002 0.40095833350000004 0.85260769842926909 44.354166670000005
decision_type=2 2 2 2 2 2 2 2 2 2 2
left_child=10 2 6 5 -5 -4 8 -8 -2 -3 -1
right_child=1 9 3 4 -6 -7 7 -9 -10 -11 -12
leaf_value=-0.0060618228286504752 0.0031992491281449499 -0.035636251131693525 0.031694523604852816 0.034698063600808383 -0.012963336464721536 0.0067374534290283918 -0.0051341464781555638 -0.050378622572336884 -0.0053611968914046883 -0.00067811009851661891 -0.021374971593897313
leaf_weight=25 755 30 140 32 215 160 58 28 460 37 39
leaf_count=25 755 30 140 32 215 160 58 28 460 37 39
internal_value=3.64352e-11 0.000514449 0.00112519 0.00701727 -0.00678858 0.0183841 -0.00135211 -0.0198649 -4.17428e-05 -0.016331 -0.0153933
internal_weight=1979 1915 1848 547 247 300 1301 86 1215 67 64
internal_count=1979 1915 1848 547 247 300 1301 86 1215 67 64
is_linear=0
shrinkage=0.01


Tree=293
num_leaves=15
num_cat=0
split_feature=0 5 7 0 2 5 5 7 7 5 3 5 6 4
split_gain=157.45 271.196 499.226 446.603 783.204 338.319 312.068 477.821 263.16 190.688 167.829 140.324 120.425 131.864
threshold=16.862947500000004 0.39354166650000005 -0.0087262032186418287 14.675421000000002 12.419583335000002 0.39297916650000003 0.39672916650000006 -0.78257835753184624 -0.84335933205092484 0.39981250000000007 13.585208330000002 0.38172916700000004 12.043500000000002 0.37360416650000006
decision_type=2 2 2 2 2 2 2 2 2 2 2 2 2 2
left_child=1 2 5 4 8 10 -5 -8 -3 -6 -1 -2 -13 -14
right_child=11 3 -4 6 9 -7 7 -9 -10 -11 -12 12 13 -15
leaf_value=0.016441576372281733 0.0076759941931124091 -0.022059137281395639 -0.014043739401853422 -0.034279322358114379 0.067001865625381476 0.048744350863354546 0.0088173902284523296 -0.025787925328293892 0.0011965549191611574 0.023334037587046625 -0.0044836471136303008 -0.0046653051474067854 -0.037399128441299716 -0.011046924648522321
leaf_weight=176 54 51 71 56 20 28 88 73 1060 20 49 146 28 59
leaf_count=176 54 51 71 56 20 28 88 73 1060 20 49 146 28 59
internal_value=3.04071e-11 0.00116169 0.00938813 -0.000786681 0.00169422 0.0159639 -0.0139458 -0.00687322 0.000129012 0.045168 0.0118845 -0.00684869 -0.0102149 -0.0195281
internal_weight=1979 1692 324 1368 1151 253 217 161 1111 40 225 287 233 87
internal_count=1979 1692 324 1368 1151 253 217 161 1111 40 225 287 233 87
is_linear=0
shrinkage=0.01


Tree=294
num_leaves=15
num_cat=0
split_feature=4 3 6 3 2 2 6 3 6 7 5 5 5 0
split_gain=155.649 287.617 411.199 630.941 514.693 411.501 234.893 439.329 214.514 502.258 604.4 439.705 321.462 670.85
threshold=0.37552083350000004 12.506041665000003 11.993500000000003 13.703958335000001 12.516458330000001 14.190416665000003 7.2010000000000014 8.3018750000000008 8.697000000000001 0.87878364999916159 0.41495833350000005 0.42135416650000007 0.40895833350000005 7.5895735000000011
decision_type=2 2 2 2 2 2 2 2 2 2 2 2 2 2
left_child=6 8 3 4 -3 -5 -1 -8 9 11 -11 -2 13 -10
right_child=1 2 -4 5 -6 -7 7 -9 12 10 -12 -13 -14 -15
leaf_value=-0.020952499194385167 0.00050703937474904162 0.012430977839649769 -0.0010098299544220176 -0.03411897656640836 0.054565667373649145 0.020096240863204003 0.037866446261222542 -0.0046264383128517376 0.042157485168427232 0.0452330482006073 0.0041301613729798573 -0.032016823291778566 -0.020556338817632497 -0.0065622970914229559
leaf_weight=77 545 57 182 28 59 28 26 379 32 54 106 45 119 242
leaf_count=77 545 57 182 28 59 28 26 379 32 54 106 45 119 242
internal_value=-3.32451e-11 0.00159134 0.00946755 0.0205541 0.0338616 -0.00701137 -0.0049424 -0.0018985 -0.000848014 0.00228795 0.0180024 -0.00197359 -0.00683267 -0.000872396
internal_weight=1979 1497 354 172 116 56 482 405 1143 750 160 590 393 274
internal_count=1979 1497 354 172 116 56 482 405 1143 750 160 590 393 274
is_linear=0
shrinkage=0.01


Tree=295
num_leaves=15
num_cat=0
split_feature=0 2 5 3 3 3 4 7 2 7 5 6 4 4
split_gain=153.951 267.604 392.876 491.846 370.588 366.425 368.851 456.774 238.503 180.603 138.251 117.349 128.942 124.328
threshold=16.862947500000004 13.538333335000003 0.40095833350000004 13.753958335000002 13.199791665000001 13.845625000000002 0.3623958335000001 -0.23343647497176648 14.362291670000003 -0.8910065241883679 0.38172916700000004 12.043500000000002 0.37360416650000006 0.37814583350000003
decision_type=2 2 2 2 2 2 2 2 2 2 2 2 2 2
left_child=1 5 3 4 -3 6 9 -8 -5 -1 -2 13 -13 -12
right_child=10 2 -4 8 -6 -7 7 -9 -10 -11 11 12 -14 -15
leaf_value=0.00019598942735920782 0.0076448289774082327 0.017214781209826471 -0.023728183663139741 -0.013728158414926169 0.056859776663430339 -0.042846294175833466 -0.0084711729122384904 0.0034335765727992029 0.024268756975264601 0.034642583471205503 -0.009622021996688131 -0.036978872695139477 -0.010920183968304072 0.012441006336699834
leaf_weight=23 54 65 27 53 37 20 504 894 24 45 113 28 59 33
leaf_count=23 54 65 27 53 37 20 504 894 24 45 113 28 59 33
internal_value=-1.80906e-11 0.00114871 0.0118299 0.0171935 0.0315958 -0.000332002 0.000248002 -0.000858264 -0.00188496 0.0229915 -0.00677217 -0.0101135 -0.0193069 -0.00463517
internal_weight=1979 1692 206 179 102 1486 1466 1398 77 68 287 233 87 146
internal_count=1979 1692 206 179 102 1486 1466 1398 77 68 287 233 87 146
is_linear=0
shrinkage=0.01


Tree=296
num_leaves=14
num_cat=0
split_feature=0 2 3 0 6 5 3 2 5 4 3 2 3
split_gain=154.331 187.89 538.751 316.532 285.061 272.631 1217.85 508.597 123.171 232.996 37.6007 26.0775 21.0104
threshold=5.0490095000000013 5.8820832210000011 7.7591666665000014 6.0922985000000009 5.7650000000000006 0.41185416650000006 10.910208335000002 7.6091666355000012 0.41495833350000005 0.38689583350000006 7.251875000000001 6.3799999125000006 7.3070833335000005
decision_type=2 2 2 2 2 2 2 2 2 2 2 2 2
left_child=12 2 8 4 -3 7 -7 -5 9 -2 -10 -6 -1
right_child=1 3 -4 5 11 6 -8 -9 10 -11 -12 -13 -14
leaf_value=-0.010863761177376634 -0.0023257083024474838 0.0067162046262196134 0.058383397715432307 0.019696861190238484 -0.02666509090047894 0.00019329657971993829 0.057266999549335902 -0.0028684316977120633 -0.0014448869015489304 0.036232507181167606 -0.0193973604477942 -0.040536032241323725 -0.023185182264447213
leaf_weight=31 42 28 21 108 33 221 45 1329 28 25 20 23 25
leaf_count=31 42 28 21 108 33 221 45 1329 28 25 20 23 25
internal_value=-5.96595e-11 0.00047655 0.0118072 -0.000385772 -0.019336 0.000548942 0.00984862 -0.0011725 0.00330199 0.0120617 -0.00892508 -0.0323621 -0.0163644
internal_weight=1979 1923 136 1787 84 1703 266 1437 115 67 48 56 56
internal_count=1979 1923 136 1787 84 1703 266 1437 115 67 48 56 56
is_linear=0
shrinkage=0.01


Tree=297
num_leaves=11
num_cat=0
split_feature=0 5 4 3 3 7 1 5 7 1
split_gain=151.3 187.187 258.064 329.068 457.474 194.864 133.273 144.91 86.5672 34.7171
threshold=5.1819645000000003 0.42297916650000006 0.39447916650000009 13.845625000000002 12.978958335000003 0.85260769842926909 278.91666665000008 0.38422916650000005 -0.84335933205092484 44.354166670000005
decision_type=2 2 2 2 2 2 2 2 2 2
left_child=9 2 6 4 -4 -3 7 -2 -8 -1
right_child=1 5 3 -5 -6 -7 8 -9 -10 -11
leaf_value=-0.0059257771819829939 0.0048940257295966147 -0.034853808522224423 0.0026808991224282351 -0.03345077606764707 0.022257704502855039 -0.00055792230206566889 0.0029356820261411706 -0.0059855421893641224 0.025069396179169416 -0.021021689304914801
leaf_weight=25 150 30 778 22 141 37 67 666 24 39
leaf_count=25 150 30 778 22 141 37 67 666 24 39
internal_value=2.56461e-11 0.000505478 0.00110078 0.00476956 0.00568452 -0.0159143 -0.00270552 -0.00398562 0.00877315 -0.0151248
internal_weight=1979 1915 1848 941 919 67 907 816 91 64
internal_count=1979 1915 1848 941 919 67 907 816 91 64
is_linear=0
shrinkage=0.01


Tree=298
num_leaves=15
num_cat=0
split_feature=0 5 7 0 2 5 5 5 7 5 3 5 6 4
split_gain=149.351 263.863 487.074 425.362 753.416 323.063 303.228 471.893 253.917 184.822 161.909 134.766 110.693 179.716
threshold=16.862947500000004 0.39354166650000005 -0.0087262032186418287 14.675421000000002 12.419583335000002 0.39297916650000003 0.39672916650000006 0.40179166650000003 -0.84335933205092484 0.39981250000000007 13.585208330000002 0.3800416665000001 13.286000000000003 0.37814583350000003
decision_type=2 2 2 2 2 2 2 2 2 2 2 2 2 2
left_child=1 2 5 4 8 10 -5 -8 -3 -6 -1 -2 13 -13
right_child=11 3 -4 6 9 -7 7 -9 -10 -11 -12 12 -14 -15
leaf_value=0.016230752273933665 0.0088145881463238523 -0.021699384054278625 -0.013899077550626138 -0.033676283367510357 0.065765197753906254 0.047773934964622768 0.010143008008144978 -0.024103353685121749 0.0011442251589856515 0.022774258434772491 -0.0043221442317780186 -0.012203301222130125 -0.023285294074254729 0.009567665296535079
leaf_weight=176 47 51 71 56 20 28 82 79 1060 20 49 140 48 52
leaf_count=176 47 51 71 56 20 28 82 79 1060 20 49 140 48 52
internal_value=5.00133e-12 0.00113141 0.00924587 -0.000790432 0.00163076 0.0157411 -0.0136328 -0.00666111 9.55986e-05 0.0442697 0.0117548 -0.00667022 -0.00970266 -0.006307
internal_weight=1979 1692 324 1368 1151 253 217 161 1111 40 225 287 240 192
internal_count=1979 1692 324 1368 1151 253 217 161 1111 40 225 287 240 192
is_linear=0
shrinkage=0.01


Tree=299
num_leaves=14
num_cat=0
split_feature=0 2 3 0 6 5 3 2 5 4 3 2 3
split_gain=148.667 184.847 527.056 307.128 279.237 266.09 1192.46 497.344 121.015 227.945 36.4645 26.1743 20.7465
threshold=5.0490095000000013 5.8820832210000011 7.7591666665000014 6.0922985000000009 5.7650000000000006 0.41185416650000006 11.001875000000002 7.6091666355000012 0.41495833350000005 0.38689583350000006 7.251875000000001 6.3799999125000006 7.3070833335000005
decision_type=2 2 2 2 2 2 2 2 2 2 2 2 2
left_child=12 2 8 4 -3 7 -7 -5 9 -2 -10 -6 -1
right_child=1 3 -4 5 11 6 -8 -9 10 -11 -12 -13 -14
leaf_value=-0.010595306098581321 -0.002254037965072452 0.0067304763942956924 0.05777413697469802 0.019469666022945333 -0.026238974332809448 0.00042314928075123264 0.057937501932299414 -0.0028445939595763414 -0.0014594035755310739 0.035883929395675661 -0.019138563215732575 -0.040135638713836672 -0.022839092761278153
leaf_weight=31 42 28 21 108 33 223 43 1329 28 25 20 23 25
leaf_count=31 42 28 21 108 33 223 43 1329 28 25 20 23 25
internal_value=3.57993e-11 0.000467723 0.0117063 -0.000387588 -0.0190542 0.000533138 0.00972058 -0.00116753 0.00329386 0.0119765 -0.00882572 -0.0319465 -0.0160613
internal_weight=1979 1923 136 1787 84 1703 266 1437 115 67 48 56 56
internal_count=1979 1923 136 1787 84 1703 266 1437 115 67 48 56 56
is_linear=0
shrinkage=0.01


Tree=300
num_leaves=15
num_cat=0
split_feature=4 3 6 3 4 3 6 6 3 6 7 5 5 5
split_gain=145.748 274.341 393.056 501.258 462.758 297.192 279.257 231.077 427.405 210.019 480.314 616.1 453.569 319.598
threshold=0.37552083350000004 12.506041665000003 11.535000000000002 13.703958335000001 0.41068750000000004 13.410208335000002 13.114000000000003 7.2010000000000014 8.3018750000000008 8.697000000000001 0.87032255546191739 0.41495833350000005 0.42135416650000007 0.40895833350000005
decision_type=2 2 2 2 2 2 2 2 2 2 2 2 2 2
left_child=7 9 3 5 6 -3 -4 -1 -9 10 12 -12 -2 -11
right_child=1 2 4 -5 -6 -7 -8 8 -10 13 11 -13 -14 -15
leaf_value=-0.020662107492325367 0.00046635364093904004 0.023513177408074792 0.018353010147623718 -0.0059130109612678377 -0.033054899230106349 0.061920062344649751 -0.0065430513153806689 0.037458064487347238 -0.0044542146705847854 -0.00082114774908829664 0.044254480569756456 0.003570035493320173 -0.033279837037241737 -0.020447937846183779
leaf_weight=77 540 66 100 43 34 29 82 26 379 274 56 111 43 119
leaf_count=77 540 66 100 43 34 29 82 26 379 274 56 111 43 119
internal_value=2.85526e-11 0.00153989 0.00923219 0.0224152 0.000809742 0.0352374 0.0071361 -0.00478261 -0.00176355 -0.000842499 0.00226043 0.0172127 -0.00202264 -0.00676412
internal_weight=1979 1497 354 138 216 95 182 482 405 1143 750 167 583 393
internal_count=1979 1497 354 138 216 95 182 482 405 1143 750 167 583 393
is_linear=0
shrinkage=0.01


Tree=301
num_leaves=14
num_cat=0
split_feature=0 2 3 0 6 5 3 2 5 4 2 3 4
split_gain=145.605 181.523 515.551 297.002 273.897 260.715 1163.67 484.935 118.131 223.29 42.146 35.2732 20.3932
threshold=5.0490095000000013 5.8820832210000011 7.7591666665000014 6.0922985000000009 5.4390000000000009 0.41185416650000006 10.910208335000002 7.6091666355000012 0.41495833350000005 0.38689583350000006 6.3799999125000006 7.251875000000001 0.40685416650000006
decision_type=2 2 2 2 2 2 2 2 2 2 2 2 2
left_child=12 2 8 4 -3 7 -7 -5 9 -2 -6 -10 -1
right_child=1 3 -4 5 10 6 -8 -9 11 -11 -12 -13 -14
leaf_value=-0.020569394899266107 -0.0022261161097170165 0.013560975909233093 0.05716217324847267 0.01921543513821369 -0.022757382073053497 0.00017681307820982523 0.055966374761528437 -0.0028186976757885829 -0.0014494732261768409 0.035520426416397098 -0.03967006714447685 -0.018837447132915259 -0.0081043788010165801
leaf_weight=35 42 20 21 108 41 221 45 1329 28 25 23 20 21
leaf_count=35 42 20 21 108 41 221 45 1329 28 25 23 20 21
internal_value=5.05086e-11 0.000462881 0.0115999 -0.000384703 -0.018741 0.000520717 0.0096149 -0.00116269 0.00327982 0.0118584 -0.0288354 -0.00869446 -0.015895
internal_weight=1979 1923 136 1787 84 1703 266 1437 115 67 64 48 56
internal_count=1979 1923 136 1787 84 1703 266 1437 115 67 64 48 56
is_linear=0
shrinkage=0.01


Tree=302
num_leaves=15
num_cat=0
split_feature=3 6 3 7 7 5 5 2 0 3 5 7 0 0
split_gain=144.602 341.207 340.071 535.636 634.208 261.721 658.786 291.875 214.28 224.384 248.146 130.36 135.82 77.8796
threshold=7.2706250000000008 5.5550000000000006 7.5060416665000007 -0.034899496702501184 0.55191596924288688 0.41727083350000005 0.41112500000000002 5.9185415230000009 10.045595500000003 6.3404166665000004 0.40660416650000003 0.46173103126271869 9.4159845000000022 5.8448710000000004
decision_type=2 2 2 2 2 2 2 2 2 2 2 2 2 2
left_child=8 -2 3 -3 -5 6 -4 -7 9 10 -1 12 -11 -13
right_child=1 2 5 4 -6 7 -8 -9 -10 11 -12 13 -14 -15
leaf_value=-0.007516798840412362 0.04238258337974548 -0.015320914536714554 -0.0010571563785818033 0.063329971498913229 -0.0069034091085195537 0.009816691923785854 0.02457915159677147 -0.023441463538000119 0.023490092077602946 -0.019087089698782748 0.025712564242513558 -0.0091684276659396435 0.0062634794445087516 0.011927211925387383
leaf_weight=55 20 28 1247 36 20 37 109 92 24 177 38 42 24 30
leaf_count=55 20 28 1247 36 20 37 109 92 24 177 38 42 24 30
internal_value=3.46787e-11 0.00133917 0.000815986 0.0203908 0.0382466 -0.000291275 0.00100358 -0.0139023 -0.00545624 -0.00735436 0.00606079 -0.0119244 -0.0160602 -0.000378578
internal_weight=1979 1589 1569 84 56 1485 1356 129 390 366 93 273 201 72
internal_count=1979 1589 1569 84 56 1485 1356 129 390 366 93 273 201 72
is_linear=0
shrinkage=0.01


Tree=303
num_leaves=15
num_cat=0
split_feature=0 3 6 3 7 4 0 3 5 7 5 3 7 4
split_gain=142.911 186.792 317.442 300.371 524.977 321.764 210.016 219.919 243.498 127.766 112.612 115.48 45.9524 38.917
threshold=18.155531000000003 7.2706250000000008 5.5550000000000006 7.5060416665000007 -0.034899496702501184 0.40993750000000007 10.045595500000003 6.3404166665000004 0.40597916650000004 0.46173103126271869 0.37785416650000009 11.348750000000001 -0.87032255546191706 0.35593750000000007
decision_type=2 2 2 2 2 2 2 2 2 2 2 2 2 2
left_child=1 6 -3 4 -4 -5 7 8 -1 -9 -2 -12 13 -13
right_child=10 2 3 5 -6 -7 -8 9 -10 -11 11 12 -14 -15
leaf_value=-0.010355789832234301 0.012229142073541879 0.041958758413791652 -0.015167705650840486 0.0032991848750180347 0.037864155343600679 -0.0084923638575882827 0.02325519079963366 -0.015899554655252404 0.022008155508244292 -0.00037479201991421485 0.0015838619901074303 -0.018553811927084569 -0.011486930784240767 -0.036958212137222286
leaf_weight=46 20 20 28 1048 56 297 24 201 47 72 36 27 37 20
leaf_count=46 20 20 28 1048 56 297 24 201 47 72 36 27 37 20
internal_value=5.38593e-11 0.000741453 0.00239488 0.00184116 0.0201869 0.000695401 -0.00540168 -0.00728082 0.00600018 -0.0118051 -0.00973951 -0.013401 -0.019823 -0.0263855
internal_weight=1979 1839 1449 1429 84 1345 390 366 93 273 140 120 84 47
internal_count=1979 1839 1449 1429 84 1345 390 366 93 273 140 120 84 47
is_linear=0
shrinkage=0.01


Tree=304
num_leaves=13
num_cat=0
split_feature=0 2 3 0 6 5 3 0 0 4 2 3
split_gain=141.871 174.762 501.337 286.637 262.401 252.273 1131.36 474.776 115.593 53.9419 25.3477 21.0822
threshold=5.0490095000000013 5.8820832210000011 7.7591666665000014 6.0922985000000009 5.7650000000000006 0.41185416650000006 11.001875000000002 7.8696900000000012 5.5421275000000012 0.38652083350000005 6.3799999125000006 7.3070833335000005
decision_type=2 2 2 2 2 2 2 2 2 2 2 2
left_child=11 2 8 4 -3 7 -7 -5 -2 -10 -6 -1
right_child=1 3 -4 5 10 6 -8 -9 9 -11 -12 -13
leaf_value=-0.010179833806149903 -0.015842513270676137 0.0065873759984970094 0.056314390613919213 0.017562933141974012 -0.025288822253545128 0.00040435139590982896 0.056425894547340483 -0.0029076102024610303 -0.0030561613417895779 0.013666664807786864 -0.038964288131050441 -0.02252229058742523
leaf_weight=31 25 28 21 124 33 223 43 1313 28 62 23 25
leaf_count=31 25 28 21 124 33 223 43 1313 28 62 23 25
internal_value=3.34187e-11 0.000456907 0.0113846 -0.000374744 -0.0184079 0.000514736 0.00946047 -0.00114119 0.00317998 0.00846401 -0.0309055 -0.0156899
internal_weight=1979 1923 136 1787 84 1703 266 1437 115 90 56 56
internal_count=1979 1923 136 1787 84 1703 266 1437 115 90 56 56
is_linear=0
shrinkage=0.01


Tree=305
num_leaves=15
num_cat=0
split_feature=0 5 7 3 3 6 5 5 3 5 6 4 4 1
split_gain=140.11 265.212 473.903 412.24 616.403 652.327 551.385 314.201 159.232 131.498 113.779 123.422 116.115 136.678
threshold=16.862947500000004 0.39354166650000005 -0.0087262032186418287 13.800833335000002 12.978958335000003 11.845500000000003 0.39602083350000006 0.39297916650000003 13.585208330000002 0.38172916700000004 12.043500000000002 0.37360416650000006 0.37814583350000003 282.52083335000003
decision_type=2 2 2 2 2 2 2 2 2 2 2 2 2 2
left_child=1 2 7 4 6 -6 -3 8 -1 -2 12 -12 13 -11
right_child=9 3 -4 -5 5 -7 -8 -9 -10 10 11 -13 -14 -15
leaf_value=0.016145376273113719 0.0075998775302260017 -0.03450660575628281 -0.013598833545832568 -0.044795800220398675 0.044704188936847758 -0.011368642278248445 -0.00061722870012220147 0.047228257549660542 -0.0042368781509600122 -0.014244386369502673 -0.036061323902436666 -0.010566526246651756 0.012177641845562241 0.014571529703214766
leaf_weight=176 54 50 71 21 59 32 1206 28 49 93 28 59 33 20
leaf_count=176 54 50 71 21 59 32 1206 28 49 93 28 59 33 20
internal_value=1.27858e-11 0.00109585 0.00923103 -0.000830899 -0.000145477 0.0249863 -0.00196633 0.0156378 0.0117066 -0.00646057 -0.00971922 -0.0187717 -0.0043249 -0.00914422
internal_weight=1979 1692 324 1368 1347 91 1256 253 225 287 233 87 146 113
internal_count=1979 1692 324 1368 1347 91 1256 253 225 287 233 87 146 113
is_linear=0
shrinkage=0.01


Tree=306
num_leaves=12
num_cat=0
split_feature=0 2 3 5 5 6 6 0 4 3 3
split_gain=138.937 171.539 464.958 240.269 260.653 264.323 137.061 92.9829 48.9671 20.6627 20.1636
threshold=5.0490095000000013 5.8424999500000014 7.6424997875000011 0.42114583350000007 0.41960416650000004 6.1515000000000013 6.3930000000000016 5.5421275000000012 0.38652083350000005 7.3070833335000005 8.4070833855000018
decision_type=2 2 2 2 2 2 2 2 2 2 2
left_child=9 2 7 4 5 -3 -5 -2 -9 -1 -8
right_child=1 3 -4 6 -6 -7 10 8 -10 -11 -12
leaf_value=-0.010071863105235201 -0.014354185794460744 -0.013602180898641094 0.053459183356978683 -3.6368105146620009e-05 0.036300631046295162 0.0011321899293724696 -0.035595464422589256 -0.0030674464855757022 0.013327700721898251 -0.022290895307064056 -0.022420900464057921
leaf_weight=31 24 132 22 27 20 1568 21 27 56 25 26
leaf_count=31 24 132 22 27 20 1568 21 27 56 25 26
internal_value=3.48387e-11 0.000452158 0.0115902 -0.000348736 0.000410348 -1.18906e-05 -0.0179923 0.00298159 0.00799434 -0.0155268 -0.0283074
internal_weight=1979 1923 129 1794 1720 1700 74 107 83 56 47
internal_count=1979 1923 129 1794 1720 1700 74 107 83 56 47
is_linear=0
shrinkage=0.01


Tree=307
num_leaves=15
num_cat=0
split_feature=0 2 5 4 3 4 7 7 4 5 6 4 1 4
split_gain=137.786 260.885 384.037 468.442 346.89 360.615 446.74 157.471 141.654 128.9 106.775 169.177 157.546 88.4405
threshold=16.862947500000004 13.538333335000003 0.40095833350000004 0.38587500000000002 13.845625000000002 0.3635208330000001 -0.23343647497176648 -0.8910065241883679 0.36660416650000005 0.3800416665000001 13.286000000000003 0.37814583350000003 282.52083335000003 0.39697916650000004
decision_type=2 2 2 2 2 2 2 2 2 2 2 2 2 2
left_child=1 4 3 8 5 7 -7 -1 -3 -2 11 12 -11 -5
right_child=9 2 -4 13 -6 6 -8 -9 -10 10 -12 -13 -14 -15
leaf_value=0.00062938524484634404 0.008737294559783124 -0.018048376788695652 -0.023522825290759407 0.023604141454297036 -0.041740765874274076 -0.0085644800180988204 0.0032611744755389866 0.031169713775698958 0.0092018236030752838 -0.016214583116043516 -0.022712613237090409 0.009364729262888432 0.013494188533652396 0.043770373144815133
leaf_weight=25 47 27 27 44 20 498 891 52 65 119 48 52 21 43
leaf_count=25 47 27 27 44 20 498 891 52 65 119 48 52 21 43
internal_value=4.29166e-11 0.00108673 0.011633 0.0169359 -0.000375276 0.000189055 -0.000978693 0.021254 0.00120448 -0.00640677 -0.00937249 -0.00603746 -0.0117583 0.0335714
internal_weight=1979 1692 206 179 1486 1466 1389 77 92 287 240 192 140 87
internal_count=1979 1692 206 179 1486 1466 1389 77 92 287 240 192 140 87
is_linear=0
shrinkage=0.01


Tree=308
num_leaves=13
num_cat=0
split_feature=0 2 3 5 5 6 6 3 4 1 7 3
split_gain=137.081 170 408.024 237.532 254.329 254.511 134.333 63.279 89.0112 33.1224 29.5231 19.7623
threshold=5.1819645000000003 5.8424999500000014 7.5664583335000009 0.42114583350000007 0.41960416650000004 6.1515000000000013 6.3930000000000016 5.9883333330000008 0.38689583350000006 44.354166670000005 0.36648727148060622 8.4070833855000018
decision_type=2 2 2 2 2 2 2 2 2 2 2 2
left_child=9 2 7 4 5 -3 -5 8 -2 -1 -9 -8
right_child=1 3 -4 6 -6 -7 11 10 -10 -11 -12 -13
leaf_value=-0.0054112735748291022 -0.0016557320854848341 -0.013354364439048841 0.049817234718281291 -6.8616072336832686e-05 0.035905012667179104 0.001155471777431768 -0.035272121599742343 -0.013315132051706313 0.027821692943573 -0.020156408789066167 0.0015651590041816236 -0.022229302961092729
leaf_weight=25 21 131 23 27 20 1566 21 20 20 39 40 26
leaf_count=25 21 131 23 27 20 1566 21 20 20 39 40 26
internal_value=3.60464e-11 0.000481139 0.0118045 -0.000302837 0.000453202 3.53842e-05 -0.017845 0.00314819 0.0127235 -0.0143966 -0.00339494 -0.0280569
internal_weight=1979 1915 124 1791 1717 1697 74 101 41 64 60 47
internal_count=1979 1915 124 1791 1717 1697 74 101 41 64 60 47
is_linear=0
shrinkage=0.01


Tree=309
num_leaves=15
num_cat=0
split_feature=0 5 7 3 3 6 5 5 3 5 5 7 6 4
split_gain=135.515 255.671 461.085 405.091 603.769 637.222 540.667 305.235 155.353 126.565 110.514 121.384 105.264 98.7815
threshold=16.862947500000004 0.39354166650000005 -0.0087262032186418287 13.800833335000002 12.978958335000003 11.845500000000003 0.39602083350000006 0.39297916650000003 13.585208330000002 0.38172916700000004 0.39441666650000001 -0.95878322595067689 10.843000000000002 0.33835416650000011
decision_type=2 2 2 2 2 2 2 2 2 2 2 2 2 2
left_child=1 2 7 4 6 -6 -3 8 -1 13 -11 -12 -4 -2
right_child=9 3 12 -5 5 -7 -8 -9 -10 10 11 -13 -14 -15
leaf_value=0.015894445306431325 -0.008261629812743353 -0.034159161174297334 0.0041362847347298391 -0.044396070525759744 0.044226570361751628 -0.011193264137255028 -0.00060076110011891804 0.04652124973280089 -0.0042380102712432947 -0.013606566661225923 -0.012562030368837818 0.015900696996719605 -0.021882322323508559 0.019090420017319341
leaf_weight=176 23 50 23 21 59 32 1206 28 49 173 29 31 48 31
leaf_count=176 23 50 23 21 59 32 1206 28 49 173 29 31 48 31
internal_value=-2.94919e-11 0.00107774 0.00906524 -0.000814043 -0.00013459 0.0247383 -0.00193668 0.0153848 0.01151 -0.00635376 -0.0095507 0.00214371 -0.0134538 0.00744047
internal_weight=1979 1692 324 1368 1347 91 1256 253 225 287 233 60 71 54
internal_count=1979 1692 324 1368 1347 91 1256 253 225 287 233 60 71 54
is_linear=0
shrinkage=0.01


Tree=310
num_leaves=13
num_cat=0
split_feature=0 2 3 5 5 6 6 3 4 1 7 3
split_gain=134.24 166.802 399.904 232.627 249.366 249.28 131.66 62.0198 87.2399 32.4633 28.9356 19.369
threshold=5.1819645000000003 5.8424999500000014 7.5664583335000009 0.42114583350000007 0.41960416650000004 6.1515000000000013 6.3930000000000016 5.9883333330000008 0.38689583350000006 44.354166670000005 0.36648727148060622 8.4070833855000018
decision_type=2 2 2 2 2 2 2 2 2 2 2 2
left_child=9 2 7 4 5 -3 -5 8 -2 -1 -9 -8
right_child=1 3 -4 6 -6 -7 11 10 -10 -11 -12 -13
leaf_value=-0.0053511530816555018 -0.0016331671515390986 -0.01321741750222126 0.049325070303419365 -6.192286809285481e-05 0.035551970005035398 0.0011425504398924426 -0.034913392577852524 -0.013175973266363144 0.027549483835697174 -0.019948836947934558 0.0015555150248110295 -0.022001002430915833
leaf_weight=25 21 131 23 27 20 1566 21 20 20 39 40 26
leaf_count=25 21 131 23 27 20 1566 21 20 20 39 40 26
internal_value=-3.91265e-11 0.000476127 0.0116925 -0.00030044 0.000447753 3.4032e-05 -0.0176605 0.00312272 0.0126023 -0.0142466 -0.00335498 -0.0277704
internal_weight=1979 1915 124 1791 1717 1697 74 101 41 64 60 47
internal_count=1979 1915 124 1791 1717 1697 74 101 41 64 60 47
is_linear=0
shrinkage=0.01


Tree=311
num_leaves=15
num_cat=0
split_feature=4 2 5 6 3 3 2 6 6 3 7 5 0 0
split_gain=134.392 262.696 427.076 399.29 377.724 358.332 969.435 297.41 225.904 416.025 199.545 295.488 128.655 99.5469
threshold=0.37552083350000004 13.561250000000003 0.40122916700000005 13.114000000000003 13.806041665 12.978958335000003 12.516458330000001 8.697000000000001 7.2010000000000014 8.3018750000000008 -0.6755644832106783 0.38697916650000003 16.653434500000003 17.711920000000003
decision_type=2 2 2 2 2 2 2 2 2 2 2 2 2 2
left_child=8 4 3 12 5 7 -7 -2 -1 -10 11 -11 -3 -5
right_child=1 2 -4 13 -6 6 -8 -9 9 10 -12 -13 -14 -15
leaf_value=-0.020293274461352206 0.0024091708742239419 0.030942438781106228 -0.031947580756885662 0.0042335639086862401 -0.043454331578686833 -0.003973756751685 0.060962606099567246 -0.0083913341428544092 0.037088475364905137 0.013367105307336898 -0.01924521326449596 -0.007566991762802509 0.012275901190199268 -0.021741548424959182
leaf_weight=77 751 96 21 36 20 67 35 386 26 100 72 207 60 25
leaf_count=77 751 96 21 36 20 67 35 386 26 100 72 207 60 25
internal_value=-3.92652e-11 0.00147869 0.0111134 0.0152806 -0.000342657 0.000353254 0.0183083 -0.00125749 -0.00459252 -0.00160744 -0.00426204 -0.000748068 0.023763 -0.00641197
internal_weight=1979 1497 238 217 1259 1239 102 1137 482 405 379 307 156 61
internal_count=1979 1497 238 217 1259 1239 102 1137 482 405 379 307 156 61
is_linear=0
shrinkage=0.01


Tree=312
num_leaves=15
num_cat=0
split_feature=3 2 5 7 5 0 6 3 0 6 5 0 3 5
split_gain=132.699 326.45 1149.13 1007.73 1223.25 797.042 452.114 412.155 305.033 302.885 261.244 205.144 209.421 235.182
threshold=7.2706250000000008 7.9904166795000009 0.41193750000000001 0.56638466991089664 0.40543750000000006 10.621611000000001 5.5550000000000006 8.2508333335000028 8.9977240000000016 7.113500000000001 0.40979166650000004 10.045595500000003 6.3404166665000004 0.40660416650000003
decision_type=2 2 2 2 2 2 2 2 2 2 2 2 2 2
left_child=11 3 5 -2 7 10 -6 -5 -4 -7 -3 12 13 -1
right_child=1 2 8 4 6 9 -8 -9 -10 -11 -12 -13 -14 -15
leaf_value=-0.0073421031697229909 0.070020657502687891 -0.017119073224231954 0.0087198110918203994 0.021346859303968294 0.040695127665996554 -0.022693946831693342 -0.009002758182274799 0.076638784958766068 0.052382765151560311 0.0012164977919443107 -0.047637619707319473 0.023095646407455206 -0.011499061371087209 0.025007583310729577
leaf_weight=55 26 127 24 28 20 56 216 26 48 982 36 24 273 38
leaf_count=55 26 127 24 28 20 56 216 26 48 982 36 24 273 38
internal_value=-2.4989e-12 0.00128287 -0.000975403 0.0103803 0.0050332 -0.0033017 -0.00479107 0.0479689 0.0378284 -7.34684e-05 -0.0238594 -0.00522686 -0.00708407 0.00587605
internal_weight=1979 1589 1273 316 290 1201 236 54 72 1038 163 390 366 93
internal_count=1979 1589 1273 316 290 1201 236 54 72 1038 163 390 366 93
is_linear=0
shrinkage=0.01


Tree=313
num_leaves=15
num_cat=0
split_feature=0 5 7 0 2 5 0 5 6 3 3 5 6 4
split_gain=132.874 248.258 449.757 397.361 707.862 297.11 281.421 461.088 242.046 167.474 152.499 122.372 102.537 161.816
threshold=16.862947500000004 0.39354166650000005 -0.0087262032186418287 14.626362000000002 12.419583335000002 0.39297916650000003 15.953489500000002 0.40095833350000004 10.027500000000002 9.1800000000000015 13.585208330000002 0.3800416665000001 13.286000000000003 0.37814583350000003
decision_type=2 2 2 2 2 2 2 2 2 2 2 2 2 2
left_child=1 2 5 4 8 10 9 -8 -3 -5 -1 -2 13 -13
right_child=11 3 -4 6 -6 -7 7 -9 -10 -11 -12 12 -14 -15
leaf_value=0.015700583006414078 0.0084640464503714374 0.0020118599396468993 -0.013302624860489871 0.005625061584636569 0.044002139944779251 0.045898756725447513 0.022862532344129351 -0.027749700048938394 -0.011352979138234184 -0.025541417541503908 -0.0042460865736463852 -0.011507986190462751 -0.022253833423989514 0.0091503942070099015
leaf_weight=176 47 952 71 20 38 28 45 30 158 125 49 140 48 52
leaf_count=176 47 952 71 20 38 28 45 30 158 125 49 140 48 52
internal_value=3.57658e-11 0.00106718 0.00893803 -0.000796968 0.00156237 0.0151795 -0.0131084 0.00261764 0.000109477 -0.0212426 0.0113566 -0.00629154 -0.00918117 -0.00591301
internal_weight=1979 1692 324 1368 1148 253 220 75 1110 145 225 287 240 192
internal_count=1979 1692 324 1368 1148 253 220 75 1110 145 225 287 240 192
is_linear=0
shrinkage=0.01


Tree=314
num_leaves=15
num_cat=0
split_feature=3 2 5 7 5 0 6 3 0 6 5 0 3 5
split_gain=130.933 319.694 1125.65 987.841 1198.75 780.733 442.704 403.899 299.039 296.431 255.686 201.022 205.436 230.292
threshold=7.2706250000000008 7.9904166795000009 0.41193750000000001 0.56638466991089664 0.40543750000000006 10.621611000000001 5.5550000000000006 8.2508333335000028 8.9977240000000016 7.113500000000001 0.40979166650000004 10.045595500000003 6.3404166665000004 0.40660416650000003
decision_type=2 2 2 2 2 2 2 2 2 2 2 2 2 2
left_child=11 3 5 -2 7 10 -6 -5 -4 -7 -3 12 13 -1
right_child=1 2 8 4 6 9 -8 -9 -10 -11 -12 -13 -14 -15
leaf_value=-0.0072742207866500729 0.069326033500524673 -0.016940935161945551 0.0086236316151916976 0.02113236457641636 0.04026805728673935 -0.022446023744331405 -0.0089099557206241617 0.075867700026585508 0.051855524862185122 0.0012082988071367296 -0.047133100297715932 0.022844571036597094 -0.011403210236360029 0.024737388930822671
leaf_weight=55 26 127 24 28 20 56 216 26 48 982 36 24 273 38
leaf_count=55 26 127 24 28 20 56 216 26 48 982 36 24 273 38
internal_value=5.64547e-12 0.0012743 -0.000960476 0.0102771 0.00498302 -0.00326288 -0.00474233 0.0474864 0.0374449 -6.78496e-05 -0.0236091 -0.00519197 -0.00703043 0.00580579
internal_weight=1979 1589 1273 316 290 1201 236 54 72 1038 163 390 366 93
internal_count=1979 1589 1273 316 290 1201 236 54 72 1038 163 390 366 93
is_linear=0
shrinkage=0.01


Tree=315
num_leaves=14
num_cat=0
split_feature=0 3 6 3 7 4 0 3 5 7 4 0 3
split_gain=130.664 161.348 289.362 286.556 488.588 290.042 197.022 201.348 225.709 124.27 72.1618 48.3191 9.3924
threshold=18.437024500000003 7.2706250000000008 5.5550000000000006 7.5060416665000007 -0.034899496702501184 0.40993750000000007 10.045595500000003 6.3404166665000004 0.40660416650000003 0.46173103126271869 0.35806250000000006 19.965436000000004 12.882083335000003
decision_type=2 2 2 2 2 2 2 2 2 2 2 2 2
left_child=1 6 -3 4 -4 -5 7 8 -1 -9 11 -2 -12
right_child=10 2 3 5 -6 -7 -8 9 -10 -11 12 -13 -14
leaf_value=-0.0072014787027781663 0.0084500081539154049 0.039865376472473145 -0.014601714674915587 0.0028715769435202171 0.036559151419039287 -0.0082759217147774962 0.022616126090288163 -0.015327209448488198 0.024490014785214474 -1.6340142788572445e-05 -0.026436052381992342 -0.010752885064208193 -0.016744610385969281
leaf_weight=55 20 20 28 1090 56 297 24 201 38 72 20 38 20
leaf_count=55 20 20 28 1090 56 297 24 201 38 72 20 38 20
internal_value=3.15163e-11 0.000586509 0.0020844 0.00157072 0.0195055 0.000484549 -0.00514005 -0.00696013 0.00574773 -0.0112892 -0.0112574 -0.0041312 -0.0215903
internal_weight=1979 1881 1491 1471 84 1387 390 366 93 273 98 58 40
internal_count=1979 1881 1491 1471 84 1387 390 366 93 273 98 58 40
is_linear=0
shrinkage=0.01


Tree=316
num_leaves=15
num_cat=0
split_feature=0 2 5 3 3 3 4 7 2 7 5 6 4 4
split_gain=129.816 243.267 364.447 444.83 339.529 330.032 346.073 426.167 222.419 156.548 119.606 108.261 118.933 105.553
threshold=16.862947500000004 13.538333335000003 0.40095833350000004 13.753958335000002 13.199791665000001 13.845625000000002 0.3635208330000001 -0.23343647497176648 14.362291670000003 -0.8910065241883679 0.38172916700000004 12.043500000000002 0.37360416650000006 0.37814583350000003
decision_type=2 2 2 2 2 2 2 2 2 2 2 2 2 2
left_child=1 5 3 4 -3 6 9 -8 -5 -1 -2 13 -13 -12
right_child=10 2 -4 8 -6 -7 7 -9 -10 -11 11 12 -14 -15
leaf_value=0.00026526111960411072 0.0071909103570161042 0.016336108918373404 -0.023008643917704897 -0.013175965404173113 0.054283428300373464 -0.040704818278551096 -0.0083595155630200851 0.0031906274314572581 0.023517437786795201 0.030715952400977794 -0.0086595385899124432 -0.035128977894783024 -0.010102196827972846 0.0116694473046245
leaf_weight=25 54 65 27 53 37 20 498 891 24 52 113 28 59 33
leaf_count=25 54 65 27 53 37 20 498 891 24 52 113 28 59 33
internal_value=-3.76082e-11 0.00105483 0.0112388 0.0164046 0.0301013 -0.000356948 0.0001935 -0.000950461 -0.00173906 0.0208294 -0.0062187 -0.00932651 -0.0181568 -0.00406463
internal_weight=1979 1692 206 179 102 1486 1466 1389 77 77 287 233 87 146
internal_count=1979 1692 206 179 102 1486 1466 1389 77 77 287 233 87 146
is_linear=0
shrinkage=0.01


Tree=317
num_leaves=14
num_cat=0
split_feature=0 2 3 0 6 5 3 2 5 4 2 3 3
split_gain=129.534 156.877 469.433 268.896 243.981 237.955 1067.82 452.482 113.288 196.004 40.8409 39.6776 21.0245
threshold=5.0490095000000013 5.8820832210000011 7.7591666665000014 6.0922985000000009 5.4390000000000009 0.41185416650000006 10.910208335000002 7.6091666355000012 0.41495833350000005 0.38689583350000006 6.3799999125000006 7.251875000000001 7.3070833335000005
decision_type=2 2 2 2 2 2 2 2 2 2 2 2 2
left_child=12 2 8 4 -3 7 -7 -5 9 -2 -6 -10 -1
right_child=1 3 -4 5 10 6 -8 -9 11 -11 -12 -13 -14
leaf_value=-0.0094897162703977481 -0.001944250650703907 0.012669366672635079 0.05426667622157505 0.018586351082970697 -0.021361530728456452 0.00015728550444765868 0.053599760115146639 -0.002697726793070631 -0.0011914922270391669 0.033420849323272703 -0.038010292312373288 -0.01963311918079853 -0.021815266889333725
leaf_weight=31 42 20 21 108 41 221 45 1329 28 25 23 20 25
leaf_count=31 42 20 21 108 41 221 45 1329 28 25 23 20 25
internal_value=1.25581e-11 0.00043659 0.01079 -0.000351357 -0.0178175 0.000510156 0.00919831 -0.00109809 0.00285077 0.0112517 -0.0273447 -0.0088755 -0.0149922
internal_weight=1979 1923 136 1787 84 1703 266 1437 115 67 64 48 56
internal_count=1979 1923 136 1787 84 1703 266 1437 115 67 64 48 56
is_linear=0
shrinkage=0.01


Tree=318
num_leaves=14
num_cat=0
split_feature=0 2 3 0 5 3 2 6 7 2 0 4 3
split_gain=126.957 153.929 430.501 222.923 373.553 918.032 455.268 296.295 561.845 93.2224 88.2268 44.898 20.6061
threshold=5.0490095000000013 5.8424999500000014 7.6424997875000011 6.5161905000000013 0.41185416650000006 11.001875000000002 7.5716666480000017 5.9595000000000011 0.58068084432175959 6.1164582460000014 5.5421275000000012 0.38652083350000005 7.3070833335000005
decision_type=2 2 2 2 2 2 2 2 2 2 2 2 2
left_child=12 2 10 7 6 -6 -5 8 -3 -9 -2 -12 -1
right_child=1 3 -4 4 5 -7 -8 9 -10 -11 11 -13 -14
leaf_value=-0.0093948190665293137 -0.014186962361757954 -0.027518929426486673 0.051270793324167077 0.020746430151917964 0.0028256808980966414 0.054282703507085181 -0.0026119454336195102 -0.0040035743117332453 0.036499347594277615 -0.028408236826459567 -0.0030097280263348862 0.012689443716912397 -0.021597114127874375
leaf_weight=31 24 26 22 89 179 43 1336 20 29 72 27 56 25
leaf_count=31 24 26 22 89 179 43 1336 20 29 72 27 56 25
internal_value=-1.61652e-12 0.000432224 0.0109831 -0.000326449 0.000726671 0.0127926 -0.00115307 -0.0121257 0.00623616 -0.0231029 0.00269962 0.00758248 -0.0148423
internal_weight=1979 1923 129 1794 1647 222 1425 147 55 92 107 83 56
internal_count=1979 1923 129 1794 1647 222 1425 147 55 92 107 83 56
is_linear=0
shrinkage=0.01


Tree=319
num_leaves=15
num_cat=0
split_feature=3 2 5 7 5 0 6 3 6 0 5 0 3 5
split_gain=125.824 304.761 1063.31 955.897 1158.34 764.333 416.738 398.19 289.919 283.552 250.783 195.041 194.183 219.304
threshold=7.2706250000000008 7.9904166795000009 0.41193750000000001 0.56638466991089664 0.40543750000000006 10.621611000000001 5.5550000000000006 8.2508333335000028 7.113500000000001 8.9977240000000016 0.40979166650000004 10.045595500000003 6.3404166665000004 0.40481250000000008
decision_type=2 2 2 2 2 2 2 2 2 2 2 2 2 2
left_child=11 3 5 -2 7 10 -6 -5 -7 -4 -3 12 13 -1
right_child=1 2 9 4 6 8 -8 -9 -10 -11 -12 -13 -14 -15
leaf_value=-0.011342476769572212 0.068125548271032482 -0.016697994331117925 0.0083291021920740612 0.020445313123720034 0.03894178664684296 -0.022140244536234865 -0.0087721849248434108 0.07479243425222544 0.0012528365886629827 0.050426579603614907 -0.046599246760209399 0.022526656811436018 -0.011151907085594569 0.01951464150320081
leaf_weight=42 26 127 24 28 20 56 216 26 982 48 36 24 273 51
leaf_count=42 26 127 24 28 20 56 216 26 982 48 36 24 273 51
internal_value=-6.57455e-11 0.00124919 -0.000932767 0.0100392 0.00483143 -0.00317051 -0.00472863 0.0466124 -9.21788e-06 0.0363941 -0.023302 -0.00508966 -0.00690057 0.00557917
internal_weight=1979 1589 1273 316 290 1201 236 54 1038 72 163 390 366 93
internal_count=1979 1589 1273 316 290 1201 236 54 1038 72 163 390 366 93
is_linear=0
shrinkage=0.01


Tree=320
num_leaves=15
num_cat=0
split_feature=0 5 7 3 3 5 5 5 6 5 6 5 7 7
split_gain=125.461 241.47 437.87 394.189 577.309 609.176 521.536 287.174 149.704 117.33 101.203 99.665 115.381 105.15
threshold=16.862947500000004 0.39354166650000005 -0.0087262032186418287 13.800833335000002 12.978958335000003 0.39995833350000004 0.39602083350000006 0.39297916650000003 8.6350000000000033 0.3800416665000001 10.843000000000002 0.39441666650000001 -0.95878322595067689 -0.98624804680367273
decision_type=2 2 2 2 2 2 2 2 2 2 2 2 2 2
left_child=1 2 7 4 6 -6 -3 8 -1 -2 -4 13 -13 -11
right_child=9 3 10 -5 5 -7 -8 -9 -10 11 -12 12 -14 -15
leaf_value=-0.0048910921876845152 0.0083349310321376678 -0.033540685594081882 0.0041021356764047038 -0.043793085359391713 0.070011392665857625 0.0095809145892659826 -0.00058134585551787826 0.045159112300191609 0.015334552588076564 0.0089544136768672615 -0.021409689902793617 -0.01211888742857966 0.015631103977080313 -0.015365761602413841
leaf_weight=46 47 50 23 21 22 69 1206 28 179 20 48 29 31 160
leaf_count=46 47 50 23 21 22 69 1206 28 179 20 48 29 31 160
internal_value=2.88456e-11 0.00103698 0.00879949 -0.000801505 -0.000131257 0.0241905 -0.00189342 0.0149579 0.0111995 -0.0061135 -0.0131453 -0.00894299 0.00221861 -0.0126635
internal_weight=1979 1692 324 1368 1347 91 1256 253 225 287 71 240 60 180
internal_count=1979 1692 324 1368 1347 91 1256 253 225 287 71 240 60 180
is_linear=0
shrinkage=0.01


Tree=321
num_leaves=14
num_cat=0
split_feature=0 3 6 3 7 4 0 3 5 7 4 0 3
split_gain=123.33 154.447 270.411 275.596 464.928 280.111 191.16 190.319 215.55 120.73 68.9233 46.9587 9.20433
threshold=18.437024500000003 7.2706250000000008 5.5550000000000006 7.5060416665000007 -0.034899496702501184 0.40993750000000007 10.045595500000003 6.3404166665000004 0.40660416650000003 0.46173103126271869 0.35806250000000006 19.965436000000004 12.882083335000003
decision_type=2 2 2 2 2 2 2 2 2 2 2 2 2
left_child=1 6 -3 4 -4 -5 7 8 -1 -9 11 -2 -12
right_child=10 2 3 5 -6 -7 -8 9 -10 -11 12 -13 -14
leaf_value=-0.0071252546503462579 0.0084303948283195491 0.038558184325695043 -0.014143963115555901 0.0028193544734871753 0.035762834192386697 -0.0081356310583525632 0.022307202940185868 -0.015014686972060385 0.023844834879824989 7.6573084936373771e-05 -0.02583227400481701 -0.010500250045014054 -0.016238354586879722
leaf_weight=55 20 20 28 1090 56 297 24 201 38 72 20 38 20
leaf_count=55 20 20 28 1090 56 297 24 201 38 72 20 38 20
internal_value=-1.0205e-11 0.000569811 0.00203532 0.00153875 0.0191272 0.00047355 -0.00503295 -0.00682575 0.00552919 -0.0110346 -0.0109369 -0.00397244 -0.0210353
internal_weight=1979 1881 1491 1471 84 1387 390 366 93 273 98 58 40
internal_count=1979 1881 1491 1471 84 1387 390 366 93 273 98 58 40
is_linear=0
shrinkage=0.01


Tree=322
num_leaves=12
num_cat=0
split_feature=0 2 3 5 5 0 7 6 0 4 4
split_gain=122.808 149.267 420.263 215.602 229.586 245.365 127.54 137.531 85.4741 43.691 20.8341
threshold=5.0490095000000013 5.8424999500000014 7.6424997875000011 0.42114583350000007 0.41960416650000004 6.158780000000001 0.85260769842926909 7.9265000000000008 5.5421275000000012 0.38652083350000005 0.40685416650000006
decision_type=2 2 2 2 2 2 2 2 2 2 2
left_child=10 2 8 4 5 -3 -5 -8 -2 -10 -1
right_child=1 3 -4 6 -6 -7 7 -9 9 -11 -12
leaf_value=-0.019322388916143348 -0.013990503428503871 -0.027427908126264812 0.050620719980109821 -0.032934448758761094 0.034080614984035494 0.00052700461610649609 0.013172033846378326 -0.022334253334750732 -0.0030122105432329356 0.012474493895923453 -0.0067233397421382728
leaf_weight=35 24 32 22 30 20 1668 20 24 27 56 21
leaf_count=35 24 32 22 30 20 1668 20 24 27 56 21
internal_value=2.90902e-11 0.000425103 0.0108149 -0.000321991 0.000397071 7.94494e-07 -0.0170353 -0.00619503 0.00263056 0.00743665 -0.0145977
internal_weight=1979 1923 129 1794 1720 1700 74 44 107 83 56
internal_count=1979 1923 129 1794 1720 1700 74 44 107 83 56
is_linear=0
shrinkage=0.01


Tree=323
num_leaves=15
num_cat=0
split_feature=0 2 5 4 3 4 7 7 4 5 6 4 4 1
split_gain=122.416 235.665 356.934 435.601 319.557 340.223 406.809 154.452 131.329 114.82 105.034 115.77 101.937 127.99
threshold=16.862947500000004 13.538333335000003 0.40095833350000004 0.38587500000000002 13.845625000000002 0.3635208330000001 -0.23343647497176648 -0.8910065241883679 0.36660416650000005 0.38172916700000004 12.043500000000002 0.37360416650000006 0.37814583350000003 282.52083335000003
decision_type=2 2 2 2 2 2 2 2 2 2 2 2 2 2
left_child=1 4 3 8 5 7 -7 -1 -3 -2 12 -12 13 -11
right_child=9 2 -4 -5 -6 6 -8 -9 -10 10 11 -13 -14 -15
leaf_value=0.0002111597776412964 0.0070997403313716257 -0.017547672760707362 -0.02284467880303661 0.032201969778572009 -0.040067587729543448 -0.0081966612720452935 0.0030881185822688485 0.030457316080394845 0.008690624623344495 -0.013351914979297148 -0.034526585042476653 -0.0098347553320355333 0.011561259807962361 0.01453314688242972
leaf_weight=25 54 27 27 87 20 498 891 52 65 93 28 59 33 20
leaf_count=25 54 27 27 87 20 498 891 52 65 93 28 59 33 20
internal_value=-2.59034e-11 0.00102432 0.0110479 0.0161602 -0.000365219 0.000176423 -0.000957828 0.0206371 0.000990255 -0.00603886 -0.00908386 -0.0177816 -0.00390098 -0.00841651
internal_weight=1979 1692 206 179 1486 1466 1389 77 92 287 233 87 146 113
internal_count=1979 1692 206 179 1486 1466 1389 77 92 287 233 87 146 113
is_linear=0
shrinkage=0.01


Tree=324
num_leaves=10
num_cat=0
split_feature=0 5 5 7 7 4 4 0 1
split_gain=120.952 151.863 212.947 296.193 177.162 162.304 470.419 458.714 31.7841
threshold=5.1819645000000003 0.42297916650000006 0.41960416650000004 0.9482875459472353 0.85260769842926909 0.41002083350000001 0.40256250000000005 14.153564500000002 44.354166670000005
decision_type=2 2 2 2 2 2 2 2 2
left_child=8 2 5 -4 -3 6 -2 -7 -1
right_child=1 4 3 -5 -6 7 -8 -9 -10
leaf_value=-0.0047212151706218716 -0.0012419858694466578 -0.032396375298500063 0.0023394227806817405 0.051109496720135213 0.00030467262541925585 -0.0024173862557886135 0.012260872487350171 -0.04566945880651474 -0.019165384427477151
leaf_weight=25 1170 30 33 20 37 267 331 27 39
leaf_count=25 1170 30 33 20 37 267 331 27 39
internal_value=-2.50619e-11 0.000451948 0.000988149 0.0207432 -0.0143376 0.000404851 0.00173566 -0.00638952 -0.0135231
internal_weight=1979 1915 1848 53 67 1795 1501 294 64
internal_count=1979 1915 1848 53 67 1795 1501 294 64
is_linear=0
shrinkage=0.01


Tree=325
num_leaves=15
num_cat=0
split_feature=0 5 7 3 3 6 5 5 3 5 6 6 4 1
split_gain=119.67 232.785 424.978 383.895 566.203 603.054 511.496 278.56 147.204 112.647 98.9436 97.6874 150.74 147.274
threshold=16.862947500000004 0.39354166650000005 -0.0087262032186418287 13.800833335000002 12.978958335000003 11.845500000000003 0.39602083350000006 0.39297916650000003 13.585208330000002 0.3800416665000001 10.843000000000002 13.286000000000003 0.37814583350000003 282.52083335000003
decision_type=2 2 2 2 2 2 2 2 2 2 2 2 2 2
left_child=1 2 7 4 6 -6 -3 8 -1 -2 -4 12 13 -11
right_child=9 3 10 -5 5 -7 -8 -9 -10 11 -12 -13 -14 -15
leaf_value=0.0152677521254571 0.0081863849340601171 -0.033217212224006649 0.0040689038971196047 -0.043218865962255569 0.042914351214796816 -0.01099920303124236 -0.00057666035723497175 0.044446266101939344 -0.0043295510576999915 -0.015261946097329384 -0.021156517954950688 -0.021502986527824154 0.0089854872971773143 0.01346203379510414
leaf_weight=176 47 50 23 21 59 32 1206 28 49 119 48 48 52 21
leaf_count=176 47 50 23 21 59 32 1206 28 49 119 48 48 52 21
internal_value=-4.81191e-12 0.00101277 0.00863439 -0.000792352 -0.000130914 0.0239557 -0.00187605 0.0147015 0.0109999 -0.00597076 -0.0129849 -0.0087432 -0.00555325 -0.0109533
internal_weight=1979 1692 324 1368 1347 91 1256 253 225 287 71 240 192 140
internal_count=1979 1692 324 1368 1347 91 1256 253 225 287 71 240 192 140
is_linear=0
shrinkage=0.01


Tree=326
num_leaves=14
num_cat=0
split_feature=0 2 3 0 5 3 2 6 7 2 0 4 3
split_gain=118.542 144.882 408.139 210.92 355.249 883.004 436.825 286.695 533.149 91.862 83.4137 42.9271 20.7983
threshold=5.0490095000000013 5.8424999500000014 7.6424997875000011 6.5161905000000013 0.41185416650000006 11.001875000000002 7.5716666480000017 5.9595000000000011 0.58068084432175959 6.1164582460000014 5.5421275000000012 0.38652083350000005 7.3070833335000005
decision_type=2 2 2 2 2 2 2 2 2 2 2 2 2
left_child=12 2 10 7 6 -6 -5 8 -3 -9 -2 -12 -1
right_child=1 3 -4 4 5 -7 -8 9 -10 -11 11 -13 -14
leaf_value=-0.0088691852349908114 -0.013831218273068468 -0.026615442358530483 0.049881158958781847 0.020324229104967603 0.0026976725997080683 0.053163475658917846 -0.002556138766874088 -0.0036340293288230898 0.035746542893607042 -0.027859970204946072 -0.0030210138001927622 0.01232971575992581 -0.021128231418132783
leaf_weight=31 24 26 22 89 179 43 1336 20 29 72 27 56 25
leaf_count=31 24 26 22 89 179 43 1336 20 29 72 27 56 25
internal_value=4.47155e-11 0.000417655 0.0106537 -0.000318385 0.000705991 0.0124726 -0.00112712 -0.0117956 0.00626633 -0.0225935 0.00258829 0.0073361 -0.014342
internal_weight=1979 1923 129 1794 1647 222 1425 147 55 92 107 83 56
internal_count=1979 1923 129 1794 1647 222 1425 147 55 92 107 83 56
is_linear=0
shrinkage=0.01


Tree=327
num_leaves=15
num_cat=0
split_feature=3 2 5 7 5 0 3 6 6 0 5 0 3 5
split_gain=118.145 291.038 1017.89 924.054 1123.99 749.092 391.611 388.339 282.539 272.983 246.077 187.959 184.004 209.645
threshold=7.2706250000000008 7.9904166795000009 0.41193750000000001 0.56638466991089664 0.40543750000000006 10.621611000000001 8.2508333335000028 5.5550000000000006 7.113500000000001 8.9977240000000016 0.40979166650000004 10.045595500000003 6.3404166665000004 0.40481250000000008
decision_type=2 2 2 2 2 2 2 2 2 2 2 2 2 2
left_child=11 3 5 -2 6 10 -5 -6 -7 -4 -3 12 13 -1
right_child=1 2 9 4 7 8 -8 -9 -10 -11 -12 -13 -14 -15
leaf_value=-0.011106164735697565 0.066910990384908817 -0.016499237568359675 0.0080621361173689367 0.019886806899947779 0.037418952286243437 -0.021829124262024248 0.073783035828517043 -0.008640568439893994 0.0012642763370492491 0.049367641111214951 -0.046118629342979854 0.022178403834501901 -0.0108480457958489 0.019063717492801304
leaf_weight=42 26 127 24 28 20 56 26 216 982 48 36 24 273 51
leaf_count=42 26 127 24 28 20 56 26 216 982 48 36 24 273 51
internal_value=8.78497e-12 0.00121047 -0.000921797 0.00980029 0.00468002 -0.00311123 0.0458368 -0.00473722 1.83896e-05 0.0355991 -0.0230409 -0.00493191 -0.00670963 0.00543861
internal_weight=1979 1589 1273 316 290 1201 54 236 1038 72 163 390 366 93
internal_count=1979 1589 1273 316 290 1201 54 236 1038 72 163 390 366 93
is_linear=0
shrinkage=0.01


Tree=328
num_leaves=15
num_cat=0
split_feature=0 3 6 3 7 4 0 6 3 2 5 4 0 3
split_gain=116.692 145.436 249.302 264.357 442.025 268.406 185.123 323.743 228.056 268.285 195.123 65.5006 45.0141 9.02435
threshold=18.437024500000003 7.2706250000000008 5.5550000000000006 7.5060416665000007 -0.034899496702501184 0.40993750000000007 9.4159845000000022 7.2490000000000014 6.3404166665000004 7.6091666355000012 0.40660416650000003 0.35806250000000006 19.965436000000004 12.882083335000003
decision_type=2 2 2 2 2 2 2 2 2 2 2 2 2 2
left_child=1 6 -3 4 -4 -5 8 -8 10 -10 -1 12 -2 -13
right_child=11 2 3 5 -6 -7 7 -9 9 -11 -12 13 -14 -15
leaf_value=-0.006626611786218835 0.0082941620945930477 0.037044762253761292 -0.01371563128062657 0.0027525946824435454 0.034946384039690852 -0.0079710611356077366 0.035783341558916229 -0.014268154189145815 -0.0072927586626654597 -0.033203865194320684 0.023307943846050061 -0.025232785284519194 -0.010240355984945047 -0.015733125297352674
leaf_weight=51 20 20 28 1090 56 297 28 24 199 50 38 20 38 20
leaf_count=51 20 20 28 1090 56 297 28 24 199 50 38 20 38 20
internal_value=-4.07118e-11 0.000554263 0.00197638 0.00149958 0.0187257 0.000456325 -0.00488259 0.0126827 -0.00758493 -0.0124958 0.00615443 -0.0106385 -0.00384914 -0.020483
internal_weight=1979 1881 1491 1471 84 1387 390 52 338 249 89 98 58 40
internal_count=1979 1881 1491 1471 84 1387 390 52 338 249 89 98 58 40
is_linear=0
shrinkage=0.01


Tree=329
num_leaves=15
num_cat=0
split_feature=3 2 4 3 5 5 5 5 3 4 0 7 4 5
split_gain=116.084 443.449 280.078 276.233 733.712 643.51 320.98 407.644 301.309 256.531 249.818 179.123 172.099 160.13
threshold=13.738333335000002 14.130000000000001 0.39102083350000005 12.978958335000003 0.39245833350000003 0.39895833350000004 0.3897500000000001 0.39602083350000006 13.210208335000003 0.34856250000000005 19.718278000000002 -0.98624804680367273 0.35137500000000005 0.38522916650000005
decision_type=2 2 2 2 2 2 2 2 2 2 2 2 2 2
left_child=3 2 -2 6 -5 -6 10 9 -7 -8 12 -9 -1 -3
right_child=1 13 -4 4 5 8 7 11 -10 -11 -12 -13 -14 -15
leaf_value=0.044105909854173668 -0.013399194355015871 -0.0048173777709404628 -0.056521548211574554 -0.0049933674442071982 0.062970185440621884 0.044195629585356944 0.0061764204118933 -0.019131829462945463 -0.00068472361120467003 -0.024535426602500382 -0.013572186255319552 0.00018780298095424247 0.012673814740264789 0.027591156313015567
leaf_weight=20 61 30 20 137 38 21 35 50 52 122 33 1194 135 31
leaf_count=20 61 30 20 137 38 21 35 50 52 122 33 1194 135 31
internal_value=-5.709e-12 -0.00871111 -0.0240467 0.000673368 0.010489 0.0295979 -0.000858591 -0.002505 0.0122261 -0.0176888 0.0114106 -0.00058871 0.0167296 0.0116525
internal_weight=1979 142 81 1837 248 111 1589 1401 73 157 188 1244 155 61
internal_count=1979 142 81 1837 248 111 1589 1401 73 157 188 1244 155 61
is_linear=0
shrinkage=0.01


Tree=330
num_leaves=12
num_cat=0
split_feature=0 2 3 5 5 0 7 6 0 4 3
split_gain=114.367 140.262 398.53 204.074 216.276 234.55 119.596 130.25 80.8866 41.9238 20.9002
threshold=5.0490095000000013 5.8424999500000014 7.6424997875000011 0.42114583350000007 0.41960416650000004 6.158780000000001 0.85260769842926909 7.9265000000000008 5.5421275000000012 0.38652083350000005 7.3070833335000005
decision_type=2 2 2 2 2 2 2 2 2 2 2
left_child=10 2 8 4 5 -3 -5 -8 -2 -10 -1
right_child=1 3 -4 6 -6 -7 7 -9 9 -11 -12
leaf_value=-0.0086009632537682214 -0.013657029004146655 -0.026816405104473234 0.049244673441756856 -0.031970361987749739 0.0330781863629818 0.00051546357160018718 0.012770431041717529 -0.021783319935202598 -0.0030481896128643445 0.012122093556598495 -0.020890019693970682
leaf_weight=31 24 32 22 30 20 1668 20 24 27 56 25
leaf_count=31 24 32 22 30 20 1668 20 24 27 56 25
internal_value=-1.50946e-11 0.000410234 0.0104818 -0.000313974 0.0003856 9.81338e-07 -0.0165744 -0.00607707 0.00251185 0.00718718 -0.0140871
internal_weight=1979 1923 129 1794 1720 1700 74 44 107 83 56
internal_count=1979 1923 129 1794 1720 1700 74 44 107 83 56
is_linear=0
shrinkage=0.01


Tree=331
num_leaves=15
num_cat=0
split_feature=0 2 5 4 3 4 7 7 4 5 6 4 4 1
split_gain=114.424 227.063 347.548 420.276 302 329.216 387.738 151.775 126.133 110.128 102.027 110.733 95.0967 120.557
threshold=16.862947500000004 13.538333335000003 0.40095833350000004 0.38587500000000002 13.845625000000002 0.3635208330000001 -0.23343647497176648 -0.8910065241883679 0.36660416650000005 0.38172916700000004 12.043500000000002 0.37360416650000006 0.37814583350000003 282.52083335000003
decision_type=2 2 2 2 2 2 2 2 2 2 2 2 2 2
left_child=1 4 3 8 5 7 -7 -1 -3 -2 12 -12 13 -11
right_child=9 2 -4 -5 -6 6 -8 -9 -10 10 11 -13 -14 -15
leaf_value=3.170455694198608e-05 0.0070289175998833444 -0.017194273328339612 -0.02261477103387868 0.031630952405347225 -0.03896998434513807 -0.008029935685057478 0.0029871458009744583 0.030014642564794768 0.0085196957668432823 -0.012863726272217688 -0.03376947722264699 -0.0096208051585797549 0.011222025034102528 0.014199442617595195
leaf_weight=25 54 27 27 87 20 498 891 52 65 93 28 59 33 20
leaf_count=25 54 27 27 87 20 498 891 52 65 93 28 59 33 20
internal_value=-8.49202e-12 0.00099032 0.0108293 0.0158739 -0.000373625 0.000152928 -0.000962823 0.0202799 0.000973205 -0.0058384 -0.00882053 -0.0173928 -0.0037124 -0.00807378
internal_weight=1979 1692 206 179 1486 1466 1389 77 92 287 233 87 146 113
internal_count=1979 1692 206 179 1486 1466 1389 77 92 287 233 87 146 113
is_linear=0
shrinkage=0.01


Tree=332
num_leaves=15
num_cat=0
split_feature=3 2 4 3 5 5 5 5 3 4 0 7 4 5
split_gain=112.952 430.415 274.377 268.787 718.705 626.32 312.9 397.04 294.05 248.559 243.192 173.872 166.702 155.494
threshold=13.738333335000002 14.130000000000001 0.39102083350000005 12.978958335000003 0.39245833350000003 0.39895833350000004 0.3897500000000001 0.39602083350000006 13.210208335000003 0.34856250000000005 19.718278000000002 -0.98624804680367273 0.35137500000000005 0.38522916650000005
decision_type=2 2 2 2 2 2 2 2 2 2 2 2 2 2
left_child=3 2 -2 6 -5 -6 10 9 -7 -8 12 -9 -1 -3
right_child=1 13 -4 4 5 8 7 11 -10 -11 -12 -13 -14 -15
leaf_value=0.043458416730165483 -0.013162764985358618 -0.004760438869396845 -0.055843935102224351 -0.0049765562456454675 0.062182684537807578 0.043702961944398426 0.0060339362855468485 -0.018850592525303366 -0.00063343462319328235 -0.024196906472083002 -0.013382408305099515 0.00018374809960193522 0.012523127330398119 0.027175521047845964
leaf_weight=20 61 30 20 137 38 21 35 50 52 122 33 1194 135 31
leaf_count=20 61 30 20 137 38 21 35 50 52 122 33 1194 135 31
internal_value=-6.93998e-11 -0.00859281 -0.0237013 0.000664224 0.0103467 0.0292591 -0.000846947 -0.0024725 0.0121209 -0.0174575 0.0112669 -0.000581298 0.0165148 0.0114693
internal_weight=1979 142 81 1837 248 111 1589 1401 73 157 188 1244 155 61
internal_count=1979 142 81 1837 248 111 1589 1401 73 157 188 1244 155 61
is_linear=0
shrinkage=0.01


Tree=333
num_leaves=10
num_cat=0
split_feature=0 5 5 7 7 4 4 0 1
split_gain=112.692 143.361 199.406 285.873 168.472 158.985 445.901 435.033 31.1924
threshold=5.1819645000000003 0.42297916650000006 0.41960416650000004 0.9482875459472353 0.85260769842926909 0.41002083350000001 0.40256250000000005 14.153564500000002 44.354166670000005
decision_type=2 2 2 2 2 2 2 2 2
left_child=8 2 5 -4 -3 6 -2 -7 -1
right_child=1 4 3 -5 -6 7 -8 -9 -10
leaf_value=-0.0043336491227149963 -0.0011891058949260122 -0.031543617884318038 0.0019935434531759134 0.049906441487371923 0.00034526992488551783 -0.0024635337172110991 0.01195716371686617 -0.044584372104318051 -0.018642734884738159
leaf_weight=25 1170 30 33 20 37 267 331 27 39
leaf_count=25 1170 30 33 20 37 267 331 27 39
internal_value=3.5234e-11 0.000436244 0.000957219 0.0200739 -0.0139333 0.000392772 0.0017099 -0.00633177 -0.0130532
internal_weight=1979 1915 1848 53 67 1795 1501 294 64
internal_count=1979 1915 1848 53 67 1795 1501 294 64
is_linear=0
shrinkage=0.01


Tree=334
num_leaves=15
num_cat=0
split_feature=3 2 5 7 5 0 3 6 3 0 5 0 6 3
split_gain=111.86 278.992 988.593 894.029 1095.55 732.206 385.31 374.332 285.208 266.857 242.546 181.731 317.215 221.681
threshold=7.2706250000000008 7.9904166795000009 0.41193750000000001 0.56638466991089664 0.40543750000000006 10.621611000000001 8.2508333335000028 8.0255000000000027 7.7060416665000009 8.9977240000000016 0.40979166650000004 9.4159845000000022 7.2490000000000014 6.3404166665000004
decision_type=2 2 2 2 2 2 2 2 2 2 2 2 2 2
left_child=11 3 5 -2 6 10 -5 -6 -7 -4 -3 13 -13 -1
right_child=1 2 9 4 7 8 -8 -9 -10 -11 -12 12 -14 -15
leaf_value=0.0060695872817900075 0.06576318759184617 -0.016276736077009225 0.0078553840207556888 0.019443974361887998 0.0055919946253907386 0.036504772653182353 0.072904873077686019 -0.02008907192023961 -0.00072662816675070352 0.048694774170095725 -0.045682850678761801 0.035471268258988858 -0.014073061395126086 -0.012318133242114122
leaf_weight=89 26 127 24 28 141 21 26 95 1017 48 36 28 24 249
leaf_count=89 26 127 24 28 141 21 26 95 1017 48 36 28 24 249
internal_value=2.4476e-11 0.00117784 -0.000909843 0.00958801 0.00455161 -0.00306753 0.0451844 -0.00474572 2.66083e-05 0.0350816 -0.0227713 -0.00479892 0.0126047 -0.0074764
internal_weight=1979 1589 1273 316 290 1201 54 236 1038 72 163 390 52 338
internal_count=1979 1589 1273 316 290 1201 54 236 1038 72 163 390 52 338
is_linear=0
shrinkage=0.01


Tree=335
num_leaves=15
num_cat=0
split_feature=0 2 5 3 3 3 4 7 2 7 5 6 4 1
split_gain=109.894 221.544 338.327 410.709 313.227 288.698 320.276 375.214 204.587 148.223 108.035 95.0313 138.895 137.185
threshold=16.862947500000004 13.538333335000003 0.40095833350000004 13.753958335000002 13.199791665000001 13.845625000000002 0.3635208330000001 -0.23343647497176648 14.362291670000003 -0.8910065241883679 0.3800416665000001 13.286000000000003 0.37814583350000003 282.52083335000003
decision_type=2 2 2 2 2 2 2 2 2 2 2 2 2 2
left_child=1 5 3 4 -3 6 9 -8 -5 -1 -2 12 13 -12
right_child=10 2 -4 8 -6 -7 7 -9 -10 -11 11 -13 -14 -15
leaf_value=-1.9917422533035279e-05 0.0081426032204577267 0.015606048720387311 -0.022308184983277763 -0.012736375561019159 0.052053905085131927 -0.038113466009497644 -0.0079144655833821229 0.0029232308144893342 0.022455371487885713 0.029610056157868644 -0.014632454526399363 -0.021021881454313794 0.0086653540441049975 0.013090163735406739
leaf_weight=25 47 65 27 53 37 20 498 891 24 52 119 48 52 21
leaf_count=25 47 65 27 53 37 20 498 891 24 52 119 48 52 21
internal_value=-3.40105e-11 0.000970519 0.0106892 0.0156664 0.0288273 -0.000376749 0.000138076 -0.000962423 -0.00176752 0.0199899 -0.00572167 -0.00843675 -0.00529047 -0.0104741
internal_weight=1979 1692 206 179 102 1486 1466 1389 77 77 287 240 192 140
internal_count=1979 1692 206 179 102 1486 1466 1389 77 77 287 240 192 140
is_linear=0
shrinkage=0.01


Tree=336
num_leaves=14
num_cat=0
split_feature=0 2 3 0 5 3 2 6 7 2 0 4 3
split_gain=110.217 134.877 385.702 198.039 327.683 835.86 409.747 277.475 506.138 89.7635 79.0829 41.5197 21.2045
threshold=5.0490095000000013 5.8424999500000014 7.6424997875000011 6.5161905000000013 0.41185416650000006 11.001875000000002 7.5716666480000017 5.9595000000000011 0.58068084432175959 6.1164582460000014 5.5421275000000012 0.38652083350000005 7.3070833335000005
decision_type=2 2 2 2 2 2 2 2 2 2 2 2 2
left_child=12 2 10 7 6 -6 -5 8 -3 -9 -2 -12 -1
right_child=1 3 -4 4 5 -7 -8 9 -10 -11 11 -13 -14
leaf_value=-0.0083032129626841311 -0.013549143380175035 -0.025697555541992188 0.048413016633553942 0.019700452863667787 0.0024756193266109714 0.051575722122608234 -0.002459418664625037 -0.003309877097606659 0.035064193051436855 -0.027257514525618819 -0.0031245596361932932 0.0119724228801871 -0.020681411761045456
leaf_weight=31 24 26 22 89 179 43 1336 20 29 72 27 56 25
leaf_count=31 24 26 22 89 179 43 1336 20 29 72 27 56 25
internal_value=2.34078e-11 0.000402722 0.0102791 -0.00030745 0.000685154 0.011986 -0.0010754 -0.0114287 0.00634046 -0.0220515 0.00243844 0.00706136 -0.0138292
internal_weight=1979 1923 129 1794 1647 222 1425 147 55 92 107 83 56
internal_count=1979 1923 129 1794 1647 222 1425 147 55 92 107 83 56
is_linear=0
shrinkage=0.01


Tree=337
num_leaves=15
num_cat=0
split_feature=3 2 5 7 5 0 3 6 3 0 5 0 6 3
split_gain=109.408 269.795 950.999 875.405 1068.59 717.626 377.454 362.873 280.637 257.139 238.121 180.164 310.902 216.96
threshold=7.2706250000000008 7.9904166795000009 0.41193750000000001 0.56638466991089664 0.40543750000000006 10.621611000000001 8.2508333335000028 8.0255000000000027 7.7060416665000009 8.9977240000000016 0.40979166650000004 9.4159845000000022 7.2490000000000014 6.3404166665000004
decision_type=2 2 2 2 2 2 2 2 2 2 2 2 2 2
left_child=11 3 5 -2 6 10 -5 -6 -7 -4 -3 13 -13 -1
right_child=1 2 9 4 7 8 -8 -9 -10 -11 -12 12 -14 -15
leaf_value=0.005989016821670733 0.065022239134861867 -0.016075938747623773 0.0076864400412887338 0.019104677321655411 0.0054476129973029842 0.036243464347152483 0.072017771280728851 -0.019837337688395851 -0.00068838804725817649 0.047775357573603586 -0.045212596853574115 0.035220293839062965 -0.013828591971347731 -0.012201839782387378
leaf_weight=89 26 127 24 28 141 21 26 95 1017 48 36 28 24 249
leaf_count=89 26 127 24 28 141 21 26 95 1017 48 36 28 24 249
internal_value=6.24584e-11 0.00116485 -0.000888126 0.00943525 0.00445158 -0.00300439 0.0445814 -0.00473065 5.87882e-05 0.0344124 -0.022511 -0.00474603 0.0125823 -0.00741194
internal_weight=1979 1589 1273 316 290 1201 54 236 1038 72 163 390 52 338
internal_count=1979 1589 1273 316 290 1201 54 236 1038 72 163 390 52 338
is_linear=0
shrinkage=0.01


Tree=338
num_leaves=12
num_cat=0
split_feature=0 2 3 5 5 6 6 0 4 3 3
split_gain=107.272 132.121 376.646 192.176 203.745 224.484 115.534 77.7117 40.8718 21.3507 17.3911
threshold=5.0490095000000013 5.8424999500000014 7.6424997875000011 0.42114583350000007 0.41960416650000004 6.4755000000000011 6.3930000000000016 5.5421275000000012 0.38652083350000005 7.3070833335000005 8.5758333335000021
decision_type=2 2 2 2 2 2 2 2 2 2 2
left_child=9 2 7 4 5 -3 -5 -2 -9 -1 -8
right_child=1 3 -4 6 -6 -7 10 8 -10 -11 -12
leaf_value=-0.0080981624535014559 -0.01342420691003402 -0.010037253954008145 0.047855786911465907 0.0004008226924472385 0.032104688912630082 0.0013155870090027452 -0.03102218366586245 -0.0030993054931362468 0.011879427467605896 -0.020518959748744962 -0.018786832903112685
leaf_weight=31 24 197 22 27 20 1503 26 27 56 25 21
leaf_count=31 24 197 22 27 20 1503 26 27 56 25 21
internal_value=-1.18404e-11 0.000397305 0.0101722 -0.000305572 0.000373304 -6.91436e-09 -0.0160848 0.00242417 0.00700683 -0.0136432 -0.0255553
internal_weight=1979 1923 129 1794 1720 1700 74 107 83 56 47
internal_count=1979 1923 129 1794 1720 1700 74 107 83 56 47
is_linear=0
shrinkage=0.01


Tree=339
num_leaves=15
num_cat=0
split_feature=3 2 4 3 5 5 5 5 3 4 0 7 4 5
split_gain=107.201 415.66 266.405 260.413 700.246 609.41 307.476 383.062 283.612 240.645 236.635 168.05 161.523 151.496
threshold=13.738333335000002 14.130000000000001 0.39102083350000005 12.978958335000003 0.39245833350000003 0.39895833350000004 0.3897500000000001 0.39602083350000006 13.210208335000003 0.34856250000000005 19.718278000000002 -0.98624804680367273 0.35137500000000005 0.38522916650000005
decision_type=2 2 2 2 2 2 2 2 2 2 2 2 2 2
left_child=3 2 -2 6 -5 -6 10 9 -7 -8 12 -9 -1 -3
right_child=1 13 -4 4 5 8 7 11 -10 -11 -12 -13 -14 -15
leaf_value=0.04286652356386185 -0.012834136133983 -0.0046756626541415852 -0.054890689998865129 -0.0049476556539753058 0.061321561483568265 0.042956718660536269 0.0059438302942684722 -0.018554960202425721 -0.00058567695606213347 -0.023801868515180763 -0.013146724617390922 0.00015798722834511967 0.012415535126019409 0.026847060414091236
leaf_weight=20 61 30 20 137 38 21 35 50 52 122 33 1194 135 31
leaf_count=20 61 30 20 137 38 21 35 50 52 122 33 1194 135 31
internal_value=-3.34081e-11 -0.00837118 -0.0232185 0.000647091 0.0101775 0.0288455 -0.000840352 -0.00245175 0.0119402 -0.0171707 0.011168 -0.000594141 0.0163447 0.0113441
internal_weight=1979 142 81 1837 248 111 1589 1401 73 157 188 1244 155 61
internal_count=1979 142 81 1837 248 111 1589 1401 73 157 188 1244 155 61
is_linear=0
shrinkage=0.01


Tree=340
num_leaves=15
num_cat=0
split_feature=3 2 5 7 5 0 3 7 3 0 5 0 3 5
split_gain=105.704 264.62 931.003 855.474 1044.88 701.739 370.754 360.741 275.082 251.48 233.92 176.562 167.686 200.099
threshold=7.2706250000000008 7.9904166795000009 0.41193750000000001 0.56638466991089664 0.40543750000000006 10.621611000000001 8.2508333335000028 0.85260769842926909 7.7060416665000009 8.9977240000000016 0.40979166650000004 10.045595500000003 6.3404166665000004 0.40660416650000003
decision_type=2 2 2 2 2 2 2 2 2 2 2 2 2 2
left_child=11 3 5 -2 6 10 -5 -6 -7 -4 -3 12 13 -1
right_child=1 2 9 4 7 8 -8 -9 -10 -11 -12 -13 -14 -15
leaf_value=-0.006983423439277844 0.064286229151945845 -0.015893570892219468 0.007609031153842807 0.018841484545597011 -0.037702226268834085 0.035871700648041002 0.071282857748178344 -4.3133647419548265e-05 -0.00069278365216284791 0.047254298341770966 -0.044772053029802111 0.021610538760821023 -0.010338643031679232 0.022856050761122453
leaf_weight=55 26 127 24 28 29 21 26 207 1017 48 36 24 273 38
leaf_count=55 26 127 24 28 29 21 26 207 1017 48 36 24 273 38
internal_value=8.7485e-12 0.00114497 -0.000888224 0.00933565 0.00440904 -0.00298213 0.044091 -0.00467073 4.69602e-05 0.0340392 -0.0222716 -0.00466501 -0.006388 0.00520905
internal_weight=1979 1589 1273 316 290 1201 54 236 1038 72 163 390 366 93
internal_count=1979 1589 1273 316 290 1201 54 236 1038 72 163 390 366 93
is_linear=0
shrinkage=0.01


Tree=341
num_leaves=15
num_cat=0
split_feature=0 5 7 3 3 6 5 5 6 5 6 4 1 6
split_gain=105.111 217.968 357.944 353.014 526.234 654.049 472.846 231.497 139.579 105.842 93.257 133.508 132.823 84.6246
threshold=16.862947500000004 0.39322916700000005 -0.0087262032186418287 13.800833335000002 12.978958335000003 11.845500000000003 0.39602083350000006 0.39297916650000003 8.6350000000000033 0.3800416665000001 13.286000000000003 0.37814583350000003 275.00000000000006 10.843000000000002
decision_type=2 2 2 2 2 2 2 2 2 2 2 2 2 2
left_child=1 2 7 4 6 -6 -3 8 -1 -2 11 12 -11 -4
right_child=9 3 13 -5 5 -7 -8 -9 -10 10 -12 -13 -14 -15
leaf_value=-0.0048582390841582545 0.0081270833789034089 -0.031677923472780811 0.0040882793182264203 -0.041472557953425818 0.042466117391983672 -0.012959929930441308 -0.00059164705496299915 0.042194750973811514 0.014671445979460991 -0.014900133545722878 -0.020750269209966064 0.0085160913776892878 0.010147213838421381 -0.019320810781197344
leaf_weight=46 47 51 23 21 60 33 1206 26 179 114 48 52 26 47
leaf_count=46 47 51 23 21 60 33 1206 26 179 114 48 52 26 47
internal_value=-2.38878e-11 0.000949167 0.00836675 -0.000787553 -0.000154675 0.0227988 -0.0018529 0.0139433 0.0106787 -0.00559579 -0.00828318 -0.00516641 -0.0102485 -0.0116293
internal_weight=1979 1692 321 1371 1350 93 1257 251 225 287 240 192 140 70
internal_count=1979 1692 321 1371 1350 93 1257 251 225 287 240 192 140 70
is_linear=0
shrinkage=0.01


Tree=342
num_leaves=15
num_cat=0
split_feature=7 5 6 2 5 0 5 5 3 2 5 7 0 7
split_gain=104.284 467.838 882.357 621.304 300.531 283.545 598.131 257.334 910.622 621.225 468.49 436.481 255.03 203.928
threshold=0.92050485345244026 0.40543750000000006 7.7145000000000001 7.9904166795000009 0.42079166700000009 6.0575585000000016 0.41495833350000005 0.41193750000000001 7.3018750000000008 6.2216665730000011 0.40979166650000004 0.6360540003681886 7.3197290000000015 0.38266886095259278
decision_type=2 2 2 2 2 2 2 2 2 2 2 2 2 2
left_child=4 3 5 -2 7 -3 -7 10 13 -10 12 -12 -1 -9
right_child=1 2 -4 -5 -6 6 -8 8 9 -11 11 -13 -14 -15
leaf_value=0.015205077939480543 0.073181043971668594 0.049622158610395026 -0.0204555891122669 -0.0038295303639024497 -0.021920603497670249 0.049046378343001663 -0.018259090274091689 -0.01726905090668622 -0.019524268643930556 0.042090444113231366 -0.011954031309112908 -0.064925233252346518 -0.0013910647612139582 0.0074431854351000347
leaf_weight=100 22 28 100 20 65 23 31 85 20 90 70 20 1250 55
leaf_count=100 22 28 100 20 65 23 31 85 20 90 70 20 1250 55
internal_value=1.05744e-11 0.0064254 -0.000517053 0.0365093 -0.000820108 0.0237982 0.0104081 -8.55003e-06 0.00935664 0.0308878 -0.00163445 -0.0237254 -0.000161721 -0.00756067
internal_weight=1979 224 182 42 1755 82 54 1690 250 110 1440 90 1350 140
internal_count=1979 224 182 42 1755 82 54 1690 250 110 1440 90 1350 140
is_linear=0
shrinkage=0.01


Tree=343
num_leaves=15
num_cat=0
split_feature=3 2 4 3 5 5 5 5 3 4 0 4 4 5
split_gain=103.67 405.4 256.716 251.58 672.911 595.581 298.599 367.824 273.033 233.246 229.445 167.49 158.399 148.397
threshold=13.738333335000002 14.130000000000001 0.39102083350000005 12.978958335000003 0.39245833350000003 0.39895833350000004 0.3897500000000001 0.39602083350000006 13.210208335000003 0.34856250000000005 19.718278000000002 0.36195833350000006 0.35137500000000005 0.38522916650000005
decision_type=2 2 2 2 2 2 2 2 2 2 2 2 2 2
left_child=3 2 -2 6 -5 -6 10 9 -7 -8 12 -9 -1 -3
right_child=1 13 -4 4 5 8 7 11 -10 -11 -12 -13 -14 -15
leaf_value=0.042369635313749314 -0.012701324153935812 -0.0046168305973211931 -0.053986023843288419 -0.0048232752677515476 0.060409215704390881 0.042023905913035078 0.0059195672273635869 0.023587521037885119 -0.00069871837416520487 -0.023365270769620531 -0.012934421926285283 -0.001150127838719575 0.012214549190261298 0.02658187758538031
leaf_weight=20 61 30 20 137 38 21 35 28 52 122 33 1216 135 31
leaf_count=20 61 30 20 137 38 21 35 28 52 122 33 1216 135 31
internal_value=3.55776e-11 -0.00823217 -0.0228951 0.000636346 0.0100038 0.0283038 -0.000825653 -0.00241362 0.0115914 -0.0168368 0.0110081 -0.000593332 0.0161055 0.0112383
internal_weight=1979 142 81 1837 248 111 1589 1401 73 157 188 1244 155 61
internal_count=1979 142 81 1837 248 111 1589 1401 73 157 188 1244 155 61
is_linear=0
shrinkage=0.01


Tree=344
num_leaves=14
num_cat=0
split_feature=0 2 3 0 6 7 6 5 2 0 4 3 2
split_gain=102.658 128.481 364.983 183.487 253.202 362.29 203.152 371.578 298.093 75.2217 40.7187 21.0962 14.7274
threshold=5.0490095000000013 5.8424999500000014 7.6424997875000011 6.0922985000000009 6.378000000000001 0.58068084432175959 6.1515000000000013 0.41185416650000006 7.6091666355000012 5.5421275000000012 0.38652083350000005 7.3070833335000005 6.3424999255000012
decision_type=2 2 2 2 2 2 2 2 2 2 2 2 2
left_child=11 2 9 4 5 -3 8 -8 -5 -2 -11 -1 -6
right_child=1 3 -4 6 12 -7 7 -9 -10 10 -12 -13 -14
leaf_value=-0.0078347001939771642 -0.01319155280167858 -0.027437150895595553 0.047123520306565546 -0.00050375158443700431 -0.025631335859115305 0.031369472931731833 -0.00040052291689663316 0.014379905391215664 -0.032041785878979642 -0.0031776784746735181 0.011772964169005197 -0.02018124409019947 -0.037045396327972414
leaf_weight=31 24 20 22 86 26 22 1380 194 46 27 56 25 20
leaf_count=31 24 20 22 86 26 22 1380 194 46 27 56 25 20
internal_value=3.76835e-12 0.000388667 0.010028 -0.00030446 -0.0143857 0.00336632 0.000421885 0.00142121 -0.0114943 0.00240085 0.0069095 -0.0133466 -0.030594
internal_weight=1979 1923 129 1794 88 42 1706 1574 132 107 83 56 46
internal_count=1979 1923 129 1794 88 42 1706 1574 132 107 83 56 46
is_linear=0
shrinkage=0.01


Tree=345
num_leaves=15
num_cat=0
split_feature=0 3 6 3 7 4 0 6 3 2 5 4 0 3
split_gain=101.702 124.937 228.733 233.904 404.205 253.608 173.198 305.025 202.931 259.471 185.193 60.2914 40.9937 8.20753
threshold=18.437024500000003 7.2706250000000008 5.5550000000000006 7.5060416665000007 -0.034899496702501184 0.40993750000000007 9.4159845000000022 7.2490000000000014 6.3404166665000004 7.6091666355000012 0.40660416650000003 0.35806250000000006 19.965436000000004 12.882083335000003
decision_type=2 2 2 2 2 2 2 2 2 2 2 2 2 2
left_child=1 6 -3 4 -4 -5 8 -8 10 -10 -1 12 -2 -13
right_child=11 2 3 5 -6 -7 7 -9 9 -11 -12 13 -14 -15
leaf_value=-0.0066266962918726836 0.0081704081594944009 0.035426082462072371 -0.013440056251628059 0.0026295717918493468 0.033093633987508447 -0.0077942835658738512 0.034891311409217966 -0.013691723293935259 -0.0066511750850597184 -0.032133114004135134 0.022536207186548331 -0.023906381055712699 -0.009517067621805167 -0.014846840340644121
leaf_weight=51 20 20 28 1090 56 297 28 24 199 50 38 20 38 20
leaf_count=51 20 20 28 1090 56 297 28 24 199 50 38 20 38 20
internal_value=-2.13971e-11 0.00051744 0.00183553 0.00137883 0.0175824 0.000397499 -0.00452172 0.0124684 -0.00713558 -0.011768 0.00582488 -0.00993168 -0.00341794 -0.0193766
internal_weight=1979 1881 1491 1471 84 1387 390 52 338 249 89 98 58 40
internal_count=1979 1881 1491 1471 84 1387 390 52 338 249 89 98 58 40
is_linear=0
shrinkage=0.01


Tree=346
num_leaves=15
num_cat=0
split_feature=3 2 4 3 5 5 5 5 3 4 0 4 4 5
split_gain=101.999 397.06 251.03 246.738 659.52 583.457 292.7 360.19 267.705 228.506 223.253 164.373 155.015 145.444
threshold=13.738333335000002 14.130000000000001 0.39102083350000005 12.978958335000003 0.39245833350000003 0.39895833350000004 0.3897500000000001 0.39602083350000006 13.210208335000003 0.34856250000000005 19.718278000000002 0.36195833350000006 0.35137500000000005 0.38522916650000005
decision_type=2 2 2 2 2 2 2 2 2 2 2 2 2 2
left_child=3 2 -2 6 -5 -6 10 9 -7 -8 12 -9 -1 -3
right_child=1 13 -4 4 5 8 7 11 -10 -11 -12 -13 -14 -15
leaf_value=0.041909796208143231 -0.012596601400615984 -0.0045929527928431834 -0.053421546101570128 -0.004770728284968947 0.059802034724699825 0.041617751405352642 0.0058623743908745906 0.023367263951471876 -0.00068595758424355431 -0.023123412811975986 -0.012717620892958208 -0.0011391616221130549 0.012078599065680196 0.026293768036750053
leaf_weight=20 61 30 20 137 38 21 35 28 52 122 33 1216 135 31
leaf_count=20 61 30 20 137 38 21 35 28 52 122 33 1216 135 31
internal_value=2.7715e-11 -0.00816553 -0.0226768 0.000631195 0.00990803 0.028025 -0.000816668 -0.00238887 0.0114836 -0.0166616 0.0108996 -0.00058757 0.0159278 0.0111036
internal_weight=1979 142 81 1837 248 111 1589 1401 73 157 188 1244 155 61
internal_count=1979 142 81 1837 248 111 1589 1401 73 157 188 1244 155 61
is_linear=0
shrinkage=0.01


Tree=347
num_leaves=15
num_cat=0
split_feature=7 5 6 2 5 0 3 5 3 5 2 7 0 7
split_gain=101.889 459.083 859.511 608.69 292.759 276.571 570.819 265.399 908.472 453.929 432.316 429.638 247.705 182.594
threshold=0.92050485345244026 0.40543750000000006 7.7145000000000001 7.9904166795000009 0.42020833300000004 5.969647000000001 9.0091666665000023 0.41193750000000001 7.3018750000000008 0.40979166650000004 6.3424999255000012 0.6360540003681886 7.3197290000000015 0.38266886095259278
decision_type=2 2 2 2 2 2 2 2 2 2 2 2 2 2
left_child=4 3 5 -2 7 -3 -7 9 13 12 -10 -11 -1 -9
right_child=1 2 -4 -5 -6 6 -8 8 10 11 -12 -13 -14 -15
leaf_value=0.01497899539731443 0.072449835430492049 0.052022350629170731 -0.020204719690978527 -0.0037749966420233252 -0.020849228847904931 -0.021956401136186389 0.040936357346513581 -0.016623998229347525 -0.010636166367679833 -0.011681382258888333 0.040869628179141068 -0.064235749870538705 -0.001377078645033762 0.0070802498833750782
leaf_weight=100 22 24 100 20 70 27 31 84 20 70 88 20 1250 53
leaf_count=100 22 24 100 20 70 27 31 84 20 70 88 20 1250 53
internal_value=-2.86938e-11 0.00635118 -0.000525996 0.0361523 -0.000810635 0.0234724 0.0116587 2.18284e-05 0.00964343 -0.00161518 0.0313315 -0.0233601 -0.000165518 -0.00745374
internal_weight=1979 224 182 42 1755 82 58 1685 245 1440 108 90 1350 137
internal_count=1979 224 182 42 1755 82 58 1685 245 1440 108 90 1350 137
is_linear=0
shrinkage=0.01


Tree=348
num_leaves=14
num_cat=0
split_feature=0 2 3 0 6 7 6 5 2 0 4 3 2
split_gain=100.137 123.019 354.295 175.511 245.279 350.834 192.601 356.418 291.073 73.0361 40.1233 21.5121 14.5415
threshold=5.0490095000000013 5.8424999500000014 7.6424997875000011 6.0922985000000009 6.378000000000001 0.58068084432175959 6.1515000000000013 0.41185416650000006 7.6091666355000012 5.5421275000000012 0.38652083350000005 7.3070833335000005 6.3424999255000012
decision_type=2 2 2 2 2 2 2 2 2 2 2 2 2
left_child=11 2 9 4 5 -3 8 -8 -5 -2 -11 -1 -6
right_child=1 3 -4 6 12 -7 7 -9 -10 10 -12 -13 -14
leaf_value=-0.0076157142107765525 -0.013062777547165751 -0.026906677544116974 0.046364412957971751 -0.00032625012273012206 -0.025087614724269281 0.030962746563282881 -0.00039513939603457929 0.014080632319241839 -0.03149069862521213 -0.0032690665629450922 0.011571871817910247 -0.020083371399343016 -0.036429428458213807
leaf_weight=31 24 20 22 86 26 22 1380 194 46 27 56 25 20
leaf_count=31 24 20 22 86 26 22 1380 194 46 27 56 25 20
internal_value=3.20598e-13 0.000383864 0.00981605 -0.00029437 -0.0140661 0.00340588 0.000416014 0.00138904 -0.0111866 0.00230143 0.0067441 -0.0131816 -0.0300188
internal_weight=1979 1923 129 1794 88 42 1706 1574 132 107 83 56 46
internal_count=1979 1923 129 1794 88 42 1706 1574 132 107 83 56 46
is_linear=0
shrinkage=0.01


Tree=349
num_leaves=15
num_cat=0
split_feature=3 2 4 3 5 5 5 5 3 3 0 7 4 0
split_gain=99.5309 389.159 246.035 242.396 645.655 572.522 287.904 351.649 261.485 224.694 218.811 163.977 151.93 142.767
threshold=13.738333335000002 14.130000000000001 0.39102083350000005 12.978958335000003 0.39245833350000003 0.39895833350000004 0.3897500000000001 0.39602083350000006 13.239375000000001 10.758125000000001 19.718278000000002 -0.98624804680367273 0.35137500000000005 16.328594500000005
decision_type=2 2 2 2 2 2 2 2 2 2 2 2 2 2
left_child=3 2 13 6 -5 -6 10 9 -7 -8 12 -9 -1 -2
right_child=1 -3 -4 4 5 8 7 11 -10 -11 -12 -13 -14 -15
leaf_value=0.041508420199155814 -0.0013680995037284446 0.011010263701442813 -0.052869609594345092 -0.004705298718228175 0.059221736035848925 0.039263303798177968 -0.0068087948435231263 -0.018332818716019394 -0.0014781026452779769 -0.031281850698494137 -0.012572722517405495 0.00015195000621878621 0.011975535291281564 -0.033566843704098751
leaf_weight=20 40 61 20 137 38 23 95 50 50 62 33 1194 135 21
leaf_count=20 40 61 20 137 38 23 95 50 50 62 33 1194 135 21
internal_value=1.99291e-11 -0.00806615 -0.0224323 0.000623513 0.00981835 0.0277439 -0.000811553 -0.00237082 0.0113582 -0.0164733 0.0108083 -0.000591007 0.0157862 -0.0124529
internal_weight=1979 142 81 1837 248 111 1589 1401 73 157 188 1244 155 61
internal_count=1979 142 81 1837 248 111 1589 1401 73 157 188 1244 155 61
is_linear=0
shrinkage=0.01


Tree=350
num_leaves=12
num_cat=0
split_feature=0 2 3 5 5 0 6 0 4 3 3
split_gain=98.1668 120.53 347.244 173.776 190.773 208.458 108.745 71.5827 39.3248 21.084 15.7684
threshold=5.0490095000000013 5.8424999500000014 7.6424997875000011 0.42114583350000007 0.41960416650000004 6.158780000000001 6.3930000000000016 5.5421275000000012 0.38652083350000005 7.3070833335000005 8.5758333335000021
decision_type=2 2 2 2 2 2 2 2 2 2 2
left_child=9 2 7 4 5 -3 -5 -2 -9 -1 -8
right_child=1 3 -4 6 -6 -7 10 8 -10 -11 -12
leaf_value=-0.0075410764754539538 -0.012933669254804651 -0.025288764555007219 0.045899249450726945 0.00069784420507925532 0.031058918923139573 0.00047808046179948649 -0.029689710231927725 -0.0032378953415900468 0.011454633527568408 -0.019884057287126781 -0.018039161453821832
leaf_weight=31 24 32 22 27 20 1668 26 27 56 25 21
leaf_count=31 24 32 22 27 20 1668 26 27 56 25 21
internal_value=-6.9908e-12 0.00038007 0.00971637 -0.000291269 0.000354288 -6.9425e-06 -0.0152961 0.0022769 0.00667514 -0.0130513 -0.0244841
internal_weight=1979 1923 129 1794 1720 1700 74 107 83 56 47
internal_count=1979 1923 129 1794 1720 1700 74 107 83 56 47
is_linear=0
shrinkage=0.01


Tree=351
num_leaves=15
num_cat=0
split_feature=7 5 6 2 5 0 5 5 3 5 7 2 0 7
split_gain=97.8081 451.859 834.215 596.577 282.83 269.082 579.391 257.73 881.227 442.713 422.285 421.023 241.829 175.997
threshold=0.92050485345244026 0.40543750000000006 7.7145000000000001 7.9904166795000009 0.42020833300000004 6.0575585000000016 0.41495833350000005 0.41193750000000001 7.3018750000000008 0.40979166650000004 0.6360540003681886 6.3424999255000012 7.3197290000000015 0.33379414889141251
decision_type=2 2 2 2 2 2 2 2 2 2 2 2 2 2
left_child=4 3 5 -2 7 -3 -7 9 13 12 -11 -10 -1 -9
right_child=1 2 -4 -5 -6 6 -8 8 11 10 -12 -13 -14 -15
leaf_value=0.014806252272427083 0.071722987781871445 0.048199163515652926 -0.019987144862022251 -0.0037395956125110385 -0.020490110293562923 0.048026517163152274 -0.01821614959066914 -0.017190882622813569 -0.010549942515790462 -0.011485436067517315 -0.063588121250271801 0.040278672060336584 -0.0013546598885580895 0.0056988080704616284
leaf_weight=100 22 28 100 20 70 23 31 78 20 70 20 88 1250 59
leaf_count=100 22 28 100 20 70 23 31 78 20 70 20 88 1250 59
internal_value=-6.33431e-12 0.0062227 -0.000600157 0.0357884 -0.000794237 0.0230425 0.00999832 2.39896e-05 0.00950557 -0.0015892 -0.0230638 0.030866 -0.000157555 -0.00733328
internal_weight=1979 224 182 42 1755 82 54 1685 245 1440 90 108 1350 137
internal_count=1979 224 182 42 1755 82 54 1685 245 1440 90 108 1350 137
is_linear=0
shrinkage=0.01


Tree=352
num_leaves=15
num_cat=0
split_feature=3 2 4 3 5 5 5 5 3 4 0 4 4 5
split_gain=97.3362 381.414 241.139 237.757 632.288 561.604 282.665 344.091 255.474 222.923 214.456 162.172 148.907 142.55
threshold=13.738333335000002 14.130000000000001 0.39102083350000005 12.978958335000003 0.39245833350000003 0.39895833350000004 0.3897500000000001 0.39602083350000006 13.239375000000001 0.34856250000000005 19.718278000000002 0.36195833350000006 0.35137500000000005 0.38522916650000005
decision_type=2 2 2 2 2 2 2 2 2 2 2 2 2 2
left_child=3 2 -2 6 -5 -6 10 9 -7 -8 12 -9 -1 -3
right_child=1 13 -4 4 5 8 7 11 -10 -11 -12 -13 -14 -15
leaf_value=0.04110210207104683 -0.012319618285877906 -0.0046306381399432821 -0.052332147084176536 -0.004649479922831711 0.058638284873021272 0.038815840171731036 0.0059472727413688387 0.023204771280288698 -0.0014545557111501695 -0.022682175734462066 -0.01243822946692958 -0.0011369854850540593 0.011864545713558241 0.025947216133917532
leaf_weight=20 61 30 20 137 38 23 35 28 50 122 33 1216 135 31
leaf_count=20 61 30 20 137 38 23 35 28 50 122 33 1216 135 31
internal_value=2.8695e-12 -0.00797673 -0.0221993 0.0006166 0.00972303 0.0274621 -0.000804668 -0.00234969 0.0112334 -0.0162998 0.010709 -0.0005891 0.0156371 0.0109089
internal_weight=1979 142 81 1837 248 111 1589 1401 73 157 188 1244 155 61
internal_count=1979 142 81 1837 248 111 1589 1401 73 157 188 1244 155 61
is_linear=0
shrinkage=0.01


Tree=353
num_leaves=15
num_cat=0
split_feature=0 2 5 4 4 7 6 5 7 3 4 5 6 1
split_gain=96.5488 209.98 317.555 389.14 267.214 278.889 322.077 257.972 110.208 108.098 105.326 103.71 90.5915 89.6307
threshold=16.862947500000004 13.538333335000003 0.40095833350000004 0.38322916650000005 0.3635208330000001 -0.23343647497176648 11.535000000000002 0.38993750000000005 -0.8910065241883679 13.753958335000002 0.36660416650000005 0.3800416665000001 12.061500000000002 190.87500000000003
decision_type=2 2 2 2 2 2 2 2 2 2 2 2 2 2
left_child=1 4 3 10 8 7 -7 -6 -1 -5 -3 -2 -13 -10
right_child=11 2 -4 9 5 6 -8 -9 13 -11 -12 12 -14 -15
leaf_value=-0.00036040973663330076 0.0082209089636168589 -0.016498575509974248 -0.021597105725495905 0.035194473273974534 0.012593216333260531 0.0041246649041692032 -0.013991165029167729 -0.01001093131446857 0.0095761512379850377 0.0094090549718765983 0.0073470409037703181 -0.0033484711095470151 -0.01609776459888301 0.035136242570245967
leaf_weight=25 47 27 27 72 57 793 112 442 23 21 59 152 88 34
leaf_count=25 47 27 27 72 57 793 112 442 23 21 59 152 88 34
internal_value=1.83041e-11 0.000909686 0.0103713 0.0151933 -0.000401949 -0.00142676 0.00188271 -0.00742889 0.0171448 0.029372 -0.000139374 -0.00536302 -0.00802321 0.0248225
internal_weight=1979 1692 206 179 1486 1404 905 499 82 93 86 287 240 57
internal_count=1979 1692 206 179 1486 1404 905 499 82 93 86 287 240 57
is_linear=0
shrinkage=0.01


Tree=354
num_leaves=10
num_cat=0
split_feature=0 5 5 7 7 4 4 0 1
split_gain=96.6022 117.876 173.466 263.494 155.478 153.597 403.825 399.064 26.3926
threshold=5.1819645000000003 0.42297916650000006 0.41960416650000004 0.9482875459472353 0.85260769842926909 0.41002083350000001 0.40256250000000005 14.153564500000002 44.354166670000005
decision_type=2 2 2 2 2 2 2 2 2
left_child=8 2 5 -4 -3 6 -2 -7 -1
right_child=1 4 3 -5 -6 7 -8 -9 -10
leaf_value=-0.0040647876441478733 -0.0011143731828139694 -0.029543549537658694 0.0013480461998419328 0.047347320005297656 0.0010908905974262066 -0.0025548723376310721 0.01139627497328102 -0.042896864944034156 -0.017226995728336848
leaf_weight=25 1170 30 33 20 37 267 331 27 39
leaf_count=25 1170 30 33 20 37 267 331 27 39
internal_value=-4.65176e-12 0.000403902 0.000876307 0.0187063 -0.012626 0.000349852 0.00164447 -0.00625975 -0.0120855
internal_weight=1979 1915 1848 53 67 1795 1501 294 64
internal_count=1979 1915 1848 53 67 1795 1501 294 64
is_linear=0
shrinkage=0.01


Tree=355
num_leaves=13
num_cat=0
split_feature=1 7 5 6 2 3 5 5 3 5 7 6
split_gain=95.3243 158.428 378.584 786.063 633.466 280.543 222.711 236.194 820.854 437.092 213.781 93.3596
threshold=6.7708333335000015 0.93038214053199464 0.41356250000000006 10.908500000000002 5.9185415230000009 9.4935416665000023 0.42020833300000004 0.41185416650000006 7.3018750000000008 0.40979166650000004 0.80382625221112025 7.2490000000000014
decision_type=2 2 2 2 2 2 2 2 2 2 2 2
left_child=-1 6 3 5 -4 -3 7 9 -9 -2 -8 -6
right_child=1 2 4 -5 11 -7 10 8 -10 -11 -12 -13
leaf_value=-0.019808277462919553 -6.2637790127747521e-05 0.074750232015337259 0.046238737617220194 -0.023581187979358695 0.0041053231656551356 0.028517455162746567 -0.033767628207420693 -0.0072936705992060862 0.029294184827589775 -0.02282143875873751 -0.0002125662867281888 -0.020472950166954166
leaf_weight=24 1353 21 21 23 20 35 39 137 111 90 37 68
leaf_count=24 1353 21 21 23 20 35 39 137 111 90 37 68
internal_value=-3.28204e-11 0.000243171 0.00897052 0.0256392 -0.00311046 0.0458547 -0.000685376 6.72639e-05 0.00908235 -0.00148211 -0.0174316 -0.014887
internal_weight=1979 1955 188 79 109 56 1767 1691 248 1443 76 88
internal_count=1979 1955 188 79 109 56 1767 1691 248 1443 76 88
is_linear=0
shrinkage=0.01


Tree=356
num_leaves=15
num_cat=0
split_feature=3 2 4 3 5 5 5 5 3 3 0 7 4 5
split_gain=94.3938 372.066 234.499 232.529 618.237 546.036 273.968 335.391 249.018 218.367 208.598 159.291 145.394 139.507
threshold=13.738333335000002 14.130000000000001 0.39102083350000005 12.978958335000003 0.39245833350000003 0.39895833350000004 0.3897500000000001 0.39602083350000006 13.210208335000003 10.758125000000001 19.718278000000002 -0.98624804680367273 0.35137500000000005 0.38522916650000005
decision_type=2 2 2 2 2 2 2 2 2 2 2 2 2 2
left_child=3 2 -2 6 -5 -6 10 9 -7 -8 12 -9 -1 -3
right_child=1 13 -4 4 5 8 7 11 -10 -11 -12 -13 -14 -15
leaf_value=0.040560021966695788 -0.012159708421677351 -0.0045752927487095196 -0.051617528997361661 -0.0045989672328051465 0.057894856561171382 0.040214990661257791 -0.0065645780746677986 -0.018067718394007535 -0.00058551797500023476 -0.030690571580442694 -0.0122920608091535 0.00015104160418449644 0.011669332446875395 0.025674451214651905
leaf_weight=20 61 30 20 137 38 21 95 50 52 62 33 1194 135 31
leaf_count=20 61 30 20 137 38 21 95 50 52 62 33 1194 135 31
internal_value=1.65311e-11 -0.00785524 -0.0219024 0.000607209 0.00961296 0.0271538 -0.000798345 -0.00231941 0.0111516 -0.016092 0.0105368 -0.000581224 0.0153972 0.0107975
internal_weight=1979 142 81 1837 248 111 1589 1401 73 157 188 1244 155 61
internal_count=1979 142 81 1837 248 111 1589 1401 73 157 188 1244 155 61
is_linear=0
shrinkage=0.01


Tree=357
num_leaves=12
num_cat=0
split_feature=0 2 3 5 5 0 6 0 4 3 3
split_gain=94.2723 114.053 328.983 162.428 183.449 200.501 107.688 69.1231 38.9864 22.1966 15.2749
threshold=5.0490095000000013 5.8424999500000014 7.6424997875000011 0.42114583350000007 0.41960416650000004 6.158780000000001 6.3930000000000016 5.5421275000000012 0.38652083350000005 7.3070833335000005 8.5758333335000021
decision_type=2 2 2 2 2 2 2 2 2 2 2
left_child=9 2 7 4 5 -3 -5 -2 -9 -1 -8
right_child=1 3 -4 6 -6 -7 10 8 -10 -11 -12
leaf_value=-0.0071360533708526245 -0.012733756257221103 -0.024805264305323364 0.044673036289486018 0.0011287699805365668 0.030452954471111297 0.00046497439806058118 -0.029053984101002035 -0.0033350613292444636 0.011294118521868117 -0.019800509011745453 -0.017587208750524691
leaf_weight=31 24 32 22 27 20 1668 26 27 56 25 21
leaf_count=31 24 32 22 27 20 1668 26 27 56 25 21
internal_value=-1.79653e-12 0.000372455 0.00945442 -0.000280597 0.000343528 -1.07007e-05 -0.0147873 0.00221321 0.00653523 -0.0127898 -0.0239305
internal_weight=1979 1923 129 1794 1720 1700 74 107 83 56 47
internal_count=1979 1923 129 1794 1720 1700 74 107 83 56 47
is_linear=0
shrinkage=0.01


Tree=358
num_leaves=13
num_cat=0
split_feature=1 7 5 6 2 3 5 5 3 5 7 6
split_gain=93.3463 155.011 371.108 770.42 615.476 274.96 216.187 231.214 801.798 427.949 210.339 90.693
threshold=6.7708333335000015 0.93038214053199464 0.41356250000000006 10.908500000000002 5.9185415230000009 9.4935416665000023 0.42020833300000004 0.41185416650000006 7.3018750000000008 0.40979166650000004 0.80382625221112025 7.2490000000000014
decision_type=2 2 2 2 2 2 2 2 2 2 2 2
left_child=-1 6 3 5 -4 -3 7 9 -9 -2 -8 -6
right_child=1 2 4 -5 11 -7 10 8 -10 -11 -12 -13
leaf_value=-0.019601680537064872 -6.4713506095857539e-05 0.073996568407331195 0.045555632738840009 -0.023351536398024661 0.0040232605636119842 0.028226120652897015 -0.033380987625091507 -0.0072015872439981374 0.028959082873487793 -0.022584239733715851 -9.7142192157539161e-05 -0.020201456313952804
leaf_weight=24 1353 21 21 23 20 35 39 137 111 90 37 68
leaf_count=24 1353 21 21 23 20 35 39 137 111 90 37 68
internal_value=-1.15921e-11 0.000240634 0.00887336 0.0253767 -0.00308776 0.04539 -0.000677844 6.36912e-05 0.00898323 -0.00146926 -0.017177 -0.0146958
internal_weight=1979 1955 188 79 109 56 1767 1691 248 1443 76 88
internal_count=1979 1955 188 79 109 56 1767 1691 248 1443 76 88
is_linear=0
shrinkage=0.01


Tree=359
num_leaves=15
num_cat=0
split_feature=0 2 5 4 4 7 6 5 7 3 4 5 6 4
split_gain=92.8724 204.374 309.188 378.307 260.483 270.292 309.107 249.305 107.936 104.758 102.125 101.591 89.5967 119.899
threshold=16.862947500000004 13.538333335000003 0.40095833350000004 0.38322916650000005 0.3635208330000001 -0.23343647497176648 11.535000000000002 0.38993750000000005 -0.8910065241883679 13.753958335000002 0.36660416650000005 0.3800416665000001 13.286000000000003 0.37814583350000003
decision_type=2 2 2 2 2 2 2 2 2 2 2 2 2 2
left_child=1 4 3 10 8 7 -7 -6 -1 -5 -3 -2 13 -13
right_child=11 2 -4 9 5 6 -8 -9 -10 -11 -12 12 -14 -15
leaf_value=-0.00040132091641426087 0.0081845607236027719 -0.016241790196961828 -0.021317754069136247 0.034696503450783588 0.012360344029505525 0.0040407812038570417 -0.013706540253479034 -0.0098608291596679939 0.024520721782832159 0.0093125117960430326 0.0072387654088058723 -0.0096539030863371286 -0.020112780636991373 0.0081285928433331156
leaf_weight=25 47 27 27 72 57 793 112 442 57 21 59 140 48 52
leaf_count=25 47 27 27 72 57 793 112 442 57 21 59 140 48 52
internal_value=-1.74852e-11 0.000892198 0.0102267 0.0149847 -0.000401811 -0.00141363 0.00184443 -0.00732254 0.0169225 0.0289646 -0.000133037 -0.00525993 -0.0078928 -0.00483781
internal_weight=1979 1692 206 179 1486 1404 905 499 82 93 86 287 240 192
internal_count=1979 1692 206 179 1486 1404 905 499 82 93 86 287 240 192
is_linear=0
shrinkage=0.01


Tree=360
num_leaves=15
num_cat=0
split_feature=3 2 4 3 5 5 5 5 3 3 0 4 4 0
split_gain=92.5986 363.612 229.367 226.969 605.208 531.35 264.662 326.598 242.128 213.007 202.236 157.069 142.491 138.586
threshold=13.738333335000002 14.130000000000001 0.39102083350000005 12.978958335000003 0.39245833350000003 0.39895833350000004 0.3897500000000001 0.39602083350000006 13.210208335000003 10.758125000000001 19.718278000000002 0.36195833350000006 0.35137500000000005 16.328594500000005
decision_type=2 2 2 2 2 2 2 2 2 2 2 2 2 2
left_child=3 2 13 6 -5 -6 10 9 -7 -8 12 -9 -1 -2
right_child=1 -3 -4 4 5 8 7 11 -10 -11 -12 -13 -14 -15
leaf_value=0.040049744874238964 -0.0011100586087850388 0.010659456824670073 -0.051054984133690598 -0.0045625434667687778 0.057178707601208432 0.039726807900837491 -0.0064633274633241321 0.022849560558263746 -0.00050528674601362303 -0.03029142688959837 -0.012124320941440987 -0.0011061951023793282 0.011448984436190652 -0.032833832845624009
leaf_weight=20 40 61 20 137 38 21 95 28 52 62 33 1216 135 21
leaf_count=20 40 61 20 137 38 21 95 28 52 62 33 1216 135 21
internal_value=-4.10231e-11 -0.00778018 -0.0216668 0.000601407 0.00949883 0.0268539 -0.00078724 -0.00228225 0.0110683 -0.0158732 0.0103538 -0.000566998 0.0151394 -0.0120314
internal_weight=1979 142 81 1837 248 111 1589 1401 73 157 188 1244 155 61
internal_count=1979 142 81 1837 248 111 1589 1401 73 157 188 1244 155 61
is_linear=0
shrinkage=0.01


Tree=361
num_leaves=12
num_cat=0
split_feature=0 2 3 5 5 0 6 0 4 3 3
split_gain=92.3703 110.482 317.76 156.321 178.894 195.131 105.952 67.2632 38.2814 22.7789 15.2355
threshold=5.0490095000000013 5.8424999500000014 7.6424997875000011 0.42114583350000007 0.41960416650000004 6.158780000000001 6.3930000000000016 5.5421275000000012 0.38652083350000005 7.3070833335000005 8.5758333335000021
decision_type=2 2 2 2 2 2 2 2 2 2 2
left_child=9 2 7 4 5 -3 -5 -2 -9 -1 -8
right_child=1 3 -4 6 -6 -7 10 8 -10 -11 -12
leaf_value=-0.0069327040569436161 -0.012553813932463527 -0.024471870800480248 0.043920038125731732 0.0012817647722032336 0.03007147190719843 0.00045767080617257284 -0.028691501204784097 -0.0033264590307845975 0.011169833424438756 -0.019762191498279572 -0.01723952475757826
leaf_weight=31 24 32 22 27 20 1668 26 27 56 25 21
leaf_count=31 24 32 22 27 20 1668 26 27 56 25 21
internal_value=2.22044e-11 0.000368678 0.00930733 -0.000274067 0.000338212 -1.15912e-05 -0.0145054 0.0021907 0.00645417 -0.0126602 -0.0235747
internal_weight=1979 1923 129 1794 1720 1700 74 107 83 56 47
internal_count=1979 1923 129 1794 1720 1700 74 107 83 56 47
is_linear=0
shrinkage=0.01


Tree=362
num_leaves=13
num_cat=0
split_feature=1 7 5 6 2 3 5 5 3 5 7 6
split_gain=91.2545 151.225 364.606 752.523 597.979 269.488 210.607 224.836 786.065 419.129 206.956 88.085
threshold=6.7708333335000015 0.93038214053199464 0.41356250000000006 10.908500000000002 5.9185415230000009 9.4935416665000023 0.42020833300000004 0.41185416650000006 10.910208335000002 0.40979166650000004 0.80382625221112025 7.2490000000000014
decision_type=2 2 2 2 2 2 2 2 2 2 2 2
left_child=-1 6 3 5 -4 -3 7 9 -9 -2 -8 -6
right_child=1 2 4 -5 11 -7 10 8 -10 -11 -12 -13
leaf_value=-0.019380818729599316 -5.9031876712561114e-05 0.073222680091857908 0.044855698687689641 -0.023036200271352478 0.0039147947430610659 0.027909936496189666 -0.033027234803407621 0.00047601706141908772 0.046671643326679862 -0.022345281053748396 -1.2111492656372689e-05 -0.019959075362644133
leaf_weight=24 1353 21 21 23 20 35 39 203 45 90 37 68
leaf_count=24 1353 21 21 23 20 35 39 203 45 90 37 68
internal_value=-2.38681e-11 0.000237923 0.00876457 0.0251227 -0.0030913 0.0449022 -0.00066927 6.26316e-05 0.00885829 -0.00144903 -0.0169541 -0.0145332
internal_weight=1979 1955 188 79 109 56 1767 1691 248 1443 76 88
internal_count=1979 1955 188 79 109 56 1767 1691 248 1443 76 88
is_linear=0
shrinkage=0.01


Tree=363
num_leaves=15
num_cat=0
split_feature=3 2 4 3 5 5 5 5 3 4 0 7 4 5
split_gain=90.8498 356.376 224.802 221.945 592.676 521.221 259.119 320.415 236.6 211.903 198.211 155.109 139.655 136.125
threshold=13.738333335000002 14.130000000000001 0.39102083350000005 12.978958335000003 0.39245833350000003 0.39895833350000004 0.3897500000000001 0.39602083350000006 13.239375000000001 0.34856250000000005 19.718278000000002 -0.98624804680367273 0.35137500000000005 0.38522916650000005
decision_type=2 2 2 2 2 2 2 2 2 2 2 2 2 2
left_child=3 2 -2 6 -5 -6 10 9 -7 -8 12 -9 -1 -3
right_child=1 13 -4 4 5 8 7 11 -10 -11 -12 -13 -14 -15
leaf_value=0.039645260661840438 -0.011915030806205144 -0.0046364665826161703 -0.050548420294187962 -0.0045209043473005295 0.056602934144045179 0.037478196258130286 0.0059718443389449802 -0.017813220652192832 -0.0012760966733098031 -0.021941017399801584 -0.012007064186036587 0.00016475924361306841 0.011330508274310787 0.025244369016539668
leaf_weight=20 61 30 20 137 38 23 35 50 50 122 33 1194 135 31
leaf_count=20 61 30 20 137 38 23 35 50 50 122 33 1194 135 31
internal_value=4.27581e-11 -0.00770637 -0.0214541 0.000595702 0.00939412 0.0265685 -0.000777494 -0.00225677 0.0109342 -0.0157184 0.0102462 -0.000557828 0.014984 0.0105489
internal_weight=1979 142 81 1837 248 111 1589 1401 73 157 188 1244 155 61
internal_count=1979 142 81 1837 248 111 1589 1401 73 157 188 1244 155 61
is_linear=0
shrinkage=0.01


Tree=364
num_leaves=13
num_cat=0
split_feature=0 2 3 5 5 6 6 3 4 7 1 3
split_gain=89.7722 110.382 277.03 150.392 175.293 182.016 104.243 52.3803 61.2167 27.7211 24.0585 15.1941
threshold=5.1819645000000003 5.8424999500000014 7.5664583335000009 0.42114583350000007 0.41960416650000004 6.0700000000000012 6.3930000000000016 5.9883333330000008 0.38689583350000006 0.36648727148060622 44.354166670000005 8.5758333335000021
decision_type=2 2 2 2 2 2 2 2 2 2 2 2
left_child=10 2 7 4 5 -3 -5 8 -2 -9 -1 -8
right_child=1 3 -4 6 -6 -7 11 9 -10 -11 -12 -13
leaf_value=-0.003992594680190086 -0.00083198716908338527 -0.011807153386271689 0.040835700695929324 0.0014586755522975215 0.029791428253054617 0.0009198101504964679 -0.028306440573472244 -0.013184780091047288 0.023613703310489655 0.0012342553655616938 -0.016559320890750639 -0.016870012559174072
leaf_weight=25 21 121 23 27 20 1576 26 20 20 40 39 21
leaf_count=25 21 121 23 27 20 1576 26 20 20 40 39 21
internal_value=3.27775e-12 0.000389362 0.00951369 -0.000242362 0.000359222 1.23484e-05 -0.0142007 0.00238096 0.0110927 -0.00357209 -0.0116504 -0.0231965
internal_weight=1979 1915 124 1791 1717 1697 74 101 41 60 64 47
internal_count=1979 1915 124 1791 1717 1697 74 101 41 60 64 47
is_linear=0
shrinkage=0.01


Tree=365
num_leaves=13
num_cat=0
split_feature=1 7 5 3 2 6 5 5 3 5 7 6
split_gain=89.4874 147.741 357.467 738.727 581.849 309.097 204.757 221.218 770.243 408.923 203.466 85.9629
threshold=6.7708333335000015 0.93038214053199464 0.41356250000000006 9.9091666665000009 5.9185415230000009 9.4700000000000006 0.42020833300000004 0.41185416650000006 7.3018750000000008 0.40979166650000004 0.80382625221112025 7.2490000000000014
decision_type=2 2 2 2 2 2 2 2 2 2 2 2
left_child=-1 6 3 -3 -4 -5 7 9 -9 -2 -8 -6
right_child=1 2 4 5 11 -7 10 8 -10 -11 -12 -13
leaf_value=-0.019192250656584899 -6.5885489071386888e-05 0.063941630522410073 0.044220167511985417 0.031177059754729272 0.0038621312081813814 -0.019924218811351677 -0.032655203466614088 -0.007077951638884571 0.02836402222665178 -0.022079120885994698 8.0378792575887728e-05 -0.019722412754781544
leaf_weight=24 1353 30 21 20 20 29 39 137 111 90 37 68
leaf_count=24 1353 30 21 20 20 29 39 137 111 90 37 68
internal_value=2.54549e-11 0.000235608 0.00866346 0.0248606 -0.00307576 0.000933446 -0.000661073 6.05932e-05 0.00878519 -0.00143885 -0.0167181 -0.0143623
internal_weight=1979 1955 188 79 109 49 1767 1691 248 1443 76 88
internal_count=1979 1955 188 79 109 49 1767 1691 248 1443 76 88
is_linear=0
shrinkage=0.01


Tree=366
num_leaves=15
num_cat=0
split_feature=3 2 4 3 5 6 5 5 5 3 0 4 4 0
split_gain=89.2414 349.284 220.329 216.929 580.644 511.623 523.518 253.448 314.593 207.895 194.267 154.159 136.876 135.828
threshold=13.738333335000002 14.130000000000001 0.39102083350000005 12.978958335000003 0.39245833350000003 11.993500000000003 0.39995833350000004 0.3897500000000001 0.39602083350000006 10.758125000000001 19.718278000000002 0.36195833350000006 0.35137500000000005 16.328594500000005
decision_type=2 2 2 2 2 2 2 2 2 2 2 2 2 2
left_child=3 2 13 7 -5 6 -6 10 9 -9 12 -10 -1 -2
right_child=1 -3 -4 4 5 -7 -8 8 11 -11 -12 -13 -14 -15
leaf_value=0.039240269079804421 -0.00099233325652312498 0.010434847713493912 -0.050051475640852008 -0.0044842345788259144 0.072948571232057391 -0.0034685791126991571 0.018770705975946926 -0.0062727393127585719 0.022651836415752771 -0.029813142017491405 -0.011895532865980359 -0.0010809248565017602 0.011208663850815759 -0.032398870119026729
leaf_weight=20 40 61 20 137 31 38 42 95 28 62 33 1216 135 21
leaf_count=20 40 61 20 137 31 38 42 95 28 62 33 1216 135 21
internal_value=-9.2144e-12 -0.00763784 -0.0212481 0.000590405 0.00928883 0.026288 0.0417777 -0.000767184 -0.00223018 -0.0155689 0.0101352 -0.000546747 0.0148256 -0.0118044
internal_weight=1979 142 81 1837 248 111 73 1589 1401 157 188 1244 155 61
internal_count=1979 142 81 1837 248 111 73 1589 1401 157 188 1244 155 61
is_linear=0
shrinkage=0.01


Tree=367
num_leaves=15
num_cat=0
split_feature=0 2 5 4 4 7 6 5 7 4 5 4 6 4
split_gain=88.2521 196.557 296.881 364.952 246.669 260.325 296.404 234.159 104.389 103.209 99.2033 97.8246 87.1181 111.934
threshold=16.862947500000004 13.538333335000003 0.40095833350000004 0.38322916650000005 0.3635208330000001 -0.23343647497176648 11.535000000000002 0.38993750000000005 -0.8910065241883679 0.39697916650000004 0.3800416665000001 0.36660416650000005 13.286000000000003 0.37814583350000003
decision_type=2 2 2 2 2 2 2 2 2 2 2 2 2 2
left_child=1 4 3 11 8 7 -7 -6 -1 -5 -2 -3 13 -12
right_child=10 2 -4 9 5 6 -8 -9 -10 -11 12 -13 -14 -15
leaf_value=-0.00057740085422992708 0.0081581053313145285 -0.015928101064982238 -0.020886320976747409 0.018647897493839265 0.011892755576981264 0.0039642488754273383 -0.013414574749518321 -0.0096428329403600681 0.023931703809403668 0.039776967517858329 -0.0093701019292431222 0.0070527147324913643 -0.019778929972089826 0.0078115904030318442
leaf_weight=25 47 27 27 50 57 793 112 442 57 43 140 59 48 52
leaf_count=25 47 27 27 50 57 793 112 442 57 43 140 59 48 52
internal_value=-7.51788e-12 0.000869722 0.0100239 0.0146863 -0.000399297 -0.00138392 0.0018135 -0.00718286 0.0164594 0.0284173 -0.00512742 -0.000162193 -0.00772917 -0.00471673
internal_weight=1979 1692 206 179 1486 1404 905 499 82 93 287 86 240 192
internal_count=1979 1692 206 179 1486 1404 905 499 82 93 287 86 240 192
is_linear=0
shrinkage=0.01


Tree=368
num_leaves=15
num_cat=0
split_feature=3 2 4 3 5 5 5 5 3 4 0 7 4 0
split_gain=88.0535 340.626 215.843 212.588 568.527 500.204 245.443 306.027 227.856 204.661 188.496 151.037 134.014 132.32
threshold=13.738333335000002 14.130000000000001 0.39102083350000005 12.978958335000003 0.39245833350000003 0.39895833350000004 0.3897500000000001 0.39602083350000006 13.210208335000003 0.34856250000000005 19.718278000000002 -0.98624804680367273 0.35137500000000005 16.328594500000005
decision_type=2 2 2 2 2 2 2 2 2 2 2 2 2 2
left_child=3 2 13 6 -5 -6 10 9 -7 -8 12 -9 -1 -2
right_child=1 -3 -4 4 5 8 7 11 -10 -11 -12 -13 -14 -15
leaf_value=0.038749614745378497 -0.0010087496610358356 0.010260446368426572 -0.049536039736121897 -0.0044311769556825177 0.055440942001970195 0.038503385725475493 0.0059633060369108405 -0.017564258053805678 -0.00052495061993025822 -0.021468460624884875 -0.011729683937843552 0.00017621620245811403 0.011012646219831097 -0.032007013289701368
leaf_weight=20 40 61 20 137 38 21 35 50 52 122 33 1194 135 21
leaf_count=20 40 61 20 137 38 21 35 50 52 122 33 1194 135 21
internal_value=5.66488e-11 -0.00758684 -0.0210274 0.000586462 0.00919741 0.0260183 -0.000757475 -0.00219718 0.0107024 -0.0153531 0.00997138 -0.000536825 0.0145916 -0.0116803
internal_weight=1979 142 81 1837 248 111 1589 1401 73 157 188 1244 155 61
internal_count=1979 142 81 1837 248 111 1589 1401 73 157 188 1244 155 61
is_linear=0
shrinkage=0.01


Tree=369
num_leaves=14
num_cat=0
split_feature=0 2 3 0 6 7 6 5 2 0 4 3 2
split_gain=88.0513 104.541 298.285 146.596 225.668 323.582 172.799 317.698 284.046 64.6075 36.7886 24.0396 15.2076
threshold=5.0490095000000013 5.8424999500000014 7.6424997875000011 6.0922985000000009 6.378000000000001 0.58068084432175959 6.1515000000000013 0.41185416650000006 7.6091666355000012 5.5421275000000012 0.38652083350000005 7.3070833335000005 6.3424999255000012
decision_type=2 2 2 2 2 2 2 2 2 2 2 2 2
left_child=11 2 9 4 5 -3 8 -8 -5 -2 -11 -1 -6
right_child=1 3 -4 6 12 -7 7 -9 -10 10 -12 -13 -14
leaf_value=-0.0064768235577690996 -0.012290658780063192 -0.025204006135463714 0.042590214076705955 0.00012245462211065515 -0.02311038624781829 0.030372368002479729 -0.00037886729130548415 0.013288015179556901 -0.030663561490566833 -0.003249728500291153 0.010961115800309926 -0.019656548556685447 -0.034709036409854892
leaf_weight=31 24 20 22 86 26 22 1380 194 46 27 56 25 20
leaf_count=31 24 20 22 86 26 22 1380 194 46 27 56 25 20
internal_value=1.24004e-11 0.000359956 0.00905495 -0.000265269 -0.0128516 0.00390743 0.000383966 0.00130562 -0.010606 0.00215985 0.00633831 -0.0123606 -0.0281533
internal_weight=1979 1923 129 1794 88 42 1706 1574 132 107 83 56 46
internal_count=1979 1923 129 1794 88 42 1706 1574 132 107 83 56 46
is_linear=0
shrinkage=0.01


Tree=370
num_leaves=13
num_cat=0
split_feature=1 7 5 3 2 6 5 5 3 5 7 6
split_gain=88.1302 142.447 352.671 722.035 566.351 301.764 200.184 212.567 754.357 400.191 198.493 83.9216
threshold=6.7708333335000015 0.93038214053199464 0.41356250000000006 9.9091666665000009 5.9185415230000009 9.4700000000000006 0.42020833300000004 0.41185416650000006 10.910208335000002 0.40979166650000004 0.80382625221112025 7.2490000000000014
decision_type=2 2 2 2 2 2 2 2 2 2 2 2
left_child=-1 6 3 -3 -4 -5 7 9 -9 -2 -8 -6
right_child=1 2 4 5 11 -7 10 8 -10 -11 -12 -13
leaf_value=-0.019046150383849939 -4.4701087572670379e-05 0.063234406630198164 0.043510862503732949 0.030824816830456261 0.0037206260561943056 -0.019666605440193212 -0.032264473014152965 0.00040774989584139705 0.045662083427732196 -0.021821642056107524 6.8542453888300299e-05 -0.01958221069900045
leaf_weight=24 1353 30 21 20 20 29 39 203 45 90 37 68
leaf_count=24 1353 30 21 20 20 29 39 203 45 90 37 68
internal_value=-3.81418e-11 0.000233815 0.00850929 0.0245974 -0.00315091 0.000942138 -0.000646655 6.69063e-05 0.00861922 -0.00140293 -0.0165234 -0.0142861
internal_weight=1979 1955 188 79 109 49 1767 1691 248 1443 76 88
internal_count=1979 1955 188 79 109 49 1767 1691 248 1443 76 88
is_linear=0
shrinkage=0.01


Tree=371
num_leaves=13
num_cat=0
split_feature=1 7 5 3 2 6 5 5 3 5 7 6
split_gain=86.3764 139.613 345.653 707.667 555.081 295.759 196.2 208.337 740.262 392.228 194.543 82.2516
threshold=6.7708333335000015 0.93038214053199464 0.41356250000000006 9.9091666665000009 5.9185415230000009 9.4700000000000006 0.42020833300000004 0.41185416650000006 7.3018750000000008 0.40979166650000004 0.80382625221112025 7.2490000000000014
decision_type=2 2 2 2 2 2 2 2 2 2 2 2
left_child=-1 6 3 -3 -4 -5 7 9 -9 -2 -8 -6
right_child=1 2 4 5 11 -7 10 8 -10 -11 -12 -13
leaf_value=-0.018855688485006492 -4.4254028027208145e-05 0.062602061907450365 0.043075753790991649 0.030516567736864092 0.0036834199130535128 -0.019469939424046154 -0.031941828166063016 -0.0070183190317267058 0.027727036080532917 -0.021603424918320444 6.7856839379748781e-05 -0.019386388561962283
leaf_weight=24 1353 30 21 20 20 29 39 137 111 90 37 68
leaf_count=24 1353 30 21 20 20 29 39 137 111 90 37 68
internal_value=5.19722e-12 0.000231476 0.0084242 0.0243515 -0.00311941 0.000932717 -0.000640189 6.62373e-05 0.00853303 -0.0013889 -0.0163582 -0.0141433
internal_weight=1979 1955 188 79 109 49 1767 1691 248 1443 76 88
internal_count=1979 1955 188 79 109 49 1767 1691 248 1443 76 88
is_linear=0
shrinkage=0.01


Tree=372
num_leaves=15
num_cat=0
split_feature=3 2 4 3 5 6 5 5 6 7 3 0 5 3
split_gain=86.1937 333.847 211.548 208.088 556.341 494.513 505.245 240.748 303.305 350.877 253.961 184.745 132.105 132.02
threshold=13.738333335000002 14.130000000000001 0.39102083350000005 12.978958335000003 0.39245833350000003 11.993500000000003 0.39995833350000004 0.3897500000000001 8.697000000000001 0.87878364999916159 9.2362500000000001 19.718278000000002 0.38522916650000005 13.360208335000001
decision_type=2 2 2 2 2 2 2 2 2 2 2 2 2 2
left_child=3 2 -2 7 13 6 -6 11 9 -9 -10 -1 -3 -5
right_child=1 12 -4 4 5 -7 -8 8 10 -11 -12 -13 -14 -15
leaf_value=0.014450372153112004 -0.011558801911801832 -0.0047968941852450367 -0.049036001272499567 0.0067384400609880688 0.0715896850632083 -0.0035155995141126608 0.018365759771494638 -0.0016759091916136424 0.0067375308379184371 0.014587981343036517 -0.0122969629273917 -0.011607708880681347 0.024639372691031426 -0.01304761070467822
leaf_weight=155 61 30 20 60 31 38 42 776 86 160 379 33 31 77
leaf_count=155 61 30 20 60 31 38 42 776 86 160 379 33 31 77
internal_value=3.26569e-12 -0.00750629 -0.0208124 0.000580236 0.00909956 0.0257392 0.0409677 -0.0007494 -0.00217527 0.00110424 -0.0087766 0.00987635 0.0101625 -0.00438219
internal_weight=1979 142 81 1837 248 111 73 1589 1401 936 465 188 61 137
internal_count=1979 142 81 1837 248 111 73 1589 1401 936 465 188 61 137
is_linear=0
shrinkage=0.01


Tree=373
num_leaves=15
num_cat=0
split_feature=0 2 3 0 6 7 6 5 2 5 4 3 3 2
split_gain=85.3605 101.468 282.751 139.546 220.083 312.547 164.571 303.284 246.683 64.3302 119.902 25.4577 22.819 14.954
threshold=5.0490095000000013 5.8424999500000014 7.6424997875000011 6.0922985000000009 6.378000000000001 0.58068084432175959 6.0700000000000012 0.41185416650000006 7.6091666355000012 0.41495833350000005 0.38652083350000005 7.3070833335000005 7.142499775000001 6.3424999255000012
decision_type=2 2 2 2 2 2 2 2 2 2 2 2 2 2
left_child=11 2 9 4 5 -3 8 -8 -5 10 -2 -1 -11 -6
right_child=1 3 -4 6 13 -7 7 -9 -10 12 -12 -13 -14 -15
leaf_value=-0.0061154288389990413 -0.0020391373569145798 -0.02460190385580063 0.041571029641411517 -0.00088806989125725703 -0.022651953536730548 0.030018638399514287 -0.00040087103737826397 0.012946452810909099 -0.031178989652544262 -0.00045902038236027179 0.026233627696832022 -0.019678328475356104 -0.01506407921668142 -0.034153480947017673
leaf_weight=31 40 20 22 82 26 22 1390 194 40 23 24 25 20 20
leaf_count=31 40 20 22 82 26 22 1390 194 40 23 24 25 20 20
internal_value=3.2801e-12 0.000354413 0.00892066 -0.000261554 -0.0125415 0.00400886 0.000371876 0.00123384 -0.0108195 0.0022075 0.00856315 -0.0121703 -0.00725207 -0.0276526
internal_weight=1979 1923 129 1794 88 42 1706 1584 122 107 64 56 43 46
internal_count=1979 1923 129 1794 88 42 1706 1584 122 107 64 56 43 46
is_linear=0
shrinkage=0.01


Tree=374
num_leaves=13
num_cat=0
split_feature=1 7 5 6 2 3 5 5 3 5 7 6
split_gain=85.0575 133.055 342.166 689.517 539.126 253.249 191.175 203.186 728.386 381.741 188.807 79.7741
threshold=6.7708333335000015 0.93038214053199464 0.41356250000000006 10.908500000000002 5.9185415230000009 9.4935416665000023 0.42020833300000004 0.41185416650000006 11.001875000000002 0.40979166650000004 0.80382625221112025 7.2490000000000014
decision_type=2 2 2 2 2 2 2 2 2 2 2 2
left_child=-1 6 3 5 -4 -3 7 9 -9 -2 -8 -6
right_child=1 2 4 -5 11 -7 10 8 -10 -11 -12 -13
leaf_value=-0.018711182077725728 -3.441218641247251e-05 0.070461747532799129 0.042268917957941694 -0.022024309920228045 0.0034343552589416503 0.026535477063485552 -0.031488843299209687 0.00058858468946887225 0.045857012107275254 -0.02130342550824086 4.5431799985267022e-05 -0.019285363997058835
leaf_weight=24 1353 21 21 23 20 35 39 205 43 90 37 68
leaf_count=24 1353 21 21 23 20 35 39 205 43 90 37 68
internal_value=6.97433e-12 0.000229702 0.00822771 0.0240744 -0.00325753 0.0430078 -0.000621245 7.60753e-05 0.00843755 -0.00136096 -0.0161366 -0.0141218
internal_weight=1979 1955 188 79 109 56 1767 1691 248 1443 76 88
internal_count=1979 1955 188 79 109 56 1767 1691 248 1443 76 88
is_linear=0
shrinkage=0.01


Tree=375
num_leaves=15
num_cat=0
split_feature=3 2 4 3 5 5 5 6 7 3 4 0 4 0
split_gain=84.3795 327.204 207.338 203.795 544.63 484.203 236.157 295.718 334.683 245.826 220.007 182.582 136.571 129.686
threshold=13.738333335000002 14.130000000000001 0.39102083350000005 12.978958335000003 0.39245833350000003 0.39895833350000004 0.38952083350000005 8.697000000000001 0.87878364999916159 9.2362500000000001 0.41277083300000006 19.718278000000002 0.35266666650000006 16.328594500000005
decision_type=2 2 2 2 2 2 2 2 2 2 2 2 2 2
left_child=3 2 13 6 -5 -6 11 8 -8 -9 -7 12 -1 -2
right_child=1 -3 -4 4 5 10 7 9 -10 -11 -12 -13 -14 -15
leaf_value=0.038134518946920125 -0.00087404293823055922 0.01006524778047546 -0.048541287541389463 -0.0043340124983857146 0.054416841550877219 -0.00026464744137143188 -0.0016177840419077632 0.0066259686423595565 0.014266365601215511 -0.01209207962502987 0.038660209715366364 -0.011487278917409255 0.010679123159074648 -0.031562324338370848
leaf_weight=21 40 61 20 137 38 53 776 86 160 381 20 33 132 21
leaf_count=21 40 61 20 137 38 53 776 86 160 381 20 33 132 21
internal_value=-1.10639e-11 -0.00742687 -0.0206 0.000574097 0.00900507 0.0254686 -0.000741751 -0.00214542 0.00109746 -0.00864507 0.0103997 0.00984618 0.0144475 -0.0114389
internal_weight=1979 142 81 1837 248 111 1589 1403 936 467 73 186 153 61
internal_count=1979 142 81 1837 248 111 1589 1403 936 467 73 186 153 61
is_linear=0
shrinkage=0.01


Tree=376
num_leaves=13
num_cat=0
split_feature=0 2 3 5 5 0 6 3 4 7 4 3
split_gain=83.2723 101.264 246.313 134.361 167.976 171.428 101.258 49.533 57.8586 27.413 21.9098 14.5749
threshold=5.1819645000000003 5.8424999500000014 7.5664583335000009 0.42114583350000007 0.41960416650000004 6.158780000000001 6.3930000000000016 5.9883333330000008 0.38689583350000006 0.36648727148060622 0.40685416650000006 8.5758333335000021
decision_type=2 2 2 2 2 2 2 2 2 2 2 2
left_child=10 2 7 4 5 -3 -5 8 -2 -9 -1 -8
right_child=1 3 -4 6 -6 -7 11 9 -10 -11 -12 -13
leaf_value=-0.016546659275889396 -0.0007326222942875964 -0.024105563307630608 0.03864886299747488 0.0020100435504206903 0.029149926800280807 0.0004180723667238019 -0.027294248778086443 -0.012959387123584748 0.023033105194568634 0.0013792790658771993 -0.0047929190022164376 -0.016093291455791109
leaf_weight=35 21 29 23 27 20 1668 26 20 20 40 29 21
leaf_count=35 21 29 23 27 20 1668 26 20 20 40 29 21
internal_value=3.736e-11 0.000375001 0.00911439 -0.000230071 0.000338545 -1.01157e-06 -0.0134235 0.00238872 0.0108604 -0.00340028 -0.0112207 -0.0222896
internal_weight=1979 1915 124 1791 1717 1697 74 101 41 60 64 47
internal_count=1979 1915 124 1791 1717 1697 74 101 41 60 64 47
is_linear=0
shrinkage=0.01


Tree=377
num_leaves=13
num_cat=0
split_feature=1 7 5 3 2 6 5 5 3 5 7 6
split_gain=83.1527 128.295 337.234 673.967 523.28 280.655 186.547 199.889 713.283 371.969 185.01 76.9045
threshold=6.7708333335000015 0.93038214053199464 0.41356250000000006 9.9091666665000009 5.9185415230000009 9.4700000000000006 0.42020833300000004 0.41185416650000006 11.001875000000002 0.40979166650000004 0.80382625221112025 7.2490000000000014
decision_type=2 2 2 2 2 2 2 2 2 2 2 2
left_child=-1 6 3 -3 -4 -5 7 9 -9 -2 -8 -6
right_child=1 2 4 5 11 -7 10 8 -10 -11 -12 -13
leaf_value=-0.018500477820634843 -3.5513892853446718e-05 0.061141572078069056 0.041530977799778893 0.029777092553675173 0.0032126752585172652 -0.018916349745002285 -0.031131917442171236 0.00060654742693210526 0.045403219198071679 -0.021030544694927007 8.3608474280383145e-05 -0.01909466973231996
leaf_weight=24 1353 30 21 20 20 29 39 205 43 90 37 68
leaf_count=24 1353 30 21 20 20 29 39 205 43 90 37 68
internal_value=-1.91759e-11 0.000227116 0.00808075 0.0238128 -0.00332141 0.000958525 -0.000608472 8.03556e-05 0.00837371 -0.00134498 -0.0159349 -0.0140248
internal_weight=1979 1955 188 79 109 49 1767 1691 248 1443 76 88
internal_count=1979 1955 188 79 109 49 1767 1691 248 1443 76 88
is_linear=0
shrinkage=0.01


Tree=378
num_leaves=15
num_cat=0
split_feature=0 2 5 4 4 7 3 5 4 7 5 4 6 1
split_gain=82.9868 190.931 284.698 352.734 237.087 244.383 276.236 218.376 102.636 102.022 96.7443 93.4456 85.6184 85.0541
threshold=16.862947500000004 13.538333335000003 0.40095833350000004 0.38322916650000005 0.3635208330000001 -0.23343647497176648 13.757083335000003 0.38993750000000005 0.39697916650000004 -0.8910065241883679 0.3800416665000001 0.36497916650000006 12.061500000000002 190.87500000000003
decision_type=2 2 2 2 2 2 2 2 2 2 2 2 2 2
left_child=1 4 3 11 9 7 -7 -6 -5 -1 -2 -3 -12 -11
right_child=10 2 -4 8 5 6 -8 -9 -10 13 12 -13 -14 -15
leaf_value=-0.00072189700827002528 0.0081477232622180849 -0.01741837781165605 -0.020403763237926694 0.018188257457315921 0.011430305719637036 0.0025973748897929016 -0.033276036313988941 -0.0093668554763507716 0.039258644215242805 0.008655734977320485 -0.0029967938505701332 0.0061318160487072804 -0.015391209506514399 0.033554716423523666
leaf_weight=25 47 23 27 50 57 883 22 442 43 23 152 63 88 34
leaf_count=25 47 23 27 50 57 883 22 442 43 23 152 63 88 34
internal_value=-2.45149e-11 0.000843378 0.00986561 0.0144314 -0.000407348 -0.00137266 0.00172531 -0.00699123 0.0279305 0.0161207 -0.00497211 -0.000166492 -0.00754141 0.0235078
internal_weight=1979 1692 206 179 1486 1404 905 499 93 82 287 86 240 57
internal_count=1979 1692 206 179 1486 1404 905 499 93 82 287 86 240 57
is_linear=0
shrinkage=0.01


Tree=379
num_leaves=15
num_cat=0
split_feature=3 2 4 3 5 6 5 5 5 3 0 4 3 5
split_gain=82.098 317.609 202.385 198.594 533.132 479.605 488.903 228.461 293.302 199.434 176.298 149.948 129.236 128.552
threshold=13.738333335000002 14.130000000000001 0.39102083350000005 12.978958335000003 0.39245833350000003 11.993500000000003 0.39995833350000004 0.3897500000000001 0.39602083350000006 10.805000000000001 19.718278000000002 0.36195833350000006 13.360208335000001 0.38522916650000005
decision_type=2 2 2 2 2 2 2 2 2 2 2 2 2 2
left_child=3 2 -2 7 12 6 -6 10 9 -9 -1 -10 -5 -3
right_child=1 13 -4 4 5 -7 -8 8 11 -11 -12 -13 -14 -15
leaf_value=0.014086609643193023 -0.011253279466640021 -0.0048489264771342279 -0.047909818135201933 0.0066942020865778133 0.070297724200833231 -0.0036326068531917898 0.017941627878518333 -0.0061369474072815837 0.022383374393518483 -0.029331626154482367 -0.011368767369086997 -0.0010230383996684778 -0.01288212976091868 0.024188832381079273
leaf_weight=155 61 30 20 60 31 38 42 97 28 60 33 1216 77 31
leaf_count=155 61 30 20 60 31 38 42 97 28 60 33 1216 77 31
internal_value=-6.87315e-12 -0.00732578 -0.0203043 0.000566282 0.00888898 0.0251778 0.040175 -0.000732666 -0.00212167 -0.0150012 0.00961838 -0.000496206 -0.00430855 0.00990797
internal_weight=1979 142 81 1837 248 111 73 1589 1401 157 188 1244 137 61
internal_count=1979 142 81 1837 248 111 73 1589 1401 157 188 1244 137 61
is_linear=0
shrinkage=0.01


Tree=380
num_leaves=13
num_cat=0
split_feature=1 7 5 3 6 6 5 5 3 5 7 7
split_gain=81.6381 125.227 330.523 660.555 514.842 275.07 183.26 194.934 700.721 364.75 181.328 67.1395
threshold=6.7708333335000015 0.93038214053199464 0.41356250000000006 9.9091666665000009 6.7240000000000011 9.4700000000000006 0.42020833300000004 0.41185416650000006 7.3018750000000008 0.40979166650000004 0.80382625221112025 0.9681107762825325
decision_type=2 2 2 2 2 2 2 2 2 2 2 2
left_child=-1 6 3 -3 -4 -5 7 9 -9 -2 -8 -6
right_child=1 2 4 5 11 -7 10 8 -10 -11 -12 -13
leaf_value=-0.018331215915580592 -2.8625409527016144e-05 0.060514413118362427 0.031963729123274484 0.029463579595088957 -0.0013759726853597731 -0.018742929347630204 -0.030836341662857775 -0.0068581766534569488 0.026946489899629004 -0.020818927218309708 6.702888253572825e-05 -0.022243890220877426
leaf_weight=24 1353 30 30 20 21 29 39 137 111 90 37 58
leaf_count=24 1353 30 30 20 21 29 39 137 111 90 37 58
internal_value=-2.057e-11 0.000225038 0.0079842 0.023559 -0.00330394 0.000933197 -0.000600498 8.22333e-05 0.00827214 -0.00132532 -0.0157913 -0.0166967
internal_weight=1979 1955 188 79 109 49 1767 1691 248 1443 76 79
internal_count=1979 1955 188 79 109 49 1767 1691 248 1443 76 79
is_linear=0
shrinkage=0.01


Tree=381
num_leaves=15
num_cat=0
split_feature=0 2 5 4 4 7 6 5 4 7 5 4 6 4
split_gain=80.482 185.6 277.063 344.155 230.682 238.351 271.177 210.434 100.697 99.8089 94.9706 90.962 83.5762 103.606
threshold=16.862947500000004 13.538333335000003 0.40095833350000004 0.38322916650000005 0.3635208330000001 -0.23343647497176648 11.535000000000002 0.38993750000000005 0.39697916650000004 -0.8910065241883679 0.3800416665000001 0.36660416650000005 13.286000000000003 0.37814583350000003
decision_type=2 2 2 2 2 2 2 2 2 2 2 2 2 2
left_child=1 4 3 11 9 7 -7 -6 -5 -1 -2 -3 13 -12
right_child=10 2 -4 8 5 6 -8 -9 -10 -11 12 -13 -14 -15
leaf_value=-0.00075818480849266059 0.0081025164986544464 -0.01539203151629341 -0.020134801373437598 0.017914234679937361 0.011179868622127463 0.0037619219445018627 -0.012860902836546301 -0.0092356008068106375 0.038784616282859515 0.023207182848433913 -0.0089684891313580525 0.0067680447094016164 -0.019244414689019322 0.0075616730434390211
leaf_weight=25 47 27 27 50 57 793 112 442 43 57 140 59 48 52
leaf_count=25 47 27 27 50 57 793 112 442 43 57 140 59 48 52
internal_value=7.84259e-12 0.000830553 0.00972592 0.0142301 -0.000402588 -0.00135477 0.00170473 -0.00690357 0.027564 0.0159007 -0.0048965 -0.000189189 -0.00744214 -0.00449157
internal_weight=1979 1692 206 179 1486 1404 905 499 93 82 287 86 240 192
internal_count=1979 1692 206 179 1486 1404 905 499 93 82 287 86 240 192
is_linear=0
shrinkage=0.01


Tree=382
num_leaves=15
num_cat=0
split_feature=3 2 4 3 5 6 5 5 6 7 3 0 4 0
split_gain=81.0064 309.705 198.267 194.495 521.802 466.956 477.442 221.227 289.696 311.353 238.068 171.068 128.222 127.727
threshold=13.738333335000002 14.130000000000001 0.39102083350000005 12.978958335000003 0.39245833350000003 11.993500000000003 0.39995833350000004 0.3897500000000001 8.697000000000001 0.87878364999916159 9.2362500000000001 19.718278000000002 0.35137500000000005 16.094899000000002
decision_type=2 2 2 2 2 2 2 2 2 2 2 2 2 2
left_child=3 2 13 7 -5 6 -6 11 9 -9 -10 12 -1 -2
right_child=1 -3 -4 4 5 -7 -8 8 10 -11 -12 -13 -14 -15
leaf_value=0.03749452506005764 0.0013373516585145678 0.0097410447736744031 -0.047416206412017346 -0.0042576785257806742 0.069479356292755381 -0.0035142811221119605 0.017740590057912328 -0.001503607125916235 0.0064794814881197239 0.013816921071149409 -0.01194977263450662 -0.011210610994109603 0.010363566666289611 -0.027923412921910105
leaf_weight=20 35 61 20 137 31 38 42 776 86 160 379 33 135 26
leaf_count=20 35 61 20 137 31 38 42 776 86 160 379 33 135 26
internal_value=1.08062e-11 -0.00727691 -0.0200929 0.000562505 0.00879887 0.0249137 0.0397118 -0.000722969 -0.00208981 0.00111529 -0.00854135 0.00946288 0.0138643 -0.0111344
internal_weight=1979 142 81 1837 248 111 73 1589 1401 936 465 188 155 61
internal_count=1979 142 81 1837 248 111 73 1589 1401 936 465 188 155 61
is_linear=0
shrinkage=0.01


Tree=383
num_leaves=13
num_cat=0
split_feature=0 2 3 5 5 0 6 3 4 7 4 3
split_gain=81.3001 97.0834 235.028 127.726 163.233 166.227 100.293 47.9782 56.8828 27.1104 21.5334 14.5145
threshold=5.1819645000000003 5.8424999500000014 7.5664583335000009 0.42114583350000007 0.41960416650000004 6.158780000000001 6.3930000000000016 5.9883333330000008 0.38689583350000006 0.36648727148060622 0.40685416650000006 8.5758333335000021
decision_type=2 2 2 2 2 2 2 2 2 2 2 2
left_child=10 2 7 4 5 -3 -5 8 -2 -9 -1 -8
right_child=1 3 -4 6 -6 -7 11 9 -10 -11 -12 -13
leaf_value=-0.016367047132125924 -0.00079938496862139022 -0.023738328999486465 0.037777589572512586 0.0022743447180147524 0.028734179763123393 0.00041043332257010293 -0.026903494458932142 -0.012845821917057037 0.022765089094638827 0.0014135035574436188 -0.0047146969288587573 -0.015725780335210621
leaf_weight=35 21 29 23 27 20 1668 26 20 20 40 29 21
leaf_count=35 21 29 23 27 20 1668 26 20 20 40 29 21
internal_value=9.36757e-13 0.000370534 0.0089276 -0.000221915 0.000332484 -2.24441e-06 -0.0130855 0.00235781 0.0106955 -0.0033396 -0.0110871 -0.0219092
internal_weight=1979 1915 124 1791 1717 1697 74 101 41 60 64 47
internal_count=1979 1915 124 1791 1717 1697 74 101 41 60 64 47
is_linear=0
shrinkage=0.01


Tree=384
num_leaves=13
num_cat=0
split_feature=1 7 5 3 2 6 5 5 3 5 7 6
split_gain=79.7657 120.025 326.482 643.073 502.097 266.451 179.795 189.993 691.399 355.901 177.706 71.8572
threshold=6.7708333335000015 0.93038214053199464 0.41356250000000006 9.9091666665000009 5.9185415230000009 9.4700000000000006 0.42020833300000004 0.41185416650000006 10.910208335000002 0.40979166650000004 0.80382625221112025 7.2490000000000014
decision_type=2 2 2 2 2 2 2 2 2 2 2 2
left_child=-1 6 3 -3 -4 -5 7 9 -9 -2 -8 -6
right_child=1 2 4 5 11 -7 10 8 -10 -11 -12 -13
leaf_value=-0.018119778670370578 -1.8254950020843614e-05 0.059761171976725258 0.040534985349291848 0.029053467363119125 0.0027775409817695617 -0.018391745928032645 -0.030526316446753649 0.00031459286841082165 0.043639336465961402 -0.020554805295852324 6.6884685609791737e-05 -0.018785354420542716
leaf_weight=24 1353 30 21 20 20 29 39 203 45 90 37 68
leaf_count=24 1353 30 21 20 20 29 39 203 45 90 37 68
internal_value=2.98791e-11 0.000222442 0.00781875 0.023298 -0.00340017 0.000973647 -0.000585767 9.04796e-05 0.00817594 -0.00129912 -0.0156323 -0.0138847
internal_weight=1979 1955 188 79 109 49 1767 1691 248 1443 76 88
internal_count=1979 1955 188 79 109 49 1767 1691 248 1443 76 88
is_linear=0
shrinkage=0.01


Tree=385
num_leaves=15
num_cat=0
split_feature=3 2 4 3 5 6 5 5 6 7 3 0 4 3
split_gain=79.4809 303.542 194.322 190.175 510.993 457.273 468.522 216.661 281.462 298.862 230.813 169.087 130.735 126.553
threshold=13.738333335000002 14.130000000000001 0.39102083350000005 12.978958335000003 0.39245833350000003 11.993500000000003 0.39995833350000004 0.38952083350000005 8.697000000000001 0.87878364999916159 9.2362500000000001 19.718278000000002 0.35266666650000006 13.360208335000001
decision_type=2 2 2 2 2 2 2 2 2 2 2 2 2 2
left_child=3 2 -2 7 13 6 -6 11 9 -9 -10 12 -1 -5
right_child=1 -3 -4 4 5 -7 -8 8 10 -11 -12 -13 -14 -15
leaf_value=0.037030991656439645 -0.011027027061361758 0.0096397124243075734 -0.04694596655666828 0.0066689247923592734 0.068780640229102116 -0.0034830601827094431 0.017527463106172425 -0.0014604963493037918 0.0063979096017604655 0.013549555696547031 -0.011739549156616924 -0.011102426776831801 0.010168547645126553 -0.012703139114302476
leaf_weight=21 61 61 20 60 31 38 42 776 86 160 381 33 132 77
leaf_count=21 61 61 20 60 31 38 42 776 86 160 381 33 132 77
internal_value=1.7251e-11 -0.00720807 -0.0198959 0.000557183 0.00870158 0.0246486 0.0392925 -0.000713937 -0.00205842 0.00110532 -0.00839946 0.00942752 0.0138555 -0.00421902
internal_weight=1979 142 81 1837 248 111 73 1589 1403 936 467 186 153 137
internal_count=1979 142 81 1837 248 111 73 1589 1403 936 467 186 153 137
is_linear=0
shrinkage=0.01


Tree=386
num_leaves=13
num_cat=0
split_feature=0 4 6 3 3 2 5 6 3 7 7 4
split_gain=79.2788 95.1628 196.95 303.668 216.529 170.282 353.624 303.155 255.844 239.094 149.521 20.8923
threshold=5.1819645000000003 0.37552083350000004 6.4475000000000007 8.2643750000000029 7.8674999250000015 13.561250000000003 0.40122916700000005 13.114000000000003 13.806041665 -0.25037047035109417 -0.6755644832106783 0.40685416650000006
decision_type=2 2 2 2 2 2 2 2 2 2 2 2
left_child=11 2 -2 4 -4 8 7 -7 9 -3 -5 -1
right_child=1 5 3 10 -6 6 -8 -9 -10 -11 -12 -13
leaf_value=-0.016149162041289467 -0.028289840190981824 -0.0060768123935326978 -3.5539042204618455e-05 -0.0015504621601993549 0.045427255413749007 0.020565981342970656 -0.029800436603171485 -0.0057267164170253472 -0.035345230326056479 0.0037160774962702661 -0.017012811922165867 -0.004671577446419618
leaf_weight=35 30 359 20 333 22 156 21 61 20 816 77 29
leaf_count=35 30 359 20 333 22 156 21 61 20 816 77 29
internal_value=-8.38849e-13 0.000365899 -0.00347779 -0.00183098 0.0237783 0.00165875 0.009383 0.0131749 0.000120367 0.000724037 -0.00445437 -0.0109484
internal_weight=1979 1915 482 452 42 1433 238 217 1195 1175 410 64
internal_count=1979 1915 482 452 42 1433 238 217 1195 1175 410 64
is_linear=0
shrinkage=0.01


Tree=387
num_leaves=13
num_cat=0
split_feature=1 7 5 3 2 6 5 5 3 5 7 6
split_gain=78.3855 114.793 321.621 627.151 491.446 259.043 177.379 185.236 677.956 347.791 173.524 69.9509
threshold=6.7708333335000015 0.93038214053199464 0.41356250000000006 9.9091666665000009 5.9185415230000009 9.4700000000000006 0.42020833300000004 0.41185416650000006 11.001875000000002 0.40979166650000004 0.80382625221112025 7.2490000000000014
decision_type=2 2 2 2 2 2 2 2 2 2 2 2
left_child=-1 6 3 -3 -4 -5 7 9 -9 -2 -8 -6
right_child=1 2 4 5 11 -7 10 8 -10 -11 -12 -13
leaf_value=-0.017962335124611855 -4.1032446669146194e-06 0.059021894534428909 0.039980944054467338 0.028653499603271487 0.002581303223967552 -0.018127593680702409 -0.030232719872624447 0.00051302113981417771 0.044186264134423683 -0.020305312704708842 -1.6582696824460418e-06 -0.018693644276217503
leaf_weight=24 1353 30 21 20 20 29 39 205 43 90 37 68
leaf_count=24 1353 30 21 20 20 29 39 205 43 90 37 68
internal_value=3.74841e-11 0.00022051 0.00764939 0.023013 -0.00348571 0.00096673 -0.000569886 0.000101803 0.0080854 -0.00127029 -0.015515 -0.0138584
internal_weight=1979 1955 188 79 109 49 1767 1691 248 1443 76 88
internal_count=1979 1955 188 79 109 49 1767 1691 248 1443 76 88
is_linear=0
shrinkage=0.01


Tree=388
num_leaves=15
num_cat=0
split_feature=0 2 5 4 4 7 6 5 4 7 5 6 1 6
split_gain=77.6038 178.969 264.537 332.345 222.233 226.311 255.806 200.63 153.648 97.1617 93.5642 92.5913 82.0826 81.5546
threshold=16.862947500000004 13.538333335000003 0.40095833350000004 0.39697916650000004 0.3635208330000001 -0.23343647497176648 11.535000000000002 0.38993750000000005 0.36660416650000005 -0.8910065241883679 0.3800416665000001 11.965000000000002 190.87500000000003 12.061500000000002
decision_type=2 2 2 2 2 2 2 2 2 2 2 2 2 2
left_child=1 4 3 8 9 7 -7 -6 -3 -1 -2 -5 -11 -12
right_child=10 2 -4 11 5 6 -8 -9 -10 12 13 -13 -14 -15
leaf_value=-0.00082988229990005498 0.0080942568935929455 -0.015066379857835946 -0.019627344961519595 0.023165114398247432 0.010920416739230093 0.0036493377640194813 -0.012495521784294398 -0.0090138291473114834 0.01157998665039419 0.0082252564131403746 -0.0028994144417198477 0.052521212453191933 0.032685437439119114 -0.014996108634566718
leaf_weight=25 47 27 27 21 57 793 112 442 109 23 152 22 34 88
leaf_count=25 47 27 27 21 57 793 112 442 109 23 152 22 34 88
internal_value=-1.96538e-11 0.000815566 0.00955059 0.0139517 -0.000395346 -0.00132993 0.0016513 -0.00673677 0.0062899 0.0156066 -0.00480815 0.0381845 0.0228155 -0.00733487
internal_weight=1979 1692 206 179 1486 1404 905 499 136 82 287 43 57 240
internal_count=1979 1692 206 179 1486 1404 905 499 136 82 287 43 57 240
is_linear=0
shrinkage=0.01


Tree=389
num_leaves=15
num_cat=0
split_feature=3 2 4 3 5 6 5 5 6 7 3 0 4 0
split_gain=77.5841 292.157 190.514 185.529 499.922 444.055 456.485 209.997 276.158 284.375 224.341 164.483 127.682 124.987
threshold=13.738333335000002 14.130000000000001 0.39102083350000005 12.978958335000003 0.39245833350000003 11.993500000000003 0.39995833350000004 0.38952083350000005 8.697000000000001 0.87878364999916159 9.2362500000000001 19.718278000000002 0.35266666650000006 16.094899000000002
decision_type=2 2 2 2 2 2 2 2 2 2 2 2 2 2
left_child=3 2 13 7 -5 6 -6 11 9 -9 -10 12 -1 -2
right_child=1 -3 -4 4 5 -7 -8 8 10 -11 -12 -13 -14 -15
leaf_value=0.036549825952166604 0.0015496829306440693 0.0094072694056591046 -0.046352843794971704 -0.0041850984004074641 0.067905694823111262 -0.0033540013540340097 0.017315158726913589 -0.0013977136704998725 0.0062788028928429584 0.01324403152661398 -0.011602593544645117 -0.010969179789676811 0.010002912592396818 -0.027395542584932767
leaf_weight=21 35 61 20 137 31 38 42 776 86 160 381 33 132 26
leaf_count=21 35 61 20 137 31 38 42 776 86 160 381 33 132 26
internal_value=2.28931e-11 -0.00712154 -0.0195692 0.000550495 0.00859477 0.0243681 0.0387988 -0.000704999 -0.00202865 0.00110515 -0.00830966 0.00927929 0.0136466 -0.0107876
internal_weight=1979 142 81 1837 248 111 73 1589 1403 936 467 186 153 61
internal_count=1979 142 81 1837 248 111 73 1589 1403 936 467 186 153 61
is_linear=0
shrinkage=0.01


Tree=390
num_leaves=13
num_cat=0
split_feature=0 2 3 5 5 0 6 3 4 7 4 3
split_gain=77.8381 92.7736 223.038 122.482 159.378 162.238 99.4548 46.9572 55.4496 26.8261 20.2763 14.4109
threshold=5.1819645000000003 5.8424999500000014 7.5664583335000009 0.42114583350000007 0.41960416650000004 6.158780000000001 6.3930000000000016 5.9883333330000008 0.38689583350000006 0.36648727148060622 0.40685416650000006 8.5758333335000021
decision_type=2 2 2 2 2 2 2 2 2 2 2 2
left_child=10 2 7 4 5 -3 -5 8 -2 -9 -1 -8
right_child=1 3 -4 6 -6 -7 11 9 -10 -11 -12 -13
leaf_value=-0.015971981040069035 -0.00077313876089950403 -0.023453999634446769 0.036831970908071686 0.0024821731337794552 0.028390675514936445 0.0004032527352425011 -0.02657656259261645 -0.012765187203884126 0.022492588937282561 0.0014191715558990836 -0.0046648664746818868 -0.015438806279784157
leaf_weight=35 21 29 23 27 20 1668 26 20 20 40 29 21
leaf_count=35 21 29 23 27 20 1668 26 20 20 40 29 21
internal_value=2.43837e-11 0.000362559 0.00872753 -0.000216591 0.000326309 -4.44339e-06 -0.0128133 0.00232751 0.010576 -0.00330895 -0.0108484 -0.0216001
internal_weight=1979 1915 124 1791 1717 1697 74 101 41 60 64 47
internal_count=1979 1915 124 1791 1717 1697 74 101 41 60 64 47
is_linear=0
shrinkage=0.01


Tree=391
num_leaves=13
num_cat=0
split_feature=1 7 5 3 2 6 5 5 3 5 7 6
split_gain=76.5826 110.026 317.631 610.578 476.989 250.938 174.016 180.544 666.063 339.358 170.087 67.398
threshold=6.7708333335000015 0.93038214053199464 0.41356250000000006 9.9091666665000009 5.9185415230000009 9.4700000000000006 0.42020833300000004 0.41185416650000006 7.3018750000000008 0.40979166650000004 0.80382625221112025 7.2490000000000014
decision_type=2 2 2 2 2 2 2 2 2 2 2 2
left_child=-1 6 3 -3 -4 -5 7 9 -9 -2 -8 -6
right_child=1 2 4 5 11 -7 10 8 -10 -11 -12 -13
leaf_value=-0.01775455702096224 5.5782268538311165e-06 0.05828889195124308 0.039247708377384005 0.028256114065647125 0.0023430769145488741 -0.017787309700045092 -0.029929827008491908 -0.0067601193087668343 0.026197943823781236 -0.020048006559411684 3.3818185329437256e-07 -0.018540038388660723
leaf_weight=24 1353 30 21 20 20 29 39 137 111 90 37 68
leaf_count=24 1353 30 21 20 20 29 39 137 111 90 37 68
internal_value=-3.89312e-11 0.000217959 0.00749095 0.022759 -0.00357486 0.00100592 -0.000555851 0.000109439 0.00799127 -0.00124517 -0.0153586 -0.0137939
internal_weight=1979 1955 188 79 109 49 1767 1691 248 1443 76 88
internal_count=1979 1955 188 79 109 49 1767 1691 248 1443 76 88
is_linear=0
shrinkage=0.01


Tree=392
num_leaves=15
num_cat=0
split_feature=3 2 4 3 5 5 5 5 4 3 0 4 3 0
split_gain=76.1284 286.343 186.722 181.516 489.771 437.082 205.653 275.746 205.419 191.262 159.908 144.506 123.657 122.5
threshold=13.738333335000002 14.130000000000001 0.39102083350000005 12.978958335000003 0.39245833350000003 0.39895833350000004 0.3897500000000001 0.39602083350000006 0.41277083300000006 10.805000000000001 19.718278000000002 0.36195833350000006 13.360208335000001 16.094899000000002
decision_type=2 2 2 2 2 2 2 2 2 2 2 2 2 2
left_child=3 2 13 6 12 -6 10 9 -7 -8 -1 -9 -5 -2
right_child=1 -3 -4 4 5 8 7 11 -10 -11 -12 -13 -14 -15
leaf_value=0.013379716661908934 0.0015300978906452657 0.0093091084452376505 -0.04589340409636497 0.0066152825194100541 0.051618127007233471 -0.00050712340774963489 -0.0058217874867361541 0.022022253817745616 0.037105041921138761 -0.028536248613148928 -0.010863576235644745 -0.00095550443988605893 -0.012533791096179516 -0.02712567503922261
leaf_weight=155 35 61 20 60 38 53 97 28 20 60 33 1216 77 26
leaf_count=155 35 61 20 60 38 53 97 28 20 60 33 1216 77 26
internal_value=2.07395e-11 -0.00705441 -0.0193776 0.000545306 0.00850213 0.0241145 -0.000696539 -0.00201439 0.00979758 -0.0145025 0.00912425 -0.00043832 -0.00414734 -0.0106838
internal_weight=1979 142 81 1837 248 111 1589 1401 73 157 188 1244 137 61
internal_count=1979 142 81 1837 248 111 1589 1401 73 157 188 1244 137 61
is_linear=0
shrinkage=0.01


Tree=393
num_leaves=13
num_cat=0
split_feature=0 4 6 3 3 2 5 6 3 3 7 4
split_gain=75.7248 91.5427 192.412 296.317 210.62 162.934 341.302 291.224 244.24 227.612 144.517 20.0074
threshold=5.1819645000000003 0.37552083350000004 6.4475000000000007 8.2643750000000029 7.8674999250000015 13.561250000000003 0.40122916700000005 13.114000000000003 13.806041665 13.410208335000002 -0.6755644832106783 0.40685416650000006
decision_type=2 2 2 2 2 2 2 2 2 2 2 2
left_child=11 2 -2 4 -4 8 7 -7 9 -3 -5 -1
right_child=1 5 3 10 -6 6 -8 -9 -10 -11 -12 -13
leaf_value=-0.015789615278797492 -0.027936860129237174 -0.00020751525383884317 2.6204207912087441e-05 -0.0015210799399942338 0.044864426241679627 0.020150807128325725 -0.029313326265130724 -0.005619294991655672 -0.034531193110160528 0.021809045160759467 -0.016722488473471884 -0.0045577272695714027
leaf_weight=35 30 1126 20 333 22 156 21 61 20 49 77 29
leaf_count=35 30 1126 20 333 22 156 21 61 20 49 77 29
internal_value=2.03935e-11 0.000357603 -0.00341227 -0.00178453 0.0235129 0.00162563 0.00918138 0.0129067 0.000120801 0.000710622 -0.00437598 -0.0107002
internal_weight=1979 1915 482 452 42 1433 238 217 1195 1175 410 64
internal_count=1979 1915 482 452 42 1433 238 217 1195 1175 410 64
is_linear=0
shrinkage=0.01


Tree=394
num_leaves=13
num_cat=0
split_feature=1 7 5 3 6 6 5 5 3 5 7 7
split_gain=74.9593 108.245 311.234 598.428 469.755 245.945 169.935 177.958 656.107 331.5 166.856 64.8381
threshold=6.7708333335000015 0.93038214053199464 0.41356250000000006 9.9091666665000009 6.7240000000000011 9.4700000000000006 0.42020833300000004 0.41185416650000006 11.001875000000002 0.40979166650000004 0.80382625221112025 0.9681107762825325
decision_type=2 2 2 2 2 2 2 2 2 2 2 2
left_child=-1 6 3 -3 -4 -5 7 9 -9 -2 -8 -6
right_child=1 2 4 5 11 -7 10 8 -10 -11 -12 -13
leaf_value=-0.017565381551782291 -3.1339289642545531e-06 0.057717633247375492 0.030163717905680343 0.027985183417797092 -0.0012613184962953841 -0.017597806633546435 -0.029612205953170091 0.0004813882929341095 0.043445130087608516 -0.019823173942044376 3.2337386463139511e-05 -0.021768461352792281
leaf_weight=24 1353 30 30 20 21 29 39 205 43 90 37 58
leaf_count=24 1353 30 30 20 21 29 39 205 43 90 37 58
internal_value=-4.68956e-12 0.000215636 0.00742952 0.022543 -0.00352428 0.0010075 -0.000551885 0.000105558 0.00793075 -0.00123931 -0.01518 -0.0163172
internal_weight=1979 1955 188 79 109 49 1767 1691 248 1443 76 79
internal_count=1979 1955 188 79 109 49 1767 1691 248 1443 76 79
is_linear=0
shrinkage=0.01


Tree=395
num_leaves=15
num_cat=0
split_feature=0 2 5 4 4 7 6 5 4 7 5 6 1 5
split_gain=74.3598 172.075 252.549 322.992 213.806 218.828 245.262 192.779 146.474 94.5466 91.8935 91.0786 79.7765 79.3695
threshold=16.862947500000004 13.538333335000003 0.40095833350000004 0.39697916650000004 0.3635208330000001 -0.23343647497176648 11.535000000000002 0.38706250000000003 0.36660416650000005 -0.8910065241883679 0.3800416665000001 11.965000000000002 190.87500000000003 0.39441666650000001
decision_type=2 2 2 2 2 2 2 2 2 2 2 2 2 2
left_child=1 4 3 8 9 7 -7 -6 -3 -1 -2 -5 -11 -12
right_child=10 2 -4 11 5 6 -8 -9 -10 12 13 -13 -14 -15
leaf_value=-0.00090718509554862979 0.0080801142308306179 -0.014741230860904411 -0.019145665367444355 0.022656898370810915 0.017953236470619839 0.0035822328598964326 -0.01222638858382457 -0.0081944115652339364 0.011275591165203293 0.008033993051832786 -0.010530812879299951 0.051772201494737109 0.032148124667651511 0.0027498782078425087
leaf_weight=25 47 27 27 21 30 793 112 469 109 23 180 22 34 60
leaf_count=25 47 27 27 21 30 793 112 469 109 23 180 22 34 60
internal_value=-3.1028e-11 0.000798338 0.00936348 0.0136637 -0.000389023 -0.00130572 0.00162581 -0.00662241 0.00611049 0.0153066 -0.00470658 0.0375531 0.0224179 -0.00721064
internal_weight=1979 1692 206 179 1486 1404 905 499 136 82 287 43 57 240
internal_count=1979 1692 206 179 1486 1404 905 499 136 82 287 43 57 240
is_linear=0
shrinkage=0.01


Tree=396
num_leaves=15
num_cat=0
split_feature=3 2 4 3 5 6 5 5 6 7 3 0 3 4
split_gain=74.506 275.972 183.071 175.627 478.102 429.36 437.857 199.82 270.837 265.922 217.704 155.166 121.322 120.377
threshold=13.738333335000002 14.130000000000001 0.39102083350000005 12.978958335000003 0.39245833350000003 11.993500000000003 0.39995833350000004 0.3897500000000001 8.697000000000001 0.87878364999916159 9.2362500000000001 19.718278000000002 13.360208335000001 0.35137500000000005
decision_type=2 2 2 2 2 2 2 2 2 2 2 2 2 2
left_child=3 2 -2 7 12 6 -6 11 9 -9 -10 13 -5 -1
right_child=1 -3 -4 4 5 -7 -8 8 10 -11 -12 -13 -14 -15
leaf_value=0.036086233526468281 -0.010468451197060649 0.0090856013941715968 -0.045332060217857358 0.0065288294699663921 0.066488140311933328 -0.0034681397446088102 0.016940595624702317 -0.0013023749548256561 0.0061449473022028456 0.012856350996531547 -0.011478494996374527 -0.010690786975125472 -0.012438624685073826 0.0097983227725425334
leaf_weight=20 61 61 20 60 31 38 42 776 86 160 379 33 77 135
leaf_count=20 61 61 20 60 31 38 42 776 86 160 379 33 77 135
internal_value=7.19228e-12 -0.00697884 -0.0190767 0.000539464 0.00836614 0.0237914 0.0379813 -0.00068207 -0.00198109 0.00111792 -0.00821911 0.00899842 -0.00413171 0.0131903
internal_weight=1979 142 81 1837 248 111 73 1589 1401 936 465 188 137 155
internal_count=1979 142 81 1837 248 111 73 1589 1401 936 465 188 137 155
is_linear=0
shrinkage=0.01


Tree=397
num_leaves=13
num_cat=0
split_feature=0 2 3 5 5 0 6 3 4 7 4 3
split_gain=74.1284 89.9111 212.67 115.708 155.336 156.811 98.4532 45.7318 54.159 26.528 19.5444 14.3576
threshold=5.1819645000000003 5.8424999500000014 7.5664583335000009 0.42114583350000007 0.41960416650000004 6.158780000000001 6.3930000000000016 5.9883333330000008 0.38689583350000006 0.36648727148060622 0.40685416650000006 8.5758333335000021
decision_type=2 2 2 2 2 2 2 2 2 2 2 2
left_child=10 2 7 4 5 -3 -5 8 -2 -9 -1 -8
right_child=1 3 -4 6 -6 -7 11 9 -10 -11 -12 -13
leaf_value=-0.015616986673059208 -0.00073690746522819003 -0.023069196939468385 0.036032185982102935 0.0027585523658328589 0.028017518354812636 0.00038562873137818333 -0.026169407482330619 -0.012626743882894515 0.022256470978260043 0.0014785653334110976 -0.0045158336157428806 -0.0150522595785913
leaf_weight=35 21 29 23 27 20 1668 26 20 20 40 29 21
leaf_count=35 21 29 23 27 20 1668 26 20 20 40 29 21
internal_value=-4.26348e-11 0.000353814 0.00858873 -0.000216331 0.000311341 -1.51903e-05 -0.0124597 0.00233923 0.0104794 -0.0032232 -0.0105868 -0.0212022
internal_weight=1979 1915 124 1791 1717 1697 74 101 41 60 64 47
internal_count=1979 1915 124 1791 1717 1697 74 101 41 60 64 47
is_linear=0
shrinkage=0.01


Tree=398
num_leaves=13
num_cat=0
split_feature=1 7 5 3 2 6 5 5 3 7 7 3
split_gain=73.227 103.755 307.366 582.594 457.881 238.235 166.74 173.431 643.096 325.24 163.571 65.6627
threshold=6.7708333335000015 0.93038214053199464 0.41356250000000006 9.9091666665000009 5.9185415230000009 9.4700000000000006 0.42020833300000004 0.41185416650000006 10.910208335000002 0.7715952022879744 0.80382625221112025 9.0091666665000023
decision_type=2 2 2 2 2 2 2 2 2 2 2 2
left_child=-1 6 3 -3 -4 -5 7 9 -9 -2 -8 -6
right_child=1 2 4 5 11 -7 10 8 -10 -11 -12 -13
leaf_value=-0.017361230763296289 -0.00025195203263841406 0.057001297314961751 0.038346379314150129 0.027597926735877989 -0.020641569877570532 -0.017264953286483371 -0.029317691005193273 0.00025617466065023332 0.042040132752723169 -0.024625332836519208 3.3583620915541775e-05 -0.0029922177280698502
leaf_weight=24 1386 30 21 20 53 29 39 203 45 57 37 35
leaf_count=24 1386 30 21 20 53 29 39 203 45 57 37 35
internal_value=-1.02062e-12 0.00021313 0.00727583 0.0222951 -0.0036097 0.00104643 -0.000538306 0.000112927 0.00783794 -0.00121473 -0.0150283 -0.0136219
internal_weight=1979 1955 188 79 109 49 1767 1691 248 1443 76 88
internal_count=1979 1955 188 79 109 49 1767 1691 248 1443 76 88
is_linear=0
shrinkage=0.01


Tree=399
num_leaves=9
num_cat=0
split_feature=5 5 7 0 2 5 3 4
split_gain=73.557 170.238 157.374 111.492 145.984 396.874 329.734 67.9918
threshold=0.42443750000000008 0.42297916650000006 0.92050485345244026 5.2467500000000014 7.8435415915000011 0.41193750000000001 6.9279165045000006 0.39560416650000002
decision_type=2 2 2 2 2 2 2 2
left_child=1 3 -3 7 6 -6 -5 -1
right_child=-2 2 -4 4 5 -7 -8 -9
leaf_value=-7.8817558559504423e-05 0.018615974443299429 -0.031931666769087312 -5.1086177428563437e-05 -0.0041316972730490262 -0.0022472662808651176 0.01969633136156269 0.013099030158157611 -0.022774402565238151
leaf_weight=22 21 32 30 195 1300 88 258 33
leaf_count=22 21 32 30 195 1300 88 258 33
internal_value=3.92559e-11 -0.000199661 -0.0165056 0.00033355 0.000752689 -0.00085603 0.00568183 -0.0136962
internal_weight=1979 1958 62 1896 1841 1388 453 55
internal_count=1979 1958 62 1896 1841 1388 453 55
is_linear=0
shrinkage=0.01


Tree=400
num_leaves=13
num_cat=0
split_feature=1 7 5 3 6 6 5 5 3 5 7 7
split_gain=72.6531 98.896 302.002 569.688 451.349 233.603 161.592 166.696 630.646 320.81 159.305 61.3518
threshold=6.7708333335000015 0.93038214053199464 0.41356250000000006 9.9091666665000009 7.0185000000000004 9.4700000000000006 0.42020833300000004 0.41185416650000006 7.3018750000000008 0.40979166650000004 0.80382625221112025 0.9681107762825325
decision_type=2 2 2 2 2 2 2 2 2 2 2 2
left_child=-1 6 3 -3 -4 -5 7 9 -9 -2 -8 -6
right_child=1 2 4 5 11 -7 10 8 -10 -11 -12 -13
leaf_value=-0.017293068592747051 3.4231884408974852e-05 0.056314876238505049 0.025906126575810567 0.027275361627340317 -0.0027154628038406369 -0.017149208640230115 -0.028887707468790883 -0.0066605577672267484 0.025409285584212959 -0.019463626927385728 7.8281693764635046e-05 -0.023218470520719334
leaf_weight=24 1353 30 35 20 20 29 39 137 111 90 37 54
leaf_count=24 1353 30 35 20 20 29 39 137 111 90 37 54
internal_value=1.11833e-11 0.000212293 0.00710763 0.0219953 -0.0036825 0.000983269 -0.000521336 0.000119766 0.00769328 -0.00118185 -0.0147858 -0.0176771
internal_weight=1979 1955 188 79 109 49 1767 1691 248 1443 76 74
internal_count=1979 1955 188 79 109 49 1767 1691 248 1443 76 74
is_linear=0
shrinkage=0.01


Tree=401
num_leaves=9
num_cat=0
split_feature=5 5 7 0 2 5 3 5
split_gain=72.9961 164.19 152.823 108.5 143.399 382.069 318.586 68.5861
threshold=0.42443750000000008 0.42297916650000006 0.92050485345244026 5.2467500000000014 7.8435415915000011 0.41193750000000001 6.9279165045000006 0.41495833350000005
decision_type=2 2 2 2 2 2 2 2
left_child=1 3 -3 7 6 -6 -5 -1
right_child=-2 2 -4 4 5 -7 -8 -9
leaf_value=-0.0047391840333447736 0.018544863916578749 -0.031413992121815684 2.282033363978068e-06 -0.0040226745099211352 -0.0022212225938788976 0.019309203618798742 0.012914281696254431 -0.027724486873263406
leaf_weight=34 21 32 30 195 1300 88 258 21
leaf_count=34 21 32 30 195 1300 88 258 21
internal_value=3.46081e-11 -0.000198898 -0.0162126 0.000324756 0.000738231 -0.000856181 0.00562354 -0.0135154
internal_weight=1979 1958 62 1896 1841 1388 453 55
internal_count=1979 1958 62 1896 1841 1388 453 55
is_linear=0
shrinkage=0.01


Tree=402
num_leaves=15
num_cat=0
split_feature=3 2 4 3 5 5 5 6 7 3 4 0 4 0
split_gain=72.1171 270.48 179.428 173.525 458.195 404.012 202.803 271.672 243.644 212.557 195.183 155.555 120.685 119.671
threshold=13.738333335000002 14.130000000000001 0.39102083350000005 12.952916665000002 0.39245833350000003 0.39895833350000004 0.38952083350000005 8.697000000000001 0.87878364999916159 9.2362500000000001 0.41277083300000006 19.718278000000002 0.35266666650000006 16.094899000000002
decision_type=2 2 2 2 2 2 2 2 2 2 2 2 2 2
left_child=3 2 13 6 -5 -6 11 8 -8 -9 -7 12 -1 -2
right_child=1 -3 -4 4 5 10 7 9 -10 -11 -12 -13 -14 -15
leaf_value=0.0356667337673051 0.0017513389293370501 0.0090377513606284491 -0.044835733130574228 -0.003916373899206519 0.049193635905782386 -0.00021573353118517182 -0.0012220563484474623 0.0059057577976653741 0.012330622824840248 -0.01152097008889541 0.036264324545860295 -0.010540873297687731 0.0098438982392184942 -0.02657166494199863
leaf_weight=21 35 61 20 140 39 55 776 86 160 376 20 33 131 26
leaf_count=21 35 61 20 140 39 55 776 86 160 376 20 33 131 26
internal_value=-2.63055e-11 -0.00686604 -0.018843 0.000530745 0.00820347 0.0230875 -0.000700381 -0.00200244 0.00109464 -0.00827703 0.00951228 0.00913894 0.0134115 -0.0103208
internal_weight=1979 142 81 1837 254 114 1583 1398 936 462 75 185 152 61
internal_count=1979 142 81 1837 254 114 1583 1398 936 462 75 185 152 61
is_linear=0
shrinkage=0.01


Tree=403
num_leaves=13
num_cat=0
split_feature=1 7 5 3 2 6 5 5 3 7 7 3
split_gain=71.9347 92.8399 298.353 554.275 443.478 227.201 157.126 160.502 615.251 318.878 154.53 65.3711
threshold=6.7708333335000015 0.93038214053199464 0.41356250000000006 9.9091666665000009 5.9185415230000009 9.4700000000000006 0.42020833300000004 0.41185416650000006 11.001875000000002 0.7715952022879744 0.80382625221112025 9.0091666665000023
decision_type=2 2 2 2 2 2 2 2 2 2 2 2
left_child=-1 6 3 -3 -4 -5 7 9 -9 -2 -8 -6
right_child=1 2 4 5 11 -7 10 8 -10 -11 -12 -13
leaf_value=-0.017207355611026289 -0.00019128713361711526 0.05554168701171875 0.037458306125232148 0.026893032968044281 -0.020690145312615163 -0.016918581766558107 -0.028454460337375986 0.00035041391994895007 0.041954949605603552 -0.024325119351085864 7.4072266752655438e-05 -0.0030800328020538603
leaf_weight=24 1386 30 21 20 53 29 39 205 43 57 37 35
leaf_count=24 1386 30 21 20 53 29 39 205 43 57 37 35
internal_value=4.03964e-11 0.000211241 0.00689212 0.0216895 -0.00383261 0.00096371 -0.000499571 0.000132609 0.0075641 -0.0011446 -0.0145656 -0.0136861
internal_weight=1979 1955 188 79 109 49 1767 1691 248 1443 76 88
internal_count=1979 1955 188 79 109 49 1767 1691 248 1443 76 88
is_linear=0
shrinkage=0.01


Tree=404
num_leaves=9
num_cat=0
split_feature=5 5 7 0 2 5 3 5
split_gain=72.0106 159.617 147.065 106.315 139.673 367.146 309.86 67.4298
threshold=0.42443750000000008 0.42297916650000006 0.92050485345244026 5.2467500000000014 7.8435415915000011 0.41193750000000001 6.9279165045000006 0.41495833350000005
decision_type=2 2 2 2 2 2 2 2
left_child=1 3 -3 7 6 -6 -5 -1
right_child=-2 2 -4 4 5 -7 -8 -9
leaf_value=-0.0046794113067581376 0.018419248518489657 -0.030898920884355904 -8.0204531550407416e-05 -0.0039637235569743769 -0.0021836270213344295 0.018922148759222844 0.012739660381880957 -0.027470135731356485
leaf_weight=34 21 32 30 195 1300 88 258 21
leaf_count=34 21 32 30 195 1300 88 258 21
internal_value=1.40709e-11 -0.000197551 -0.0159866 0.000318759 0.00072805 -0.000845509 0.00554946 -0.0133813
internal_weight=1979 1958 62 1896 1841 1388 453 55
internal_count=1979 1958 62 1896 1841 1388 453 55
is_linear=0
shrinkage=0.01


Tree=405
num_leaves=13
num_cat=0
split_feature=1 7 5 6 6 3 5 5 3 7 7 7
split_gain=71.3512 88.425 293.138 543.562 436.511 215.233 152.225 154.569 601.036 313.731 150.582 62.2448
threshold=6.7708333335000015 0.93038214053199464 0.41356250000000006 10.908500000000002 6.7240000000000011 9.4935416665000023 0.42020833300000004 0.41185416650000006 7.3018750000000008 0.7715952022879744 0.80382625221112025 0.9681107762825325
decision_type=2 2 2 2 2 2 2 2 2 2 2 2
left_child=-1 6 3 5 -4 -3 7 9 -9 -2 -8 -6
right_child=1 2 4 -5 11 -7 10 8 -10 -11 -12 -13
leaf_value=-0.017137427106499674 -0.00016887211242507913 0.063518081733158663 0.028574010193347932 -0.019531964100897314 -0.0014803557026953924 0.02302276120015553 -0.028038555387503061 -0.006581052865180439 0.024726863436333769 -0.024107158157909127 0.00012325882106213956 -0.021573198316939948
leaf_weight=24 1386 21 30 23 21 35 39 137 111 57 37 58
leaf_count=24 1386 21 30 23 21 35 39 137 111 57 37 58
internal_value=9.87089e-12 0.000210383 0.00673047 0.021398 -0.00390012 0.0382085 -0.000483322 0.000138919 0.00743176 -0.00111446 -0.0143282 -0.0162321
internal_weight=1979 1955 188 79 109 56 1767 1691 248 1443 76 79
internal_count=1979 1955 188 79 109 56 1767 1691 248 1443 76 79
is_linear=0
shrinkage=0.01


Tree=406
num_leaves=9
num_cat=0
split_feature=5 5 7 0 2 5 3 5
split_gain=71.5291 154.054 142.697 104.401 136.904 354.076 300.998 66.7148
threshold=0.42443750000000008 0.42297916650000006 0.92050485345244026 5.2467500000000014 7.8435415915000011 0.41193750000000001 6.9279165045000006 0.41495833350000005
decision_type=2 2 2 2 2 2 2 2
left_child=1 3 -3 7 6 -6 -5 -1
right_child=-2 2 -4 4 5 -7 -8 -9
leaf_value=-0.0046101831644773487 0.018357570966084799 -0.030397551748901606 -3.9948185284932455e-05 -0.0038868582557695795 -0.0021560344513232568 0.018570661054585467 0.012575954844247434 -0.027279763363656544
leaf_weight=34 21 32 30 195 1300 88 258 21
leaf_count=34 21 32 30 195 1300 88 258 21
internal_value=3.31451e-12 -0.000196889 -0.0157084 0.000310343 0.000715933 -0.00084195 0.00548931 -0.0132658
internal_weight=1979 1958 62 1896 1841 1388 453 55
internal_count=1979 1958 62 1896 1841 1388 453 55
is_linear=0
shrinkage=0.01


Tree=407
num_leaves=14
num_cat=0
split_feature=1 7 5 6 6 3 0 5 3 5 4 4 7
split_gain=70.7638 84.282 300.454 568.692 443.757 163.603 130.659 207.578 536.195 338.885 95.6637 91.6108 54.6878
threshold=6.7708333335000015 0.93663652364155514 0.41356250000000006 10.908500000000002 6.7240000000000011 9.4935416665000023 5.8448710000000004 0.41185416650000006 11.001875000000002 0.40979166650000004 0.39147916650000009 0.42235416650000007 0.97233289553061597
decision_type=2 2 2 2 2 2 2 2 2 2 2 2 2
left_child=-1 6 3 5 -4 -3 10 9 -9 -8 -2 -12 -6
right_child=1 2 4 -5 12 -7 7 8 -10 -11 11 -13 -14
leaf_value=-0.017066737065712611 0.0042659640538373162 0.062755871057510376 0.030630989074707033 -0.019398352334518795 -0.002722212686425164 0.026296631544828416 2.0159110949458762e-05 0.0019125311439140485 0.040924530949356948 -0.021966950474558652 -0.019808376512572737 0.0041502807885408404 -0.021645078632448401
leaf_weight=24 35 20 27 23 21 32 1330 195 43 74 79 20 56
leaf_count=24 35 20 27 23 21 32 1330 195 43 74 79 20 56
internal_value=-1.41528e-11 0.000209515 0.00674968 0.022006 -0.00425244 0.0403194 -0.000449657 0.000325186 0.00896092 -0.00113871 -0.00994438 -0.0149682 -0.0164843
internal_weight=1979 1955 179 75 104 52 1776 1642 238 1404 134 99 77
internal_count=1979 1955 179 75 104 52 1776 1642 238 1404 134 99 77
is_linear=0
shrinkage=0.01


Tree=408
num_leaves=9
num_cat=0
split_feature=5 5 7 0 2 5 3 4
split_gain=70.4479 149.779 139.969 100.213 134.421 340.593 292.277 65.4016
threshold=0.42443750000000008 0.42297916650000006 0.92050485345244026 5.2467500000000014 7.8435415915000011 0.41193750000000001 6.9279165045000006 0.39560416650000002
decision_type=2 2 2 2 2 2 2 2
left_child=1 3 -3 7 6 -6 -5 -1
right_child=-2 2 -4 4 5 -7 -8 -9
leaf_value=0.00035907174375924194 0.018218299235616412 -0.030038240682333708 2.7775754531224567e-05 -0.0038073164825924693 -0.0021303910717690509 0.018197828608734364 0.012415245110421738 -0.021900012949199389
leaf_weight=22 21 32 30 195 1300 88 258 33
leaf_count=22 21 32 30 195 1300 88 258 33
internal_value=2.75091e-11 -0.000195395 -0.0154902 0.00030475 0.000702122 -0.00084157 0.00543202 -0.0129964
internal_weight=1979 1958 62 1896 1841 1388 453 55
internal_count=1979 1958 62 1896 1841 1388 453 55
is_linear=0
shrinkage=0.01


Tree=409
num_leaves=13
num_cat=0
split_feature=1 7 5 6 2 3 5 7 5 3 7 3
split_gain=70.1726 80.2443 283.118 521.735 426.014 206.67 144.973 145.447 143.541 572.971 308.323 64.6056
threshold=6.7708333335000015 0.93038214053199464 0.41356250000000006 10.908500000000002 5.9185415230000009 9.4935416665000023 0.42020833300000004 0.80382625221112025 0.41185416650000006 7.3018750000000008 0.7715952022879744 9.0091666665000023
decision_type=2 2 2 2 2 2 2 2 2 2 2 2
left_child=-1 6 3 5 -4 -3 8 -8 10 -10 -2 -6
right_child=1 2 4 -5 11 -7 7 -9 9 -11 -12 -13
leaf_value=-0.016995294193426769 -0.00011539759099601753 0.062105012961796352 0.036442213455835974 -0.019265279266578349 -0.020647960507644798 0.022423393692289083 -0.027437812494925964 0.00023963074426393253 -0.0064988444733644155 0.024069391419389494 -0.023846446756731001 -0.0031412576458283831
leaf_weight=24 1386 21 21 23 53 35 39 37 137 111 57 35
leaf_count=24 1386 21 21 23 53 35 39 37 137 111 57 35
internal_value=2.2236e-12 0.000208638 0.0064198 0.0208345 -0.00402752 0.037304 -0.000452199 -0.0139633 0.00015504 0.00718291 -0.0010528 -0.0136851
internal_weight=1979 1955 188 79 109 56 1767 76 1691 248 1443 88
internal_count=1979 1955 188 79 109 56 1767 76 1691 248 1443 88
is_linear=0
shrinkage=0.01


Tree=410
num_leaves=12
num_cat=0
split_feature=0 4 4 2 5 3 6 3 4 3 3
split_gain=69.9468 101.842 81.3986 214.135 346.675 222.383 177.492 312.265 54.6312 32.6333 6.247
threshold=18.437024500000003 0.34135416700000004 0.37552083350000004 13.561250000000003 0.40122916700000005 13.806041665 6.4475000000000007 8.2643750000000029 0.35806250000000006 11.756041665000003 12.882083335000003
decision_type=2 2 2 2 2 2 2 2 2 2 2
left_child=1 -1 6 5 -5 -4 -3 -8 9 -2 -10
right_child=8 2 3 4 -6 -7 7 -9 10 -11 -12
leaf_value=0.017086862677501306 0.0068918761921425665 -0.027463352265457312 4.9008663668191247e-05 0.013937243294696181 -0.028694967854590643 -0.033564417518675331 0.023407285481336571 -0.0057997946807166988 -0.021179048568010332 -0.0083381076924064577 -0.013275252275168896
leaf_weight=36 24 30 1239 208 21 20 42 285 20 34 20
leaf_count=36 24 30 1239 208 21 20 42 285 20 34 20
internal_value=4.60132e-12 0.000429121 0.000104092 0.00113292 0.0100277 -0.000484962 -0.00418413 -0.00204843 -0.0082365 -0.00203605 -0.0172272
internal_weight=1979 1881 1845 1488 229 1259 357 327 98 58 40
internal_count=1979 1881 1845 1488 229 1259 357 327 98 58 40
is_linear=0
shrinkage=0.01


Tree=411
num_leaves=9
num_cat=0
split_feature=5 5 7 0 2 5 3 5
split_gain=69.8226 144.672 135.694 98.613 131.835 328.437 284.005 65.0635
threshold=0.42443750000000008 0.42297916650000006 0.92050485345244026 5.2467500000000014 7.8435415915000011 0.41193750000000001 6.9279165045000006 0.41495833350000005
decision_type=2 2 2 2 2 2 2 2
left_child=1 3 -3 7 6 -6 -5 -1
right_child=-2 2 -4 4 5 -7 -8 -9
leaf_value=-0.0043496358920546143 0.018137261186327254 -0.029550462607294322 5.2881717681884771e-05 -0.0037322642277591886 -0.0021031799266723774 0.017858987898904492 0.012259080715751809 -0.026736896194162824
leaf_weight=34 21 32 30 195 1300 88 258 21
leaf_count=34 21 32 30 195 1300 88 258 21
internal_value=1.17651e-11 -0.000194526 -0.0152263 0.000297018 0.000691205 -0.000837567 0.00537539 -0.0128975
internal_weight=1979 1958 62 1896 1841 1388 453 55
internal_count=1979 1958 62 1896 1841 1388 453 55
is_linear=0
shrinkage=0.01


Tree=412
num_leaves=15
num_cat=0
split_feature=4 0 4 3 2 7 2 6 3 7 6 0 3 6
split_gain=69.5962 412.215 278.886 321.184 275.696 217.667 402.533 182.163 443.227 329.351 148.188 134.779 455.078 329.18
threshold=0.40993750000000007 14.153564500000002 0.40256250000000005 13.343541665000002 11.984166665000002 0.92384435400961407 7.1633332960000011 7.7145000000000001 8.3091667085000029 0.56638466991089664 8.7175000000000029 10.621611000000001 7.6060416605000016 7.4275000000000011
decision_type=2 2 2 2 2 2 2 2 2 2 2 2 2 2
left_child=2 4 11 5 7 10 -7 8 -2 -9 -4 -1 -13 -14
right_child=1 -3 3 -5 -6 6 -8 9 -10 -11 -12 12 13 -15
leaf_value=-0.0066287444190111164 -0.0045496951314566688 -0.040646835730544159 0.0082914040242472002 0.03911526422481984 0.032649712381155591 -0.009289281426795892 0.047414507292691734 0.011607440652118788 0.031899065371941433 -0.01724464773275965 -0.0071388650613908589 0.039762911339258328 -0.020519390832974268 0.0014414094154749371
leaf_weight=338 138 28 155 32 23 21 31 54 44 148 104 29 75 759
leaf_count=338 138 28 155 32 23 21 31 54 44 148 104 29 75 759
internal_value=2.07506e-11 -0.00353304 0.000995384 0.00894807 -0.000979759 0.00584405 0.0245149 -0.00299402 0.00426209 -0.00953171 0.00209547 -0.00127587 0.000820626 -0.000533483
internal_weight=1979 435 1544 343 407 311 52 384 182 202 259 1201 863 834
internal_count=1979 435 1544 343 407 311 52 384 182 202 259 1201 863 834
is_linear=0
shrinkage=0.01


Tree=413
num_leaves=14
num_cat=0
split_feature=1 7 5 6 6 3 5 7 6 5 3 5 7
split_gain=69.2307 75.2053 285.171 541.019 426.443 154.876 123.25 158.956 228.452 132.546 566.049 295.025 53.2034
threshold=6.7708333335000015 0.93663652364155514 0.41356250000000006 10.908500000000002 6.7240000000000011 9.4935416665000023 0.42020833300000004 0.80382625221112025 6.6030000000000006 0.41185416650000006 11.001875000000002 0.40979166650000004 0.97233289553061597
decision_type=2 2 2 2 2 2 2 2 2 2 2 2 2
left_child=-1 6 3 5 -4 -3 9 -8 -9 11 -11 -2 -6
right_child=1 2 4 -5 12 -7 7 8 -10 10 -12 -13 -14
leaf_value=-0.016880842701842386 0.00016787182240715986 0.060940548539161678 0.029862725204891631 -0.019135991026363944 -0.0027502807903857459 0.025467066392302513 -0.026990493948643026 0.025279760152101517 -0.02251686751842499 1.8481052613362744e-05 0.03989136387095895 -0.018337610759974823 -0.021414566433855465
leaf_weight=24 1355 20 27 23 21 32 39 20 20 207 43 92 56
leaf_count=24 1355 20 27 23 21 32 39 20 20 207 43 92 56
internal_value=-8.59673e-12 0.000207233 0.0063852 0.0212484 -0.00433344 0.0391107 -0.000415434 -0.012625 0.00138145 0.000152952 0.00687662 -0.0010087 -0.0163243
internal_weight=1979 1955 179 75 104 52 1776 79 40 1697 250 1447 77
internal_count=1979 1955 179 75 104 52 1776 79 40 1697 250 1447 77
is_linear=0
shrinkage=0.01


Tree=414
num_leaves=15
num_cat=0
split_feature=3 2 5 7 4 4 6 4 6 2 5 0 5 5
split_gain=68.7919 261.901 174.13 221.507 274.568 173.975 165.995 126.389 120.936 120.09 118.29 117.857 72.3788 66.24
threshold=13.738333335000002 14.130000000000001 0.38577083350000002 -0.8910065241883679 0.3635208330000001 0.39102083350000005 12.904000000000002 0.33835416650000011 7.4275000000000011 12.378958335000002 0.38522916650000005 16.094899000000002 0.39054166650000005 0.38389583350000006
decision_type=2 2 2 2 2 2 2 2 2 2 2 2 2 2
left_child=2 5 7 8 -5 11 -6 -1 -4 -9 -3 -2 -10 -11
right_child=1 10 3 4 6 -7 -8 9 12 13 -12 -13 -14 -15
leaf_value=-0.0060965364589355888 0.001880597427221281 -0.0052119337034722173 -0.029214195397496225 0.022614756802032732 0.0012659619544400087 -0.044086083188652994 -0.013765894607282603 -0.0054922208338975907 0.0016975210493798427 0.016723964531547748 0.022642642716246268 -0.026226894849768052 -0.0095570441911035451 0.037152771836235408
leaf_weight=32 35 30 25 58 1263 20 78 20 81 65 31 26 194 21
leaf_count=32 35 30 25 58 1263 20 78 20 81 65 31 26 194 21
internal_value=1.18892e-11 -0.00670589 0.000518365 -0.000359091 0.00131296 -0.0184914 0.000391626 0.0113212 -0.00815641 0.0165794 0.00894367 -0.0100996 -0.00624206 0.0217124
internal_weight=1979 142 1837 1699 1399 81 1341 138 300 106 61 61 275 86
internal_count=1979 142 1837 1699 1399 81 1341 138 300 106 61 61 275 86
is_linear=0
shrinkage=0.01


Tree=415
num_leaves=9
num_cat=0
split_feature=5 5 7 0 2 3 6 5
split_gain=68.3418 137.991 131.244 95.1716 130.14 161.294 135.958 64.0841
threshold=0.42443750000000008 0.42297916650000006 0.92050485345244026 5.2467500000000014 6.079999968500001 7.5664583335000009 6.0700000000000012 0.41495833350000005
decision_type=2 2 2 2 2 2 2 2
left_child=1 3 -3 7 5 -5 -6 -1
right_child=-2 2 -4 4 6 -7 -8 -9
leaf_value=-0.0041913467273116114 0.017943908856028604 -0.028960364237427712 0.00015353470544020336 0.0042718462432542138 -0.010067009646149854 0.03059172894557317 0.00072664619118862088 -0.026409473376614704
leaf_weight=34 21 32 30 104 126 30 1581 21
leaf_count=34 21 32 30 104 126 30 1581 21
internal_value=1.63843e-11 -0.000192453 -0.014873 0.000287607 0.000674855 0.0101644 -7.00736e-05 -0.0126746
internal_weight=1979 1958 62 1896 1841 134 1707 55
internal_count=1979 1958 62 1896 1841 134 1707 55
is_linear=0
shrinkage=0.01


Tree=416
num_leaves=14
num_cat=0
split_feature=1 0 2 5 4 4 7 3 5 5 7 7 4
split_gain=68.0103 73.2764 160.758 240.129 315.149 199.586 218.516 94.186 88.619 78.0837 82.2831 78.116 57.9824
threshold=6.7708333335000015 16.862947500000004 13.538333335000003 0.40095833350000004 0.39697916650000004 0.3635208330000001 -0.23343647497176648 8.4831250000000029 0.3800416665000001 0.39441666650000001 -0.96811077628253239 -0.95878322595067689 0.33835416650000011
decision_type=2 2 2 2 2 2 2 2 2 2 2 2 2
left_child=-1 2 5 4 -4 7 -7 -2 12 10 -10 -11 -3
right_child=1 8 3 -5 -6 6 -8 -9 9 11 -12 -13 -14
leaf_value=-0.016731399893760681 0.033870289057493209 -0.004810337770730257 0.00601108807933462 -0.01852034209503068 0.037069633339726647 -0.006344890302772222 0.0019372602296653142 0.0089134696725335326 0.0028557590973612508 -0.0088385682681511191 -0.013711684533840859 0.01399458491513806 0.017654342563064009
leaf_weight=24 20 20 136 27 43 499 881 62 38 29 142 31 27
leaf_count=24 20 20 136 27 43 499 881 62 38 29 142 31 27
internal_value=3.47427e-11 0.000205398 0.00100847 0.0092789 0.0134721 -0.000156863 -0.00105752 0.0150005 -0.0044619 -0.00692094 -0.0102141 0.00295856 0.0080949
internal_weight=1979 1955 1668 206 179 1462 1380 82 287 240 180 60 47
internal_count=1979 1955 1668 206 179 1462 1380 82 287 240 180 60 47
is_linear=0
shrinkage=0.01


Tree=417
num_leaves=15
num_cat=0
split_feature=3 2 4 5 7 4 6 4 6 2 5 0 5 5
split_gain=68.3466 255.728 170.351 169.077 215.725 265.126 162.532 122.961 118.302 117.356 115.726 115.432 71.0254 65.2475
threshold=13.738333335000002 14.130000000000001 0.39102083350000005 0.38577083350000002 -0.8910065241883679 0.3623958335000001 12.904000000000002 0.33835416650000011 7.4275000000000011 12.378958335000002 0.38522916650000005 16.094899000000002 0.39054166650000005 0.38389583350000006
decision_type=2 2 2 2 2 2 2 2 2 2 2 2 2 2
left_child=3 2 11 7 8 -6 -7 -1 -5 -9 -3 -2 -10 -11
right_child=1 10 -4 4 5 6 -8 9 12 13 -12 -13 -14 -15
leaf_value=-0.0060183047316968441 0.0018302911880559156 -0.0052214878151814149 -0.043656660817563538 -0.028870072335819712 0.02345856316960775 0.0013079970550537699 -0.013564192771139997 -0.0054709139466285707 0.0017155698737428512 0.016471319089285456 0.022329604399781072 -0.025986488919991713 -0.0094332757849275063 0.036746502944401335
leaf_weight=32 35 30 20 25 52 1269 78 20 81 65 31 26 194 21
leaf_count=32 35 30 20 25 52 1269 78 20 81 65 31 26 194 21
internal_value=-9.22969e-13 -0.00668415 -0.0183299 0.000516684 -0.000347946 0.00130213 0.000446801 0.0111617 -0.00804282 0.0163481 0.00877989 -0.010026 -0.00614943 0.0214222
internal_weight=1979 142 81 1837 1699 1399 1347 138 300 106 61 61 275 86
internal_count=1979 142 81 1837 1699 1399 1347 138 300 106 61 61 275 86
is_linear=0
shrinkage=0.01


Tree=418
num_leaves=15
num_cat=0
split_feature=4 0 4 3 2 7 2 6 3 7 6 0 3 6
split_gain=67.0633 398.975 270.698 315.131 270.219 208.941 389.716 175.086 428.879 318.981 145.912 131.783 447.03 317.357
threshold=0.40993750000000007 14.153564500000002 0.40256250000000005 13.343541665000002 11.984166665000002 0.92384435400961407 7.1633332960000011 7.7145000000000001 8.3091667085000029 0.56638466991089664 8.7175000000000029 10.621611000000001 7.6060416605000016 7.4275000000000011
decision_type=2 2 2 2 2 2 2 2 2 2 2 2 2 2
left_child=2 4 11 5 7 10 -7 8 -2 -9 -4 -1 -13 -14
right_child=1 -3 3 -5 -6 6 -8 9 -10 -11 -12 12 13 -15
leaf_value=-0.0065536000163324681 -0.0045045825258653235 -0.039981077077266364 0.0082130556909307366 0.038693760745227339 0.032337519474651501 -0.0092313250047819945 0.046562390051061102 0.011443896249143616 0.031349402578039601 -0.016950354563021981 -0.0070982975400805184 0.039408918023109439 -0.020153294754276675 0.0014095203912686876
leaf_weight=338 138 28 155 32 23 21 31 54 44 148 104 29 75 759
leaf_count=338 138 28 155 32 23 21 31 54 44 148 104 29 75 759
internal_value=1.13956e-11 -0.00346816 0.000977104 0.00881218 -0.000956211 0.00573755 0.0240303 -0.00295037 0.00416341 -0.00935981 0.00206487 -0.00126056 0.0008125 -0.000529582
internal_weight=1979 435 1544 343 407 311 52 384 182 202 259 1201 863 834
internal_count=1979 435 1544 343 407 311 52 384 182 202 259 1201 863 834
is_linear=0
shrinkage=0.01


Tree=419
num_leaves=15
num_cat=0
split_feature=3 2 4 5 7 4 6 4 2 4 6 5 5 5
split_gain=66.9502 250.119 165.831 165.228 211.317 260.58 158.32 120.493 115.107 114.281 113.854 113.423 69.626 63.9491
threshold=13.738333335000002 14.130000000000001 0.39102083350000005 0.38577083350000002 -0.8910065241883679 0.3635208330000001 12.904000000000002 0.33835416650000011 12.378958335000002 0.3800208335000001 7.4275000000000011 0.38522916650000005 0.39054166650000005 0.38389583350000006
decision_type=2 2 2 2 2 2 2 2 2 2 2 2 2 2
left_child=3 2 9 7 10 -6 -7 -1 -9 -2 -5 -3 -12 -10
right_child=1 11 -4 4 5 6 -8 8 13 -11 12 -13 -14 -15
leaf_value=-0.0059722167858853939 -0.02385359296009968 -0.0051833682470023637 -0.043121374107897285 -0.028391185002028942 0.022041895099241159 0.0012461126324431625 -0.01343412595586135 -0.0054403345361351959 0.016292510736447115 0.0035250110876175666 0.0016853691596123907 0.022092212933686472 -0.0093530958225067282 0.036364942618778776
leaf_weight=32 30 30 20 25 58 1263 78 20 65 31 81 31 194 21
leaf_count=32 30 30 20 25 58 1263 78 20 65 31 81 31 194 21
internal_value=1.24143e-11 -0.00661551 -0.0181328 0.000511379 -0.000343353 0.00128978 0.000392229 0.0110345 0.0161686 -0.00993988 -0.00795922 0.00867799 -0.00610177 0.0211939
internal_weight=1979 142 81 1837 1699 1399 1341 138 106 61 300 61 275 86
internal_count=1979 142 81 1837 1699 1399 1341 138 106 61 300 61 275 86
is_linear=0
shrinkage=0.01


Tree=420
num_leaves=9
num_cat=0
split_feature=5 5 7 0 2 6 3 4
split_gain=66.4688 134.642 128.596 93.423 127.197 321.404 272.553 63.8901
threshold=0.42443750000000008 0.42297916650000006 0.92050485345244026 5.2467500000000014 7.8435415915000011 6.1515000000000013 6.9279165045000006 0.39560416650000002
decision_type=2 2 2 2 2 2 2 2
left_child=1 3 -3 7 6 -6 -5 -1
right_child=-2 2 -4 4 5 -7 -8 -9
leaf_value=0.00064200478521260344 0.017696307982717242 -0.028635624763555825 0.00018305861453215281 -0.0036530197054529803 -0.029911087407554323 -3.7214010192162679e-05 0.012012606560714659 -0.021358351856470108
leaf_weight=22 21 32 30 195 37 1351 258 33
leaf_count=22 21 32 30 195 37 1351 258 33
internal_value=8.03554e-12 -0.000189797 -0.0146911 0.000284402 0.000668076 -0.000833564 0.00526913 -0.0125582
internal_weight=1979 1958 62 1896 1841 1388 453 55
internal_count=1979 1958 62 1896 1841 1388 453 55
is_linear=0
shrinkage=0.01


Tree=421
num_leaves=12
num_cat=0
split_feature=1 4 6 3 3 2 5 6 3 3 7
split_gain=66.8889 70.9531 178.27 279.849 203.078 163.388 320.047 270.896 211.226 221.201 137.323
threshold=6.7708333335000015 0.37552083350000004 6.4475000000000007 8.2643750000000029 7.8674999250000015 13.561250000000003 0.40122916700000005 13.114000000000003 13.806041665 13.410208335000002 -0.6755644832106783
decision_type=2 2 2 2 2 2 2 2 2 2 2
left_child=-1 2 -2 4 -4 8 7 -7 9 -3 -5
right_child=1 5 3 10 -6 6 -8 -9 -10 -11 -12
leaf_value=-0.0165928790345788 -0.026732770789725087 -0.00051267861637229329 -3.7810772657394411e-05 -0.0012953442742337693 0.043990308967503639 0.019474337820727855 -0.028396621438718978 -0.0053800773052651374 -0.032402560248970987 0.021176083146461418 -0.016113574675635085
leaf_weight=24 30 1166 20 333 22 156 21 61 20 49 77
leaf_count=24 30 1166 20 333 22 156 21 61 20 49 77
internal_value=2.36125e-12 0.000203698 -0.00312665 -0.00155988 0.0230245 0.00129347 0.00888018 0.0124876 -0.000168588 0.000362012 -0.00407828
internal_weight=1979 1955 482 452 42 1473 238 217 1235 1215 410
internal_count=1979 1955 482 452 42 1473 238 217 1235 1215 410
is_linear=0
shrinkage=0.01


Tree=422
num_leaves=15
num_cat=0
split_feature=4 0 2 4 3 7 2 6 3 7 6 5 1 3
split_gain=65.9248 386.376 264.554 264.457 307.723 203.069 382.853 171.493 418.001 312.244 143.489 129.51 109.419 175.52
threshold=0.40993750000000007 14.153564500000002 11.984166665000002 0.40256250000000005 13.343541665000002 0.92384435400961407 7.1633332960000011 7.7145000000000001 8.3091667085000029 0.56638466991089664 8.7175000000000029 0.41727083350000005 34.541666665000008 10.872708330000002
decision_type=2 2 2 2 2 2 2 2 2 2 2 2 2 2
left_child=3 2 7 11 5 10 -7 8 -2 -9 -5 12 13 -1
right_child=1 -3 -4 4 -6 6 -8 9 -10 -11 -12 -13 -14 -15
leaf_value=0.0042015234592916641 -0.0044567305811991295 -0.039370351157018119 0.031976275625436201 0.0081509321428114376 0.038241259763017295 -0.0092588146155079213 0.046041421038248855 0.011299737628411364 0.03093960786407644 -0.016793048639555237 -0.0070327415507143512 -0.026477197736501694 -9.9126083987129981e-05 -0.029519691361170827
leaf_weight=29 138 28 23 155 32 21 31 54 44 148 104 20 1119 33
leaf_count=29 138 28 23 155 32 21 31 54 44 148 104 20 1119 33
internal_value=3.69364e-12 -0.00343859 -0.000966627 0.000968774 0.008713 0.00567472 0.0237086 -0.00293977 0.00410063 -0.0092831 0.00205401 -0.00124294 -0.000815603 -0.0137469
internal_weight=1979 435 407 1544 343 311 52 384 182 202 259 1201 1181 62
internal_count=1979 435 407 1544 343 311 52 384 182 202 259 1201 1181 62
is_linear=0
shrinkage=0.01


Tree=423
num_leaves=12
num_cat=0
split_feature=0 4 4 2 5 3 6 3 4 3 3
split_gain=65.4351 93.0073 73.9222 198.672 331.206 201.277 165.548 294.351 52.3287 32.8626 5.94602
threshold=18.437024500000003 0.34135416700000004 0.37552083350000004 13.561250000000003 0.40122916700000005 13.806041665 6.4475000000000007 8.2643750000000029 0.35806250000000006 11.756041665000003 12.882083335000003
decision_type=2 2 2 2 2 2 2 2 2 2 2
left_child=1 -1 6 5 -5 -4 -3 -8 9 -2 -10
right_child=8 2 3 4 -6 -7 7 -9 10 -11 -12
leaf_value=0.016333880979153847 0.0070611783768981693 -0.026464452044417462 3.4505797261064021e-05 0.0134738290300951 -0.028196347093298321 -0.031944089226424693 0.022795283615234353 -0.0055616894751611542 -0.020621108934283258 -0.0082222159316434583 -0.012910067342221736
leaf_weight=36 24 30 1239 208 21 20 42 285 20 34 20
leaf_count=36 24 30 1239 208 21 20 42 285 20 34 20
internal_value=1.35189e-11 0.000415051 0.00010444 0.00108488 0.00965255 -0.000473494 -0.00398211 -0.00191951 -0.00796643 -0.00189805 -0.0167656
internal_weight=1979 1881 1845 1488 229 1259 357 327 98 58 40
internal_count=1979 1881 1845 1488 229 1259 357 327 98 58 40
is_linear=0
shrinkage=0.01


Tree=424
num_leaves=13
num_cat=0
split_feature=1 0 2 5 4 4 7 3 1 5 5 4
split_gain=65.1076 69.9554 151.265 227.972 303.618 188.54 210.082 89.4795 87.5273 74.3179 102.883 49.2554
threshold=6.7708333335000015 16.862947500000004 13.538333335000003 0.40095833350000004 0.39697916650000004 0.3635208330000001 -0.23343647497176648 8.4831250000000029 265.95833330000005 0.38312500000000005 0.39506250000000004 0.33835416650000011
decision_type=2 2 2 2 2 2 2 2 2 2 2 2
left_child=-1 2 5 4 -4 7 -7 -2 9 11 -11 -3
right_child=1 8 3 -5 -6 6 -8 -9 -10 10 -12 -13
leaf_value=-0.016370448463906843 0.032979480996727942 -0.006427430066466332 0.0057706015595399285 -0.018078283364022223 0.036255605466837107 -0.006204476693606859 0.0019162617454878252 0.0086542041551682259 0.010961780375377699 -0.012968583101024613 0.0045017381913440178 0.012577991465727488
leaf_weight=24 20 25 136 27 43 499 881 62 33 156 43 30
leaf_count=24 20 25 136 27 43 499 881 62 33 156 43 30
internal_value=-1.94065e-11 0.000200967 0.000985625 0.00900815 0.0130938 -0.000144772 -0.00102015 0.0145872 -0.00435934 -0.00634988 -0.00919359 0.00393916
internal_weight=1979 1955 1668 206 179 1462 1380 82 287 254 199 55
internal_count=1979 1955 1668 206 179 1462 1380 82 287 254 199 55
is_linear=0
shrinkage=0.01


Tree=425
num_leaves=15
num_cat=0
split_feature=3 2 4 5 7 4 6 4 0 2 6 5 5 5
split_gain=65.6189 238.233 161.129 160.99 203.931 250.617 155.012 116.401 112.231 111.353 110.899 108.515 67.7042 62.5521
threshold=13.738333335000002 14.130000000000001 0.39102083350000005 0.38577083350000002 -0.8910065241883679 0.3623958335000001 12.904000000000002 0.33835416650000011 16.094899000000002 12.378958335000002 7.4275000000000011 0.38522916650000005 0.39054166650000005 0.38389583350000006
decision_type=2 2 2 2 2 2 2 2 2 2 2 2 2 2
left_child=3 2 8 7 10 -6 -7 -1 -2 -9 -5 -3 -12 -11
right_child=1 11 -4 4 5 6 -8 9 -10 13 12 -13 -14 -15
leaf_value=-0.00582186094019562 0.0019770117061478753 -0.0051818395728866267 -0.042421412378549572 -0.027984089577198029 0.022808539420366286 0.0012763509999716089 -0.013247724573772688 -0.0053138286769390105 -0.025451417588270627 0.016034817506487553 0.0016930839195157643 0.021497058926090117 -0.0091919711064163256 0.035886805057525638
leaf_weight=32 35 30 20 25 52 1269 78 20 26 65 81 31 194 21
leaf_count=32 35 30 20 25 52 1269 78 20 26 65 81 31 194 21
internal_value=-9.92883e-12 -0.00654941 -0.0177897 0.000506269 -0.00033743 0.00126691 0.000435313 0.0108936 -0.00971379 0.0159397 -0.00781902 0.00837629 -0.00598583 0.0208824
internal_weight=1979 142 81 1837 1699 1399 1347 138 61 106 300 61 275 86
internal_count=1979 142 81 1837 1699 1399 1347 138 61 106 300 61 275 86
is_linear=0
shrinkage=0.01


Tree=426
num_leaves=9
num_cat=0
split_feature=5 5 7 0 2 3 6 4
split_gain=64.7747 130.956 126.096 91.6655 125.104 154.214 130.859 62.1076
threshold=0.42443750000000008 0.42297916650000006 0.92050485345244026 5.2467500000000014 6.079999968500001 7.5664583335000009 6.0700000000000012 0.39560416650000002
decision_type=2 2 2 2 2 2 2 2
left_child=1 3 -3 7 5 -5 -6 -1
right_child=-2 2 -4 4 6 -7 -8 -9
leaf_value=0.0005738367546688427 0.01746934623945327 -0.028297149506397546 0.00024007015426953635 0.0042026905669123298 -0.0098776947882854276 0.029938432802756626 0.00071161199595094673 -0.021117449524727733
leaf_weight=22 21 32 30 104 126 30 1581 33
leaf_count=22 21 32 30 104 126 30 1581 33
internal_value=-4.52014e-12 -0.000187363 -0.0144888 0.000280301 0.000660349 0.00996442 -7.0024e-05 -0.0124409
internal_weight=1979 1958 62 1896 1841 134 1707 55
internal_count=1979 1958 62 1896 1841 134 1707 55
is_linear=0
shrinkage=0.01


Tree=427
num_leaves=15
num_cat=0
split_feature=3 2 3 5 5 5 6 7 3 4 4 0 3 4
split_gain=64.4544 233.492 159.315 435.556 390.472 187.965 259.373 209.561 188.156 178.592 157.922 142.914 120.868 110.153
threshold=13.738333335000002 14.130000000000001 12.952916665000002 0.39245833350000003 0.39895833350000004 0.3897500000000001 8.697000000000001 -0.91354545764260087 9.3914583335000028 0.41277083300000006 0.39102083350000005 19.718278000000002 13.360208335000001 0.3800208335000001
decision_type=2 2 2 2 2 2 2 2 2 2 2 2 2 2
left_child=2 10 5 12 -5 11 7 -7 -8 -6 13 -1 -4 -2
right_child=1 -3 3 4 9 6 8 -9 -10 -11 -12 -13 -14 -15
leaf_value=0.012783923538964147 -0.023283889042834439 0.0082854100402261384 0.006309273087434353 0.048030257983467523 -0.00028589252179319209 -0.012913872958937039 0.0048799040392041209 0.0026823101665317413 -0.011241986605222336 0.034609276980161668 -0.042004313990473746 -0.010148007634914283 -0.012367589580161232 0.0035956954138894239
leaf_weight=154 30 61 63 39 55 96 90 840 370 20 20 33 77 31
leaf_count=154 30 61 63 39 55 96 90 840 370 20 20 33 77 31
internal_value=-1.6797e-11 -0.00649103 0.000501756 0.00785363 0.0223653 -0.000677887 -0.00193907 0.0010827 -0.0080877 0.00901949 -0.017619 0.00873711 -0.003963 -0.00962377
internal_weight=1979 142 1837 254 114 1583 1396 936 460 75 81 187 140 61
internal_count=1979 142 1837 254 114 1583 1396 936 460 75 81 187 140 61
is_linear=0
shrinkage=0.01


Tree=428
num_leaves=15
num_cat=0
split_feature=4 0 4 3 2 7 2 6 3 7 6 0 3 6
split_gain=64.6858 370.063 258.704 298.46 256.257 197.666 375.592 166.814 407.313 304.834 139.771 127.511 438.126 293.271
threshold=0.40993750000000007 14.153564500000002 0.40256250000000005 13.343541665000002 11.984166665000002 0.92384435400961407 7.1633332960000011 7.7145000000000001 8.3091667085000029 0.56638466991089664 8.7175000000000029 10.621611000000001 7.7060416665000009 7.4275000000000011
decision_type=2 2 2 2 2 2 2 2 2 2 2 2 2 2
left_child=2 4 11 5 7 10 -7 8 -2 -9 -4 -1 -13 -14
right_child=1 -3 3 -5 -6 6 -8 9 -10 -11 -12 12 13 -15
leaf_value=-0.0064344336395840765 -0.0044324220648116397 -0.038571164807570828 0.0080721470458853632 0.037699619508348409 0.031435276840044109 -0.0092340313004595897 0.045539332726790061 0.011152096235331286 0.030508461100133985 -0.01660536682333898 -0.0069135035406081725 0.037120716571807863 -0.019587483906967414 0.001270466213799826
leaf_weight=338 138 28 155 32 23 21 31 54 44 148 104 32 74 757
leaf_count=338 138 28 155 32 23 21 31 54 44 148 104 32 74 757
internal_value=4.20672e-11 -0.00340612 0.000959627 0.00861916 -0.000986908 0.00562696 0.0234193 -0.00292886 0.00401482 -0.00918505 0.00205474 -0.0012279 0.000811277 -0.00058692
internal_weight=1979 435 1544 343 407 311 52 384 182 202 259 1201 863 831
internal_count=1979 435 1544 343 407 311 52 384 182 202 259 1201 863 831
is_linear=0
shrinkage=0.01


Tree=429
num_leaves=15
num_cat=0
split_feature=4 0 4 3 2 7 0 6 3 7 6 5 1 3
split_gain=63.3985 362.698 253.555 292.521 251.157 193.732 369.124 163.494 399.544 298.768 136.989 125.81 106.019 171.794
threshold=0.40993750000000007 14.153564500000002 0.40256250000000005 13.343541665000002 11.984166665000002 0.92384435400961407 7.0543655000000012 7.7145000000000001 8.8081250000000022 0.56638466991089664 8.7175000000000029 0.41727083350000005 34.541666665000008 10.872708330000002
decision_type=2 2 2 2 2 2 2 2 2 2 2 2 2 2
left_child=2 4 11 5 7 10 -7 8 -2 -9 -4 12 13 -1
right_child=1 -3 3 -5 -6 6 -8 9 -10 -11 -12 -13 -14 -15
leaf_value=0.0042336981545266659 -0.0016605568561210949 -0.038185452845479764 0.0079914255131396557 0.037322622879873965 0.031120924379514612 -0.010516015078872443 0.044248340614140035 0.01104057525504484 0.042931287625561587 -0.016439313136947315 -0.0068443684996320657 -0.026086815774440764 -8.9175297018936219e-05 -0.029127674561106796
leaf_weight=29 159 28 155 32 23 20 32 54 23 148 104 20 1119 33
leaf_count=29 159 28 155 32 23 20 32 54 23 148 104 20 1119 33
internal_value=2.51349e-11 -0.00337206 0.000950031 0.00853297 -0.000977039 0.00557069 0.0231851 -0.00289957 0.00397468 -0.0090932 0.0020342 -0.00121562 -0.000794431 -0.0135232
internal_weight=1979 435 1544 343 407 311 52 384 182 202 259 1201 1181 62
internal_count=1979 435 1544 343 407 311 52 384 182 202 259 1201 1181 62
is_linear=0
shrinkage=0.01


Tree=430
num_leaves=9
num_cat=0
split_feature=5 5 7 0 2 3 6 4
split_gain=63.2477 126.223 123.774 89.3251 122.383 149.238 129.017 60.8882
threshold=0.42443750000000008 0.42297916650000006 0.92050485345244026 5.2467500000000014 6.079999968500001 7.5664583335000009 6.0700000000000012 0.39560416650000002
decision_type=2 2 2 2 2 2 2 2
left_child=1 3 -3 7 5 -5 -6 -1
right_child=-2 2 -4 4 6 -7 -8 -9
leaf_value=0.00060258162969892683 0.017262205339613416 -0.027906329673714935 0.00036686668296655021 0.0041834747661218547 -0.0098116115762275601 0.029500616480906804 0.00070288572766141267 -0.020874718806960364
leaf_weight=22 21 32 30 104 126 30 1581 33
leaf_count=22 21 32 30 104 126 30 1581 33
internal_value=-7.46964e-12 -0.000185141 -0.0142258 0.000273993 0.000649158 0.00985149 -7.32283e-05 -0.0122838
internal_weight=1979 1958 62 1896 1841 134 1707 55
internal_count=1979 1958 62 1896 1841 134 1707 55
is_linear=0
shrinkage=0.01


Tree=431
num_leaves=15
num_cat=0
split_feature=3 2 5 7 4 4 6 4 0 2 5 6 4 5
split_gain=62.9284 227.87 156.151 197.3 244.899 152.831 150.487 112.864 109.014 108.232 106.355 106.224 68.0853 61.1165
threshold=13.738333335000002 14.130000000000001 0.38577083350000002 -0.8910065241883679 0.3635208330000001 0.39102083350000005 12.904000000000002 0.33835416650000011 16.094899000000002 12.378958335000002 0.38522916650000005 7.4275000000000011 0.39447916650000009 0.38389583350000006
decision_type=2 2 2 2 2 2 2 2 2 2 2 2 2 2
left_child=2 5 7 11 -5 8 -6 -1 -2 -9 -3 -4 -13 -11
right_child=1 10 3 4 6 -7 -8 9 -10 13 -12 12 -14 -15
leaf_value=-0.0057337126508355141 0.0019804223733288903 -0.0052388331045707072 -0.027429540377855301 0.021360903572419595 0.0012052632410398899 -0.041395890384912495 -0.013107217543412191 -0.0052589620742946866 -0.025052051991224289 0.015775955727467171 0.02117327637730106 -0.0079527832210420611 0.0061605361774563798 0.035398805027916314
leaf_weight=32 35 30 25 58 1263 20 78 20 26 65 31 235 40 21
leaf_count=32 35 30 25 58 1263 20 78 20 26 65 31 235 40 21
internal_value=-1.38104e-11 -0.00641373 0.000495781 -0.000335141 0.0012429 -0.0174069 0.00037277 0.0107258 -0.00954162 0.0156946 0.00818371 -0.00769407 -0.00589994 0.0205676
internal_weight=1979 142 1837 1699 1399 81 1341 138 61 106 61 300 275 86
internal_count=1979 142 1837 1699 1399 81 1341 138 61 106 61 300 275 86
is_linear=0
shrinkage=0.01


Tree=432
num_leaves=12
num_cat=0
split_feature=1 4 6 3 3 2 5 6 3 3 7
split_gain=62.8616 66.2208 169.528 263.955 197.621 150.868 305.713 256.697 191.431 205.408 132.713
threshold=6.7708333335000015 0.37552083350000004 6.4475000000000007 8.2643750000000029 7.8674999250000015 13.561250000000003 0.40122916700000005 13.114000000000003 13.806041665 13.410208335000002 -0.6755644832106783
decision_type=2 2 2 2 2 2 2 2 2 2 2
left_child=-1 2 -2 4 -4 8 7 -7 9 -3 -5
right_child=1 5 3 10 -6 6 -8 -9 -10 -11 -12
leaf_value=-0.016085617896169423 -0.026039940882474185 -0.0004924140971975272 -0.00036630066856741905 -0.001202045758492551 0.043066167899153449 0.018867403920739888 -0.027891927333105179 -0.0053268738640624971 -0.030841032944619658 0.020407732478818118 -0.015769402938229697
leaf_weight=24 30 1166 20 333 22 156 21 61 20 49 77
leaf_count=24 30 1166 20 333 22 156 21 61 20 49 77
internal_value=-6.17695e-12 0.00019747 -0.0030199 -0.00149203 0.022384 0.00125027 0.00854053 0.0120662 -0.000154653 0.000350472 -0.00393787
internal_weight=1979 1955 482 452 42 1473 238 217 1235 1215 410
internal_count=1979 1955 482 452 42 1473 238 217 1235 1215 410
is_linear=0
shrinkage=0.01


Tree=433
num_leaves=9
num_cat=0
split_feature=5 5 7 0 2 5 3 5
split_gain=61.9374 123.75 121.401 87.6511 121.485 313.765 262.719 60.4169
threshold=0.42443750000000008 0.42297916650000006 0.92050485345244026 5.2467500000000014 7.8435415915000011 0.41193750000000001 6.9279165045000006 0.41495833350000005
decision_type=2 2 2 2 2 2 2 2
left_child=1 3 -3 7 6 -6 -5 -1
right_child=-2 2 -4 4 5 -7 -8 -9
leaf_value=-0.0039311767150374023 0.017082455527214779 -0.027634395407512783 0.00036646493524312973 -0.0036201069874163623 -0.0020615236528844644 0.017449690232222731 0.011760281823781254 -0.025504222952184224
leaf_weight=34 21 32 30 195 1300 88 258 21
leaf_count=34 21 32 30 195 1300 88 258 21
internal_value=5.28369e-12 -0.000183213 -0.0140856 0.0002714 0.000643033 -0.000824501 0.00513958 -0.0121682
internal_weight=1979 1958 62 1896 1841 1388 453 55
internal_count=1979 1958 62 1896 1841 1388 453 55
is_linear=0
shrinkage=0.01


Tree=434
num_leaves=15
num_cat=0
split_feature=4 0 4 3 2 0 7 5 6 3 7 0 3 6
split_gain=62.5206 350.851 246.255 286.328 246.198 192.934 462.488 181.233 160.184 389.234 292.004 123.309 429.619 292.825
threshold=0.40993750000000007 14.153564500000002 0.40256250000000005 13.343541665000002 11.984166665000002 6.9652815000000006 0.93038214053199464 0.41095833350000005 7.7145000000000001 8.8081250000000022 0.56638466991089664 10.621611000000001 7.6060416605000016 7.4275000000000011
decision_type=2 2 2 2 2 2 2 2 2 2 2 2 2 2
left_child=2 4 11 5 8 7 -7 -4 9 -2 -10 -1 -13 -14
right_child=1 -3 3 -5 -6 6 -8 -9 10 -11 -12 12 13 -15
leaf_value=-0.0063108476821860182 -0.0016542458147653994 -0.037588712160608599 0.012231636848300696 0.036899689899291842 0.030786396161369654 0.0042482599493623343 0.04502087631262839 -0.022216036002196016 0.010877428824357964 0.042358515171901041 -0.016289604459763379 0.038651808716099842 -0.019351212234670918 0.0013614467516411416
leaf_weight=338 159 28 24 32 23 213 32 42 54 23 148 29 75 759
leaf_count=338 159 28 24 32 23 213 32 42 54 23 148 29 75 759
internal_value=-2.30582e-12 -0.00334864 0.00094343 0.00841639 -0.000993053 0.00548564 0.00957366 -0.00968961 -0.00289651 0.00390781 -0.00902713 -0.00119081 0.000814484 -0.000501202
internal_weight=1979 435 1544 343 407 311 245 66 384 182 202 1201 863 834
internal_count=1979 435 1544 343 407 311 245 66 384 182 202 1201 863 834
is_linear=0
shrinkage=0.01


Tree=435
num_leaves=13
num_cat=0
split_feature=1 0 2 5 4 4 7 1 3 5 5 4
split_gain=62.0074 65.5936 142.58 218.991 292.293 178.309 201.688 85.8458 85.7693 71.5761 99.1569 46.9198
threshold=6.7708333335000015 16.862947500000004 13.538333335000003 0.40095833350000004 0.39697916650000004 0.3635208330000001 -0.25037047035109417 265.95833330000005 8.4831250000000029 0.38312500000000005 0.39506250000000004 0.33835416650000011
decision_type=2 2 2 2 2 2 2 2 2 2 2 2
left_child=-1 2 5 4 -4 8 -7 9 -2 11 -11 -3
right_child=1 7 3 -5 -6 6 -8 -9 -10 10 -12 -13
leaf_value=-0.015975950292583245 0.032192100793123249 -0.0062114149719476701 0.0055637655919417743 -0.017802769362374588 0.035474832012902857 -0.0061288261298436631 0.0018527803197136013 0.01095351915806532 0.0083764686489537846 -0.012687823312500348 0.0044632533781750255 0.012337930262088776
leaf_weight=24 20 25 136 27 43 492 888 33 62 156 43 30
leaf_count=24 20 25 136 27 43 492 888 33 62 156 43 30
internal_value=-9.26499e-12 0.000196124 0.000955926 0.00874473 0.0127491 -0.000141539 -0.000992836 -0.00421973 0.0141852 -0.00619106 -0.00898181 0.00390641
internal_weight=1979 1955 1668 206 179 1462 1380 287 82 254 199 55
internal_count=1979 1955 1668 206 179 1462 1380 287 82 254 199 55
is_linear=0
shrinkage=0.01


Tree=436
num_leaves=15
num_cat=0
split_feature=3 2 5 7 4 5 4 0 4 2 6 4 5 5
split_gain=61.5923 219.424 152.422 190.79 237.786 147.83 143.373 133.876 109.444 105.46 101.741 65.8924 59.8029 45.3341
threshold=13.738333335000002 14.387291665000001 0.38577083350000002 -0.8910065241883679 0.3623958335000001 0.39245833350000003 0.39356250000000004 16.094899000000002 0.33835416650000011 12.378958335000002 7.4275000000000011 0.39447916650000009 0.38389583350000006 0.38595833350000003
decision_type=2 2 2 2 2 2 2 2 2 2 2 2 2 2
left_child=2 6 8 10 -5 -6 7 13 -1 -10 -4 -12 -11 -2
right_child=1 -3 3 4 5 -7 -8 -9 9 12 11 -13 -14 -15
leaf_value=-0.0056106246332637963 -0.0074256352409720417 0.012835796650587802 -0.026881450688838959 0.022204301013396335 -0.010431811892548982 0.0014234477458347859 -0.038349026903510094 -0.022360099215765258 -0.0051929243532940752 0.015560920439087427 -0.0078306257083394035 0.0060535463578999041 0.034971749044599987 0.013160171764700308
leaf_weight=32 20 42 25 52 115 1232 20 37 20 65 235 40 21 23
leaf_count=32 20 42 25 52 115 1232 20 37 20 65 235 40 21 23
internal_value=1.65457e-11 -0.00634528 0.00049049 -0.000330452 0.00122134 0.000411306 -0.0144013 -0.00841441 0.0105976 0.0154906 -0.00756697 -0.00581111 0.0203008 0.00358538
internal_weight=1979 142 1837 1699 1399 1347 100 80 138 106 300 275 86 43
internal_count=1979 142 1837 1699 1399 1347 100 80 138 106 300 275 86 43
is_linear=0
shrinkage=0.01


Tree=437
num_leaves=15
num_cat=0
split_feature=4 0 2 4 3 0 7 5 6 3 7 0 3 6
split_gain=61.5324 341.583 241.365 239.974 280.457 189.39 452.974 177.703 156.615 384.088 286.667 121.588 422.281 275.752
threshold=0.40993750000000007 14.153564500000002 11.984166665000002 0.40256250000000005 13.343541665000002 6.9652815000000006 0.93038214053199464 0.41095833350000005 7.7145000000000001 8.3091667085000029 0.56638466991089664 10.621611000000001 7.7060416665000009 7.4275000000000011
decision_type=2 2 2 2 2 2 2 2 2 2 2 2 2 2
left_child=3 2 8 11 5 7 -7 -5 9 -2 -10 -1 -13 -14
right_child=1 -3 -4 4 -6 6 -8 -9 10 -11 -12 12 13 -15
leaf_value=-0.0062550911886931661 -0.0043572921907880169 -0.037106902238779833 0.030468216305193693 0.012083987084527809 0.03650277830660343 0.0041924097266555398 0.044543476356193427 -0.022026638152698674 0.010777403309389397 0.02957279269668189 -0.016140202716987177 0.036467180652543903 -0.018976643931724737 0.0012487189358105217
leaf_weight=338 138 28 23 24 32 213 32 42 54 44 148 32 74 757
leaf_count=338 138 28 23 24 32 213 32 42 54 44 148 32 74 757
internal_value=-5.23404e-11 -0.00332206 -0.0009978 0.000935944 0.008313 0.00541245 0.00946275 -0.00962277 -0.00288248 0.00384559 -0.00894441 -0.00117091 0.000820346 -0.000552336
internal_weight=1979 435 407 1544 343 311 245 66 384 182 202 1201 863 831
internal_count=1979 435 407 1544 343 311 245 66 384 182 202 1201 863 831
is_linear=0
shrinkage=0.01


Tree=438
num_leaves=13
num_cat=0
split_feature=1 3 2 4 5 7 4 4 4 2 5 6
split_gain=60.6728 64.1721 215.987 146.043 142.773 199.499 226.83 107.248 104.811 103.44 102.113 97.8259
threshold=6.7708333335000015 13.738333335000002 14.130000000000001 0.39102083350000005 0.38577083350000002 -0.8910065241883679 0.3623958335000001 0.33835416650000011 0.3800208335000001 12.378958335000002 0.38522916650000005 7.4275000000000011
decision_type=2 2 2 2 2 2 2 2 2 2 2 2
left_child=-1 4 3 8 7 11 -7 -2 -3 -9 -4 -6
right_child=1 2 10 -5 5 6 -8 9 -10 -11 -12 -13
leaf_value=-0.015803084930715462 -0.0055670056119561193 -0.022618521101772787 -0.0052201190739870071 -0.040432666286826138 -0.026432136887311938 0.021994550829896559 0.00070235683810626159 -0.0051630109986290345 0.0036011126108707919 0.020085279055286284 0.020659896986138439 -0.0057711476295509122
leaf_weight=24 32 30 30 20 25 52 1323 20 31 86 31 275
leaf_count=24 32 30 30 20 25 52 1323 20 31 86 31 275
internal_value=2.37595e-11 0.000194002 -0.00627973 -0.0169824 0.000701045 -0.000104438 0.00150759 0.0104778 -0.00929379 0.0153215 0.00793202 -0.0074929
internal_weight=1979 1955 142 81 1813 1675 1375 138 61 106 61 300
internal_count=1979 1955 142 81 1813 1675 1375 138 61 106 61 300
is_linear=0
shrinkage=0.01


Tree=439
num_leaves=9
num_cat=0
split_feature=5 5 7 0 2 3 6 4
split_gain=60.3872 119.077 119.551 85.2558 120.356 142.778 124.019 59.7638
threshold=0.42443750000000008 0.42297916650000006 0.92050485345244026 5.2467500000000014 6.079999968500001 7.5664583335000009 6.0700000000000012 0.39560416650000002
decision_type=2 2 2 2 2 2 2 2
left_child=1 3 -3 7 5 -5 -6 -1
right_child=-2 2 -4 4 6 -7 -8 -9
leaf_value=0.0007634702121669596 0.01686733120963687 -0.027263420429080726 0.00052322652439276381 0.0042133877222211317 -0.0096327156118220757 0.028976528475681943 0.00067611533492228633 -0.020514602918516506
leaf_weight=22 21 32 30 104 126 30 1581 33
leaf_count=22 21 32 30 104 126 30 1581 33
internal_value=5.08157e-11 -0.000180906 -0.0138183 0.000265042 0.000631561 0.00975737 -8.48177e-05 -0.0120034
internal_weight=1979 1958 62 1896 1841 134 1707 55
internal_count=1979 1958 62 1896 1841 134 1707 55
is_linear=0
shrinkage=0.01


Tree=440
num_leaves=15
num_cat=0
split_feature=4 0 2 4 3 0 7 5 6 3 7 5 1 3
split_gain=59.902 332.933 236.553 235.742 275.704 197.404 428.288 174.024 153.286 376.076 280.372 119.65 103.396 167.645
threshold=0.40993750000000007 14.153564500000002 11.984166665000002 0.40256250000000005 13.483125000000003 6.9652815000000006 0.93038214053199464 0.41095833350000005 7.7145000000000001 8.8081250000000022 0.56638466991089664 0.41727083350000005 34.541666665000008 10.872708330000002
decision_type=2 2 2 2 2 2 2 2 2 2 2 2 2 2
left_child=3 2 8 11 5 7 -7 -5 9 -2 -10 12 13 -1
right_child=1 -3 -4 4 -6 6 -8 -9 10 -11 -12 -13 -14 -15
leaf_value=0.0042168199688453105 -0.0016599481580954678 -0.036632089363743681 0.030167634176171344 0.011954665376494329 0.042481635246764536 0.0049683432113128666 0.044089415464550259 -0.021801014715983044 0.010658017184447359 0.041602513518022459 -0.015962435474015168 -0.02541933846473694 -5.7506084174144158e-05 -0.028739226266290201
leaf_weight=29 159 28 23 24 22 223 32 42 54 23 148 20 1119 33
leaf_count=29 159 28 23 24 22 223 32 42 54 23 148 20 1119 33
internal_value=3.86835e-12 -0.00327776 -0.00098311 0.000923461 0.00823518 0.00588807 0.00987765 -0.00952622 -0.00284891 0.00380729 -0.00884608 -0.00116473 -0.000753985 -0.0133243
internal_weight=1979 435 407 1544 343 321 255 66 384 182 202 1201 1181 62
internal_count=1979 435 407 1544 343 321 255 66 384 182 202 1201 1181 62
is_linear=0
shrinkage=0.01


Tree=441
num_leaves=9
num_cat=0
split_feature=5 5 7 0 2 5 3 4
split_gain=59.3033 115.328 117.577 83.0306 120.094 306.051 251.193 58.2136
threshold=0.42443750000000008 0.42297916650000006 0.92050485345244026 5.2467500000000014 7.8435415915000011 0.41193750000000001 6.9279165045000006 0.39560416650000002
decision_type=2 2 2 2 2 2 2 2
left_child=1 3 -3 7 6 -6 -5 -1
right_child=-2 2 -4 4 5 -7 -8 -9
leaf_value=0.00075252481482245709 0.016715257111049833 -0.026933960865717383 0.00062235490977764134 -0.0034733448973976269 -0.002059529993425195 0.017210334110158411 0.011565885305000368 -0.02024777072848696
leaf_weight=22 21 32 30 195 1300 88 258 33
leaf_count=22 21 32 30 195 1300 88 258 33
internal_value=-1.27604e-11 -0.000179275 -0.0136003 0.000259597 0.000621302 -0.00083781 0.00509204 -0.0118477
internal_weight=1979 1958 62 1896 1841 1388 453 55
internal_count=1979 1958 62 1896 1841 1388 453 55
is_linear=0
shrinkage=0.01


Tree=442
num_leaves=13
num_cat=0
split_feature=1 0 2 5 4 4 7 1 3 5 5 4
split_gain=59.8847 62.8456 137.74 215.818 285.345 170.398 194.581 84.2773 83.3108 68.3123 96.298 44.1739
threshold=6.7708333335000015 16.862947500000004 13.538333335000003 0.40095833350000004 0.39697916650000004 0.3635208330000001 -0.25037047035109417 265.95833330000005 8.4831250000000029 0.38312500000000005 0.39506250000000004 0.33835416650000011
decision_type=2 2 2 2 2 2 2 2 2 2 2 2
left_child=-1 2 5 4 -4 8 -7 9 -2 11 -11 -3
right_child=1 7 3 -5 -6 6 -8 -9 -10 10 -12 -13
leaf_value=-0.015700117765615383 0.031610008478164676 -0.0060356026530265809 0.0054677807724596381 -0.017762592306222628 0.035021197802798693 -0.006019117158077604 0.0018206112984848954 0.010904366963289001 0.0081381876995005927 -0.012461438880731852 0.0044405779346477154 0.011962789386510849
leaf_weight=24 20 25 136 27 43 492 888 33 62 156 43 30
leaf_count=24 20 25 136 27 43 492 888 33 62 156 43 30
internal_value=-9.60147e-12 0.000192738 0.000936454 0.00859194 0.0125672 -0.000142226 -0.000974422 -0.00412962 0.013863 -0.00608286 -0.00880924 0.0037817
internal_weight=1979 1955 1668 206 179 1462 1380 287 82 254 199 55
internal_count=1979 1955 1668 206 179 1462 1380 287 82 254 199 55
is_linear=0
shrinkage=0.01


Tree=443
num_leaves=15
num_cat=0
split_feature=4 0 2 4 3 0 7 5 6 3 7 0 3 6
split_gain=59.7886 325.19 232.386 228.772 270.681 193.521 418.542 170.822 150.51 366.922 275.041 118.4 415.176 267.06
threshold=0.40993750000000007 14.153564500000002 11.984166665000002 0.40256250000000005 13.483125000000003 6.9652815000000006 0.93038214053199464 0.41095833350000005 7.7145000000000001 8.3091667085000029 0.56638466991089664 10.621611000000001 7.7060416665000009 7.4275000000000011
decision_type=2 2 2 2 2 2 2 2 2 2 2 2 2 2
left_child=3 2 8 11 5 7 -7 -5 9 -2 -10 -1 -13 -14
right_child=1 -3 -4 4 -6 6 -8 -9 10 -11 -12 12 13 -15
leaf_value=-0.0061515845795652481 -0.0042779931169597135 -0.036238838040402961 0.0298683470228444 0.011820143343259891 0.042058441279964012 0.0048967955002536152 0.043570192605257033 -0.021623505361910378 0.010519014907379944 0.028885229080915453 -0.015847110221212782 0.036176155246794225 -0.018662195349665914 0.0012418251399497061
leaf_weight=338 138 28 23 24 22 223 32 42 54 44 148 32 74 757
leaf_count=338 138 28 23 24 22 223 32 42 54 44 148 32 74 757
internal_value=3.85376e-11 -0.00327465 -0.00100685 0.000922587 0.0081254 0.00579977 0.00974993 -0.00946218 -0.00285614 0.00373949 -0.00879874 -0.0011345 0.000830471 -0.000530615
internal_weight=1979 435 407 1544 343 321 255 66 384 182 202 1201 863 831
internal_count=1979 435 407 1544 343 321 255 66 384 182 202 1201 863 831
is_linear=0
shrinkage=0.01


Tree=444
num_leaves=15
num_cat=0
split_feature=3 2 5 7 4 5 4 0 4 2 5 5 5 5
split_gain=59.3165 209.952 145.334 181.514 226.678 144.222 136.698 130.61 104.196 100.943 94.3787 108.153 58.8624 44.1274
threshold=13.738333335000002 14.387291665000001 0.38577083350000002 -0.8910065241883679 0.3623958335000001 0.39245833350000003 0.39356250000000004 16.094899000000002 0.33835416650000011 12.378958335000002 0.39054166650000005 0.39506250000000004 0.38389583350000006 0.38595833350000003
decision_type=2 2 2 2 2 2 2 2 2 2 2 2 2 2
left_child=2 6 8 10 -5 -6 7 13 -1 -10 -4 -12 -11 -2
right_child=1 -3 3 4 5 -7 -8 -9 9 12 11 -13 -14 -15
leaf_value=-0.0054641394177451733 -0.0072722965441644194 0.012535574126855605 0.0017665956805392011 0.021680282841508209 -0.010307530133701536 0.001402141089254821 -0.037490827612578874 -0.022035810335262404 -0.0051108838398940858 0.015128487563477113 -0.020544551503409943 -0.0057176820704570187 0.034386074713298249 0.013037679393006407
leaf_weight=32 20 42 82 52 115 1232 20 37 20 65 75 143 21 23
leaf_count=32 20 42 82 52 115 1232 20 37 20 65 75 143 21 23
internal_value=-4.66979e-11 -0.00622695 0.000481343 -0.000320284 0.00119331 0.000402429 -0.0141072 -0.0082613 0.0103506 0.0151249 -0.0073787 -0.0108187 0.0198309 0.00359118
internal_weight=1979 142 1837 1699 1399 1347 100 80 138 106 300 218 86 43
internal_count=1979 142 1837 1699 1399 1347 100 80 138 106 300 218 86 43
is_linear=0
shrinkage=0.01


Tree=445
num_leaves=15
num_cat=0
split_feature=4 0 2 4 3 0 7 5 6 3 7 0 3 6
split_gain=58.7164 316.762 228.032 224.043 266.679 178.473 424.864 167.423 147.389 361.956 269.792 116.711 406.849 270.017
threshold=0.40993750000000007 14.153564500000002 11.984166665000002 0.40256250000000005 13.343541665000002 6.9652815000000006 0.93038214053199464 0.41095833350000005 7.7145000000000001 8.8081250000000022 0.56638466991089664 10.621611000000001 7.6060416605000016 7.4275000000000011
decision_type=2 2 2 2 2 2 2 2 2 2 2 2 2 2
left_child=3 2 8 11 5 7 -7 -5 9 -2 -10 -1 -13 -14
right_child=1 -3 -4 4 -6 6 -8 -9 10 -11 -12 12 13 -15
leaf_value=-0.0061026116339048956 -0.001675539123562147 -0.035779348372348717 0.029577643353006115 0.011687920379141967 0.035530845281900841 0.0040414945770737148 0.043120469627901913 -0.021421291733249311 0.010413057762715552 0.040766955950985784 -0.015700286832178716 0.037650436039628657 -0.018551883214712146 0.0013377591014541537
leaf_weight=338 159 28 23 24 32 213 32 42 54 23 148 29 75 759
leaf_count=338 159 28 23 24 32 213 32 42 54 23 148 29 75 759
internal_value=3.28787e-11 -0.00324516 -0.00100693 0.000914277 0.00804226 0.00521386 0.00914569 -0.00938158 -0.00283882 0.00368807 -0.00871949 -0.00112144 0.000829468 -0.000450878
internal_weight=1979 435 407 1544 343 311 245 66 384 182 202 1201 863 834
internal_count=1979 435 407 1544 343 311 245 66 384 182 202 1201 863 834
is_linear=0
shrinkage=0.01


Tree=446
num_leaves=13
num_cat=0
split_feature=1 3 2 4 5 7 4 4 0 5 2 5
split_gain=58.2787 61.8221 206.74 138.541 136.076 189.866 216.184 102.105 101.534 99.5201 99.0075 92.3009
threshold=6.7708333335000015 13.738333335000002 14.130000000000001 0.39102083350000005 0.38577083350000002 -0.8910065241883679 0.3623958335000001 0.33835416650000011 16.094899000000002 0.38522916650000005 12.378958335000002 0.39054166650000005
decision_type=2 2 2 2 2 2 2 2 2 2 2 2
left_child=-1 4 3 8 7 11 -7 -2 -3 -4 -9 -6
right_child=1 2 9 -5 5 6 -8 10 -10 -11 -12 -13
leaf_value=-0.015488152272009757 -0.0054228755249641838 0.0019732274987867902 -0.0052438122431437174 -0.039475059881806378 0.0017376480265179786 0.021474482760979581 0.00068796031469182137 -0.0050822278461419047 -0.024115314311706104 0.020305476978180872 0.019619234931590252 -0.010708315595130033
leaf_weight=24 32 35 30 20 82 52 1323 20 26 31 86 218
leaf_count=24 32 35 30 20 82 52 1323 20 26 31 86 218
internal_value=-3.74141e-11 0.000190136 -0.00616395 -0.016635 0.000687808 -9.85559e-05 0.00147407 0.0102324 -0.00914648 0.00774025 0.0149586 -0.00730642
internal_weight=1979 1955 142 81 1813 1675 1375 138 61 61 106 300
internal_count=1979 1955 142 81 1813 1675 1375 138 61 61 106 300
is_linear=0
shrinkage=0.01


Tree=447
num_leaves=9
num_cat=0
split_feature=5 5 7 0 2 3 6 4
split_gain=57.8233 110.954 115.82 80.7594 118.844 132.882 121.381 57.4338
threshold=0.42443750000000008 0.42297916650000006 0.8869770585236475 5.2467500000000014 6.0414582900000005 7.5664583335000009 6.4755000000000011 0.39560416650000002
decision_type=2 2 2 2 2 2 2 2
left_child=1 3 -3 7 5 -5 -6 -1
right_child=-2 2 -4 4 6 -7 -8 -9
leaf_value=0.00082843449305404319 0.016505364860807146 -0.027008786232721422 0.00032670030490525309 0.0045134055244736371 -0.0073852263947031399 0.02916014125304563 0.00088619473463579738 -0.02003072828054428
leaf_weight=22 21 31 31 100 201 28 1512 33
leaf_count=22 21 31 31 100 201 28 1512 33
internal_value=-1.77511e-11 -0.000177024 -0.013341 0.000253445 0.000610169 0.00990488 -8.43573e-05 -0.0116871
internal_weight=1979 1958 62 1896 1841 128 1713 55
internal_count=1979 1958 62 1896 1841 128 1713 55
is_linear=0
shrinkage=0.01


Tree=448
num_leaves=13
num_cat=0
split_feature=1 0 2 5 4 4 7 1 3 5 4 4
split_gain=57.2693 60.8756 132.069 212.778 279.091 162.046 189.393 82.5643 81.3196 65.0072 93.5909 41.5837
threshold=6.7708333335000015 16.862947500000004 13.538333335000003 0.40095833350000004 0.39697916650000004 0.3635208330000001 -0.25037047035109417 265.95833330000005 8.4831250000000029 0.38312500000000005 0.37814583350000003 0.33835416650000011
decision_type=2 2 2 2 2 2 2 2 2 2 2 2
left_child=-1 2 5 4 -4 8 -7 9 -2 11 -11 -3
right_child=1 7 3 -5 -6 6 -8 -9 -10 10 -12 -13
leaf_value=-0.01535344749999543 0.031055565387010577 -0.0059010342031717298 0.0053426348597413924 -0.017751538702459248 0.034570409562005557 -0.005924325681649285 0.0018101835936656105 0.010814824947014903 0.0078659365314149091 -0.014399713174973287 -0.00046675319624383274 0.011561698724826177
leaf_weight=24 20 25 136 27 43 492 888 33 62 117 82 30
leaf_count=24 20 25 136 27 43 492 888 33 62 117 82 30
internal_value=-1.92171e-11 0.000188482 0.000920449 0.00841667 0.0123638 -0.000135791 -0.000947337 -0.0040656 0.0135219 -0.00599888 -0.00865849 0.00362409
internal_weight=1979 1955 1668 206 179 1462 1380 287 82 254 199 55
internal_count=1979 1955 1668 206 179 1462 1380 287 82 254 199 55
is_linear=0
shrinkage=0.01


Tree=449
num_leaves=15
num_cat=0
split_feature=3 2 5 7 4 6 4 4 4 5 2 6 4 5
split_gain=57.9455 201.402 138.058 173.094 215.26 142.47 135.669 100.517 99.1388 97.3062 96.8009 91.451 62.9978 57.9323
threshold=13.738333335000002 14.130000000000001 0.38577083350000002 -0.8910065241883679 0.3623958335000001 12.904000000000002 0.39102083350000005 0.3800208335000001 0.33835416650000011 0.38522916650000005 12.378958335000002 7.4275000000000011 0.39447916650000009 0.38389583350000006
decision_type=2 2 2 2 2 2 2 2 2 2 2 2 2 2
left_child=2 6 8 11 -5 -6 7 -2 -1 -3 -10 -4 -13 -12
right_child=1 9 3 4 5 -7 -8 -9 10 -11 13 12 -14 -15
leaf_value=-0.0053314256074372679 -0.022128002278506757 -0.0052698849588632577 -0.025510050451755521 0.02113685242545146 0.0012081044530993222 -0.012715990711242343 -0.039091593831777571 0.0035489610582590102 -0.0050644251075573268 0.019993622391935317 0.014695089811029342 -0.0075082571544545767 0.0060675348788499827 0.033799918606167746
leaf_weight=32 30 30 25 52 1269 78 20 31 20 31 65 235 40 21
leaf_count=32 30 30 25 52 1269 78 20 31 20 31 65 235 40 21
internal_value=-4.83832e-11 -0.00615457 0.000475748 -0.000305554 0.00117252 0.000401809 -0.0164896 -0.00907905 0.0100948 0.00756895 0.0147518 -0.0071983 -0.0055336 0.0193602
internal_weight=1979 142 1837 1699 1399 1347 81 61 138 61 106 300 275 86
internal_count=1979 142 1837 1699 1399 1347 81 61 138 61 106 300 275 86
is_linear=0
shrinkage=0.01


Tree=450
num_leaves=15
num_cat=0
split_feature=4 0 2 4 3 0 7 5 6 3 7 5 1 3
split_gain=57.218 306.635 223.488 219.058 262.381 186.379 401.463 164.187 143.856 354.471 264.171 115.433 101.243 163.709
threshold=0.40993750000000007 14.153564500000002 11.984166665000002 0.40256250000000005 13.483125000000003 6.9652815000000006 0.93038214053199464 0.41095833350000005 7.7145000000000001 8.8081250000000022 0.56638466991089664 0.41727083350000005 34.541666665000008 10.872708330000002
decision_type=2 2 2 2 2 2 2 2 2 2 2 2 2 2
left_child=3 2 8 11 5 7 -7 -5 9 -2 -10 12 13 -1
right_child=1 -3 -4 4 -6 6 -8 -9 10 -11 -12 -13 -14 -15
leaf_value=0.0041883060207654685 -0.001674544318292126 -0.035213375639868899 0.029276980109836745 0.011548358226815861 0.04135951944034208 0.004784562522670747 0.042660695342347024 -0.02123939203896693 0.010307570196412229 0.040326817916787196 -0.015532327043395994 -0.024933757781982424 -1.7776264075832352e-05 -0.02837860585387909
leaf_weight=29 159 28 23 24 22 223 32 42 54 23 148 20 1119 33
leaf_count=29 159 28 23 24 22 223 32 42 54 23 148 20 1119 33
internal_value=8.87321e-12 -0.00320348 -0.00100133 0.000902536 0.00795077 0.00566108 0.00953765 -0.00931657 -0.00281487 0.00363332 -0.00862463 -0.00111041 -0.000706964 -0.0131457
internal_weight=1979 435 407 1544 343 321 255 66 384 182 202 1201 1181 62
internal_count=1979 435 407 1544 343 321 255 66 384 182 202 1201 1181 62
is_linear=0
shrinkage=0.01


Tree=451
num_leaves=9
num_cat=0
split_feature=5 5 7 0 2 5 3 4
split_gain=56.5794 107.86 114.037 79.0656 117.483 297.513 240.505 55.9398
threshold=0.42443750000000008 0.42297916650000006 0.8869770585236475 5.2467500000000014 7.8435415915000011 0.41193750000000001 6.9279165045000006 0.39560416650000002
decision_type=2 2 2 2 2 2 2 2
left_child=1 3 -3 7 6 -6 -5 -1
right_child=-2 2 -4 4 5 -7 -8 -9
leaf_value=0.00078632121059027589 0.016326874068805151 -0.026716374075941501 0.00040784504024251814 -0.0033570318103600771 -0.0020454464042630907 0.016953742205249995 0.011358778032568073 -0.019799742861227557
leaf_weight=22 21 31 31 195 1300 88 258 33
leaf_count=22 21 31 31 195 1300 88 258 33
internal_value=1.28616e-11 -0.000175109 -0.0131543 0.000249314 0.000602277 -0.000840887 0.00502416 -0.0115653
internal_weight=1979 1958 62 1896 1841 1388 453 55
internal_count=1979 1958 62 1896 1841 1388 453 55
is_linear=0
shrinkage=0.01


Tree=452
num_leaves=15
num_cat=0
split_feature=4 0 2 4 3 0 7 5 6 3 7 0 3 2
split_gain=56.9974 299.655 219.765 213.168 257.752 182.557 392.444 161.097 141.518 345.659 258.961 114.036 400.126 260.494
threshold=0.40993750000000007 14.153564500000002 11.984166665000002 0.40256250000000005 13.483125000000003 6.9652815000000006 0.93038214053199464 0.41095833350000005 7.7145000000000001 8.3091667085000029 0.56638466991089664 10.621611000000001 7.7060416665000009 7.8435415915000011
decision_type=2 2 2 2 2 2 2 2 2 2 2 2 2 2
left_child=3 2 8 11 5 7 -7 -5 9 -2 -10 13 -13 -1
right_child=1 -3 -4 4 -6 6 -8 -9 10 -11 -12 12 -14 -15
leaf_value=0.0015091461068831194 -0.0042048549001523555 -0.034840787433952629 0.029004665146703305 0.011428561440358561 0.040966379308903761 0.0047214383806515438 0.042169709606096152 -0.021049150836964452 0.010163496471251603 0.027983120205727491 -0.015420322410409916 0.035542636937461791 -0.00049266469699053806 -0.016260210046792158
leaf_weight=195 138 28 23 24 22 223 32 42 54 44 148 32 831 143
leaf_count=195 138 28 23 24 22 223 32 42 54 44 148 32 831 143
internal_value=4.00224e-11 -0.0031973 -0.00102035 0.000900794 0.00785362 0.00558421 0.00942083 -0.00923907 -0.00281873 0.00357685 -0.00858108 -0.0010849 0.000843523 -0.00600866
internal_weight=1979 435 407 1544 343 321 255 66 384 182 202 1201 863 338
internal_count=1979 435 407 1544 343 321 255 66 384 182 202 1201 863 338
is_linear=0
shrinkage=0.01


Tree=453
num_leaves=13
num_cat=0
split_feature=1 3 2 5 7 4 4 0 4 2 5 4
split_gain=56.1612 59.4071 197.275 130.528 179.826 205.841 128.828 125.605 97.2057 94.7054 90.3494 41.7333
threshold=6.7708333335000015 13.738333335000002 14.387291665000001 0.38577083350000002 -0.8910065241883679 0.3623958335000001 0.39356250000000004 16.094899000000002 0.33835416650000011 12.378958335000002 0.39054166650000005 0.3800208335000001
decision_type=2 2 2 2 2 2 2 2 2 2 2 2
left_child=-1 3 6 8 10 -6 7 -3 -2 -10 -5 -4
right_child=1 2 11 4 5 -7 -8 -9 9 -11 -12 -13
leaf_value=-0.015204183858198423 -0.0052525526389945298 0.0036175822795823567 0.0021769513899371736 0.0018375733008653653 0.020950910151004792 0.00066774713457650034 -0.036381239384412768 -0.021513637344579437 -0.0049666622076183558 0.019192179020949055 -0.010476113587036866 0.022113345336346398
leaf_weight=24 32 43 21 82 52 1323 20 37 20 86 218 21
leaf_count=24 32 43 21 82 52 1323 20 37 20 86 218 21
internal_value=-5.03545e-12 0.00018665 -0.00604209 0.000674505 -9.56627e-05 0.00143482 -0.0136807 -0.00800561 0.0100226 0.0146339 -0.00711037 0.0121451
internal_weight=1979 1955 142 1813 1675 1375 100 80 138 106 300 42
internal_count=1979 1955 142 1813 1675 1375 100 80 138 106 300 42
is_linear=0
shrinkage=0.01


Tree=454
num_leaves=15
num_cat=0
split_feature=4 0 2 4 3 0 7 5 6 3 7 5 1 3
split_gain=55.5877 291.981 215.506 209.203 253.744 168.207 398.668 157.956 139.471 441.959 181.974 112.766 98.5366 159.175
threshold=0.40993750000000007 14.153564500000002 11.984166665000002 0.40256250000000005 13.343541665000002 6.9652815000000006 0.93038214053199464 0.41095833350000005 6.9925000000000006 8.3091667085000029 0.56638466991089664 0.41727083350000005 34.541666665000008 10.872708330000002
decision_type=2 2 2 2 2 2 2 2 2 2 2 2 2 2
left_child=3 2 8 11 5 7 -7 -5 9 -2 -10 12 13 -1
right_child=1 -3 -4 4 -6 6 -8 -9 10 -11 -12 -13 -14 -15
leaf_value=0.004142075732093433 -0.0028963032342557214 -0.034393202427641621 0.028724049640738446 0.011314211289087932 0.034591103497659786 0.0038912245410848674 0.041746295196935533 -0.020845336853748276 0.0069401759866338508 0.044212483366330463 -0.012609583054868024 -0.024624105617403986 1.1142338205784745e-06 -0.027970624844910523
leaf_weight=29 117 28 23 24 32 213 32 42 65 24 178 20 1119 33
leaf_count=29 117 28 23 24 32 213 32 42 65 24 178 20 1119 33
internal_value=2.61326e-11 -0.00315751 -0.00100862 0.000889585 0.00777745 0.00501849 0.00883556 -0.00915096 -0.00278948 0.00512221 -0.00738022 -0.00107756 -0.000678801 -0.0129502
internal_weight=1979 435 407 1544 343 311 245 66 384 141 243 1201 1181 62
internal_count=1979 435 407 1544 343 311 245 66 384 141 243 1201 1181 62
is_linear=0
shrinkage=0.01


Tree=455
num_leaves=9
num_cat=0
split_feature=5 5 7 0 2 3 6 4
split_gain=55.6013 103.079 112.112 77.07 115.047 126.258 117.677 54.3617
threshold=0.42443750000000008 0.42297916650000006 0.92050485345244026 5.2467500000000014 6.0414582900000005 7.5664583335000009 6.4755000000000011 0.39560416650000002
decision_type=2 2 2 2 2 2 2 2
left_child=1 3 -3 7 5 -5 -6 -1
right_child=-2 2 -4 4 6 -7 -8 -9
leaf_value=0.00075291351838545361 0.016185130760783241 -0.025881995834060947 0.0010262913629412651 0.0044794377441518011 -0.0072821547654434229 0.028504014526094711 0.00086209217294626848 -0.019540703179258292
leaf_weight=22 21 32 30 100 201 28 1512 33
leaf_count=22 21 32 30 100 201 28 1512 33
internal_value=-2.45325e-11 -0.000173589 -0.0128619 0.000241322 0.000589803 0.00973481 -9.35375e-05 -0.0114233
internal_weight=1979 1958 62 1896 1841 128 1713 55
internal_count=1979 1958 62 1896 1841 128 1713 55
is_linear=0
shrinkage=0.01


Tree=456
num_leaves=12
num_cat=0
split_feature=1 4 6 3 3 2 5 6 3 3 7
split_gain=55.0354 58.3263 157.694 249.084 189.544 134.87 298.142 240.65 166.15 198.231 127.126
threshold=6.7708333335000015 0.37552083350000004 6.4475000000000007 8.2643750000000029 7.8674999250000015 13.561250000000003 0.40122916700000005 13.114000000000003 13.800833335000002 13.410208335000002 -0.6755644832106783
decision_type=2 2 2 2 2 2 2 2 2 2 2
left_child=-1 2 -2 4 -4 8 7 -7 9 -3 -5
right_child=1 5 3 10 -6 6 -8 -9 -10 -11 -12
leaf_value=-0.01505102016342183 -0.025036783338213964 -0.00047318026953213892 -0.00044797547161579132 -0.0010594802574386019 0.04208769949999723 0.018132663503384744 -0.027912784289746057 -0.0052932213197966092 -0.027391019947826861 0.020473615783960262 -0.015316946605438149
leaf_weight=24 30 1166 20 333 22 156 21 61 22 47 77
leaf_count=24 30 1166 20 333 22 156 21 61 22 47 77
internal_value=-3.74894e-11 0.00018477 -0.00283474 -0.00136115 0.0218326 0.00117282 0.00806572 0.0115475 -0.000155523 0.000338443 -0.0037371
internal_weight=1979 1955 482 452 42 1473 238 217 1235 1213 410
internal_count=1979 1955 482 452 42 1473 238 217 1235 1213 410
is_linear=0
shrinkage=0.01


Tree=457
num_leaves=9
num_cat=0
split_feature=5 5 7 0 2 5 3 5
split_gain=54.527 100.875 110.028 75.4699 115.258 292.695 232.403 53.6906
threshold=0.42443750000000008 0.42297916650000006 0.8869770585236475 5.2467500000000014 7.8435415915000011 0.41193750000000001 6.9279165045000006 0.41495833350000005
decision_type=2 2 2 2 2 2 2 2
left_child=1 3 -3 7 6 -6 -5 -1
right_child=-2 2 -4 4 5 -7 -8 -9
leaf_value=-0.0035393668272916006 0.016028010561352685 -0.026045381375137837 0.00059777350194992554 -0.0032756235072962363 -0.0020408026365187162 0.0168039038868367 0.011190197258436865 -0.023876112188611711
leaf_weight=34 21 31 31 195 1300 88 258 21
leaf_count=34 21 31 31 195 1300 88 258 21
internal_value=-1.36675e-11 -0.000171904 -0.0127238 0.000238548 0.000583392 -0.000846037 0.00496319 -0.0113043
internal_weight=1979 1958 62 1896 1841 1388 453 55
internal_count=1979 1958 62 1896 1841 1388 453 55
is_linear=0
shrinkage=0.01


Tree=458
num_leaves=15
num_cat=0
split_feature=4 0 2 4 3 0 7 5 6 3 7 0 3 2
split_gain=54.9795 284.181 211.28 203.42 248.664 175.348 376.128 154.519 136.684 429.184 177.699 109.673 392.719 254.425
threshold=0.40993750000000007 14.153564500000002 11.984166665000002 0.40256250000000005 13.483125000000003 6.9652815000000006 0.93038214053199464 0.41095833350000005 6.9925000000000006 8.3091667085000029 0.56638466991089664 10.621611000000001 7.7060416665000009 7.6091666355000012
decision_type=2 2 2 2 2 2 2 2 2 2 2 2 2 2
left_child=3 2 8 11 5 7 -7 -5 9 -2 -10 13 -13 -1
right_child=1 -3 -4 4 -6 6 -8 -9 10 -11 -12 12 -14 -15
leaf_value=0.0023419751192893037 -0.0028530240619284476 -0.033955843992797392 0.028419494317925495 0.011161312237381935 0.040200468269600116 0.004607100973715964 0.041268630046397449 -0.020646459192392372 0.0068230351667421373 0.04356990471482277 -0.012495729475376312 0.035212546365801248 -0.00048765117827596682 -0.01503475756390253
leaf_weight=178 117 28 23 24 22 223 32 42 65 24 178 32 831 160
leaf_count=178 117 28 23 24 22 223 32 42 65 24 178 32 831 160
internal_value=-1.09227e-11 -0.00314019 -0.0010202 0.000884705 0.00767671 0.00544766 0.00920776 -0.00908 -0.00278351 0.00504875 -0.00732816 -0.00105506 0.00083611 -0.0058837
internal_weight=1979 435 407 1544 343 321 255 66 384 141 243 1201 863 338
internal_count=1979 435 407 1544 343 321 255 66 384 141 243 1201 863 338
is_linear=0
shrinkage=0.01


Tree=459
num_leaves=13
num_cat=0
split_feature=1 0 2 5 4 4 7 1 3 5 5 4
split_gain=54.4607 57.3751 126.244 208.149 268.562 154.864 180.3 81.4241 77.6365 63.0239 92.1357 39.5763
threshold=6.7708333335000015 16.862947500000004 13.538333335000003 0.40095833350000004 0.39697916650000004 0.3635208330000001 -0.25037047035109417 265.95833330000005 8.4831250000000029 0.38312500000000005 0.39506250000000004 0.33835416650000011
decision_type=2 2 2 2 2 2 2 2 2 2 2 2
left_child=-1 2 5 4 -4 8 -7 9 -2 11 -11 -3
right_child=1 7 3 -5 -6 6 -8 -9 -10 10 -12 -13
leaf_value=-0.014972225492820145 0.030345303729176522 -0.0056833776921033866 0.0052399723526254738 -0.017658578527194484 0.033911123355460718 -0.0057876687740047684 0.0017588796155781042 0.010831154023833348 0.0076869102146837022 -0.012057162964334473 0.0044755458658517792 0.011352638860543569
leaf_weight=24 20 25 136 27 43 492 888 33 62 156 43 30
leaf_count=24 20 25 136 27 43 492 888 33 62 156 43 30
internal_value=-3.13327e-11 0.000183802 0.000894412 0.00822346 0.0121275 -0.000138272 -0.000931629 -0.00394615 0.0132133 -0.00586604 -0.00848477 0.00360899
internal_weight=1979 1955 1668 206 179 1462 1380 287 82 254 199 55
internal_count=1979 1955 1668 206 179 1462 1380 287 82 254 199 55
is_linear=0
shrinkage=0.01


Tree=460
num_leaves=15
num_cat=0
split_feature=3 2 5 7 4 5 4 0 5 6 5 7 0 5
split_gain=54.1783 190.352 133.456 163.289 205.193 140.002 125.336 122.621 94.6751 88.8194 61.022 52.2164 108.531 42.6873
threshold=13.738333335000002 14.387291665000001 0.38577083350000002 -0.8910065241883679 0.3623958335000001 0.39245833350000003 0.39356250000000004 16.094899000000002 0.38389583350000006 7.4275000000000011 0.39054166650000005 -0.86159635224327535 19.965436000000004 0.38595833350000003
decision_type=2 2 2 2 2 2 2 2 2 2 2 2 2 2
left_child=2 6 8 9 -5 -6 7 13 11 -4 -11 12 -1 -2
right_child=1 -3 3 4 5 -7 -8 -9 -10 10 -12 -13 -14 -15
leaf_value=0.020359260784462093 -0.0070573428310453891 0.011914135526333537 -0.025049181497097017 0.020619368346837849 -0.010177147910646771 0.0013599592045222806 -0.035845251364633443 -0.021203479847392522 0.026334482665572846 0.0019278846992708651 -0.0084060578811529681 -0.00238824722316602 -0.0077355201877653606 0.012918477071368175
leaf_weight=44 20 42 25 52 115 1232 20 37 28 81 194 46 20 23
leaf_count=44 20 42 25 52 115 1232 20 37 28 81 194 46 20 23
internal_value=9.17852e-12 -0.00595114 0.000460023 -0.000308147 0.00112745 0.00037498 -0.0134546 -0.00785688 0.00991741 -0.00700282 -0.00536224 0.00573852 0.0115796 0.0036274
internal_weight=1979 142 1837 1699 1399 1347 100 80 138 300 275 110 64 43
internal_count=1979 142 1837 1699 1399 1347 100 80 138 300 275 110 64 43
is_linear=0
shrinkage=0.01


Tree=461
num_leaves=15
num_cat=0
split_feature=4 0 2 4 3 0 7 5 6 3 7 5 1 3
split_gain=54.1492 276.589 207.145 198.556 244.175 172.215 368.269 151.512 134.168 331.6 245.407 109.216 96.2681 154.692
threshold=0.40993750000000007 14.153564500000002 11.984166665000002 0.40256250000000005 13.483125000000003 6.9652815000000006 0.93038214053199464 0.41095833350000005 7.7145000000000001 8.8081250000000022 0.56638466991089664 0.41727083350000005 34.541666665000008 10.872708330000002
decision_type=2 2 2 2 2 2 2 2 2 2 2 2 2 2
left_child=3 2 8 11 5 7 -7 -5 9 -2 -10 12 13 -1
right_child=1 -3 -4 4 -6 6 -8 -9 10 -11 -12 -13 -14 -15
leaf_value=0.0040745805794822759 -0.0016773672978270728 -0.033517618519919259 0.028125303582004879 0.011025481869777044 0.039817117151211605 0.0045534902498660604 0.04082998322322965 -0.020471182845178106 0.0098658265176022227 0.038946403446404834 -0.015039457086775754 -0.024211423307657243 2.6041993626419492e-05 -0.027582762740326651
leaf_weight=29 159 28 23 24 22 223 32 42 54 23 148 20 1119 33
leaf_count=29 159 28 23 24 22 223 32 42 54 23 148 20 1119 33
internal_value=-1.59145e-11 -0.00311639 -0.00102491 0.000877999 0.0075883 0.00537947 0.00910583 -0.00901785 -0.00277088 0.00345641 -0.00838161 -0.00103843 -0.000646001 -0.0127753
internal_weight=1979 435 407 1544 343 321 255 66 384 182 202 1201 1181 62
internal_count=1979 435 407 1544 343 321 255 66 384 182 202 1201 1181 62
is_linear=0
shrinkage=0.01


Tree=462
num_leaves=9
num_cat=0
split_feature=5 5 7 0 2 6 3 4
split_gain=53.6609 96.6386 108.58 74.0177 111.776 287.619 225.971 52.5644
threshold=0.42443750000000008 0.42297916650000006 0.8869770585236475 5.2467500000000014 7.8435415915000011 6.1515000000000013 6.9279165045000006 0.39560416650000002
decision_type=2 2 2 2 2 2 2 2
left_child=1 3 -3 7 6 -6 -5 -1
right_child=-2 2 -4 4 5 -7 -8 -9
leaf_value=0.00077314626764167439 0.015900213008835203 -0.025689670897779928 0.00077763702119550398 -0.0032381363846600438 -0.028341821447216177 -8.1623719530542449e-05 0.011026082639401967 -0.019182191969770376
leaf_weight=22 21 31 31 195 37 1351 258 33
leaf_count=22 21 31 31 195 37 1351 258 33
internal_value=-3.42529e-12 -0.000170533 -0.012456 0.000231207 0.000572717 -0.000834958 0.00488586 -0.0112001
internal_weight=1979 1958 62 1896 1841 1388 453 55
internal_count=1979 1958 62 1896 1841 1388 453 55
is_linear=0
shrinkage=0.01


Tree=463
num_leaves=15
num_cat=0
split_feature=4 0 2 4 3 0 7 5 6 3 7 0 3 6
split_gain=53.8032 270.689 203.354 194.082 239.548 158.9 372.873 148.662 132.046 414.836 171.136 106.759 385.925 255.504
threshold=0.40993750000000007 14.153564500000002 11.984166665000002 0.40256250000000005 13.343541665000002 6.9652815000000006 0.93038214053199464 0.41095833350000005 6.9925000000000006 8.3091667085000029 0.56638466991089664 10.621611000000001 7.6060416605000016 7.4275000000000011
decision_type=2 2 2 2 2 2 2 2 2 2 2 2 2 2
left_child=3 2 8 11 5 7 -7 -5 9 -2 -10 -1 -13 -14
right_child=1 -3 -4 4 -6 6 -8 -9 10 -11 -12 12 13 -15
leaf_value=-0.0057836007642884848 -0.0028376307529516709 -0.033181625657847949 0.027844866838144217 0.010910904264698427 0.033562265997752548 0.0037570664587435027 0.040366961602121595 -0.020288185977510045 0.0066532522116142965 0.042802727992335962 -0.012305408327767019 0.036708000199548126 -0.018008471409479778 0.0013392678273520639
leaf_weight=338 117 28 23 24 32 213 32 42 65 24 178 29 75 759
leaf_count=338 117 28 23 24 32 213 32 42 65 24 178 29 75 759
internal_value=3.48812e-12 -0.00310642 -0.00103736 0.000875189 0.00750947 0.0048288 0.00853877 -0.00894306 -0.00276729 0.00493094 -0.00723416 -0.00101953 0.000846351 -0.000400637
internal_weight=1979 435 407 1544 343 311 245 66 384 141 243 1201 863 834
internal_count=1979 435 407 1544 343 311 245 66 384 141 243 1201 863 834
is_linear=0
shrinkage=0.01


Tree=464
num_leaves=13
num_cat=0
split_feature=1 3 2 4 5 7 4 4 4 5 2 5
split_gain=53.4932 56.2379 186.985 125.147 125.121 170.906 195.775 95.8372 93.1442 92.6846 90.7392 86.7853
threshold=6.7708333335000015 13.738333335000002 14.130000000000001 0.39102083350000005 0.38577083350000002 -0.8910065241883679 0.3635208330000001 0.3800208335000001 0.33835416650000011 0.38522916650000005 12.378958335000002 0.39054166650000005
decision_type=2 2 2 2 2 2 2 2 2 2 2 2
left_child=-1 4 3 7 8 11 -7 -3 -2 -4 -10 -6
right_child=1 2 9 -5 5 6 -8 -9 10 -11 -12 -13
leaf_value=-0.014838637405385574 -0.0051433769526192923 -0.021460619963705543 -0.0051851724336544674 -0.037544243957847362 0.0018339481189983285 0.019375510367340056 0.00060295844481619398 0.0036114687448547734 -0.0048625550558790568 0.019471091869617662 0.01878500029488012 -0.010234421447427824
leaf_weight=24 32 30 30 20 82 58 1317 31 20 31 86 218
leaf_count=24 32 30 30 20 82 58 1317 31 20 31 86 218
internal_value=1.78611e-11 0.000182162 -0.00587816 -0.0158364 0.000656827 -9.72205e-05 0.00139482 -0.00871907 0.00980921 0.00734506 0.0143232 -0.00693573
internal_weight=1979 1955 142 81 1813 1675 1375 61 138 61 106 300
internal_count=1979 1955 142 81 1813 1675 1375 61 138 61 106 300
is_linear=0
shrinkage=0.01


Tree=465
num_leaves=9
num_cat=0
split_feature=5 5 7 0 2 3 6 4
split_gain=52.8633 93.3405 106.747 72.0851 111.46 117.984 110.535 51.6857
threshold=0.42443750000000008 0.42297916650000006 0.92050485345244026 5.2467500000000014 6.0414582900000005 7.5664583335000009 6.4755000000000011 0.39560416650000002
decision_type=2 2 2 2 2 2 2 2
left_child=1 3 -3 7 5 -5 -6 -1
right_child=-2 2 -4 4 6 -7 -8 -9
leaf_value=0.00081722117960453039 0.015781592272576833 -0.024948094990104436 0.001308510276178519 0.0044836491598747672 -0.0070770771514661428 0.027707684774483956 0.0008161599683592578 -0.018970610291668865
leaf_weight=22 21 32 30 100 201 28 1512 33
leaf_count=22 21 32 30 100 201 28 1512 33
internal_value=-5.70794e-11 -0.000169261 -0.0122433 0.000225564 0.000562586 0.00956391 -0.000110017 -0.0110555
internal_weight=1979 1958 62 1896 1841 128 1713 55
internal_count=1979 1958 62 1896 1841 128 1713 55
is_linear=0
shrinkage=0.01


Tree=466
num_leaves=13
num_cat=0
split_feature=1 0 2 5 4 4 7 1 3 5 5 4
split_gain=52.5699 55.6355 121.41 205.25 262.771 147.007 174.506 79.5367 75.3087 60.4446 89.9695 37.6092
threshold=6.7708333335000015 16.862947500000004 13.538333335000003 0.40095833350000004 0.39697916650000004 0.3635208330000001 -0.25037047035109417 265.95833330000005 8.4831250000000029 0.38312500000000005 0.39506250000000004 0.33835416650000011
decision_type=2 2 2 2 2 2 2 2 2 2 2 2
left_child=-1 2 5 4 -4 8 -7 9 -2 11 -11 -3
right_child=1 7 3 -5 -6 6 -8 -9 -10 10 -12 -13
leaf_value=-0.014710027206068238 0.029749318376183508 -0.0055631618648767471 0.0051315898733103986 -0.017633469165130346 0.033491915869851445 -0.0056827308324911468 0.0017415732478718736 0.010718755711462687 0.0074331962689757345 -0.011878516084547392 0.0044586834242177562 0.011044099887212118
leaf_weight=24 20 25 136 27 43 492 888 33 62 156 43 30
leaf_count=24 20 25 136 27 43 492 888 33 62 156 43 30
internal_value=3.13386e-11 0.000180583 0.000880337 0.00806769 0.0119444 -0.000132382 -0.000905353 -0.00388628 0.0128762 -0.00578378 -0.00834837 0.00349534
internal_weight=1979 1955 1668 206 179 1462 1380 287 82 254 199 55
internal_count=1979 1955 1668 206 179 1462 1380 287 82 254 199 55
is_linear=0
shrinkage=0.01


Tree=467
num_leaves=15
num_cat=0
split_feature=3 2 5 7 4 5 4 0 5 5 5 7 0 5
split_gain=52.6117 182.397 126.937 156.308 195.031 137.152 120.382 119.624 92.3852 85.2939 103.758 51.0788 104.038 41.5566
threshold=13.738333335000002 14.387291665000001 0.38577083350000002 -0.8910065241883679 0.3623958335000001 0.39245833350000003 0.39356250000000004 16.094899000000002 0.38389583350000006 0.39054166650000005 0.39506250000000004 -0.86159635224327535 19.965436000000004 0.38595833350000003
decision_type=2 2 2 2 2 2 2 2 2 2 2 2 2 2
left_child=2 6 8 9 -5 -6 7 13 11 -4 -11 12 -1 -2
right_child=1 -3 3 4 5 -7 -8 -9 -10 10 -12 -13 -14 -15
leaf_value=0.019921903363005682 -0.0069227070659399039 0.011623543815775997 0.0018481431565838071 0.020111846453868428 -0.010069058452125476 0.0013500285925201517 -0.035153148214332762 -0.020906016069489556 0.025894150819097246 -0.019642307178179424 -0.005119806834385841 -0.0024889717570951452 -0.007585222375579178 0.012786790586036186
leaf_weight=44 20 42 82 52 115 1232 20 37 28 75 143 46 20 23
leaf_count=44 20 42 82 52 115 1232 20 37 28 75 143 46 20 23
internal_value=-5.61664e-12 -0.00586447 0.000453323 -0.000295849 0.00110873 0.000375125 -0.0132094 -0.00772351 0.00967683 -0.00684586 -0.0101161 0.00554879 0.0113259 0.00361958
internal_weight=1979 142 1837 1699 1399 1347 100 80 138 300 218 110 64 43
internal_count=1979 142 1837 1699 1399 1347 100 80 138 300 218 110 64 43
is_linear=0
shrinkage=0.01


Tree=468
num_leaves=15
num_cat=0
split_feature=4 0 2 4 3 0 7 5 6 3 7 5 1 3
split_gain=52.6618 261.94 199.353 190.009 236.124 166.14 351.933 145.791 129.297 319.764 236.818 105.305 94.5709 150.707
threshold=0.40993750000000007 14.153564500000002 11.984166665000002 0.40256250000000005 13.483125000000003 6.9652815000000006 0.93038214053199464 0.41095833350000005 7.7145000000000001 8.8081250000000022 0.56638466991089664 0.41727083350000005 34.541666665000008 10.872708330000002
decision_type=2 2 2 2 2 2 2 2 2 2 2 2 2 2
left_child=3 2 8 11 5 7 -7 -5 9 -2 -10 12 13 -1
right_child=1 -3 -4 4 -6 6 -8 -9 10 -11 -12 -13 -14 -15
leaf_value=0.0039859658916448727 -0.0016788803898500945 -0.032658499649592811 0.027558732188266256 0.010778284302602213 0.039123206423087552 0.0044678591908427637 0.039930618200451136 -0.020118048985799157 0.0096665465883496744 0.038213304255319679 -0.014799008987390914 -0.023763177156448365 4.2555525562275694e-05 -0.027260904734333357
leaf_weight=29 159 28 23 24 22 223 32 42 54 23 148 20 1119 33
leaf_count=29 159 28 23 24 22 223 32 42 54 23 148 20 1119 33
internal_value=-7.37552e-12 -0.00307329 -0.00103795 0.000865857 0.00743016 0.00525805 0.00891809 -0.00888302 -0.00275077 0.00336244 -0.00825871 -0.00100888 -0.000623537 -0.0126454
internal_weight=1979 435 407 1544 343 321 255 66 384 182 202 1201 1181 62
internal_count=1979 435 407 1544 343 321 255 66 384 182 202 1201 1181 62
is_linear=0
shrinkage=0.01


Tree=469
num_leaves=9
num_cat=0
split_feature=5 5 7 0 2 5 3 4
split_gain=51.7176 90.7342 105.163 70.599 109.194 285.72 217.726 50.334
threshold=0.42443750000000008 0.42297916650000006 0.8869770585236475 5.2467500000000014 7.8435415915000011 0.41193750000000001 6.9279165045000006 0.39560416650000002
decision_type=2 2 2 2 2 2 2 2
left_child=1 3 -3 7 6 -6 -5 -1
right_child=-2 2 -4 4 5 -7 -8 -9
leaf_value=0.00077412256463007493 0.015609648511523293 -0.025095403675110109 0.00095204487202628959 -0.0031559943977313549 -0.0020163764096456224 0.016602440261366695 0.010845586421444666 -0.018753241743102219
leaf_weight=22 21 31 31 195 1300 88 258 33
leaf_count=22 21 31 31 195 1300 88 258 33
internal_value=7.26728e-12 -0.000167417 -0.0120717 0.000221857 0.000555387 -0.000835933 0.00481842 -0.0109423
internal_weight=1979 1958 62 1896 1841 1388 453 55
internal_count=1979 1958 62 1896 1841 1388 453 55
is_linear=0
shrinkage=0.01


Tree=470
num_leaves=15
num_cat=0
split_feature=4 0 2 4 3 0 7 5 6 3 7 0 3 2
split_gain=52.4826 255.928 196.06 184.839 231.975 162.735 344.012 143.048 127.447 398.885 164.299 104.459 379.559 244.62
threshold=0.40993750000000007 14.153564500000002 11.984166665000002 0.40256250000000005 13.483125000000003 6.9652815000000006 0.93038214053199464 0.41095833350000005 6.9925000000000006 8.3091667085000029 0.56638466991089664 10.621611000000001 7.7060416665000009 7.6091666355000012
decision_type=2 2 2 2 2 2 2 2 2 2 2 2 2 2
left_child=3 2 8 11 5 7 -7 -5 9 -2 -10 13 -13 -1
right_child=1 -3 -4 4 -6 6 -8 -9 10 -11 -12 12 -14 -15
leaf_value=0.0023684890071202194 -0.0028095980899201503 -0.032311751086797035 0.027303308507670529 0.010665877467642229 0.038752137686718598 0.0044083011377552698 0.03946971071884036 -0.019938486204260874 0.0064639527144340373 0.041944687515497209 -0.012112133602161757 0.034656567315105351 -0.00044039374751696719 -0.014670133321691536
leaf_weight=178 117 28 23 24 22 223 32 42 65 24 178 32 831 160
leaf_count=178 117 28 23 24 22 223 32 42 65 24 178 32 831 160
internal_value=-1.995e-11 -0.00306806 -0.00105621 0.000864382 0.00733876 0.00518581 0.00880816 -0.00880963 -0.00275483 0.00480815 -0.00714322 -0.000984669 0.000861 -0.00569713
internal_weight=1979 435 407 1544 343 321 255 66 384 141 243 1201 863 338
internal_count=1979 435 407 1544 343 321 255 66 384 141 243 1201 863 338
is_linear=0
shrinkage=0.01


Tree=471
num_leaves=13
num_cat=0
split_feature=1 3 2 5 7 4 4 4 5 5 6 7
split_gain=51.7295 53.9802 179.394 120.012 162.49 186.448 119.629 92.7512 90.4403 90.3173 84.6177 49.9583
threshold=6.7708333335000015 13.738333335000002 14.130000000000001 0.38577083350000002 -0.8910065241883679 0.3623958335000001 0.39102083350000005 0.3800208335000001 0.38389583350000006 0.38522916650000005 7.4275000000000011 -0.86159635224327535
decision_type=2 2 2 2 2 2 2 2 2 2 2 2
left_child=-1 3 6 8 10 -6 7 -3 11 -4 -5 -2
right_child=1 2 9 4 5 -7 -8 -9 -10 -11 -12 -13
leaf_value=-0.014591967351346586 0.011236809482215905 -0.021088352968295414 -0.0051754435151815416 -0.024376670050621035 0.019934548896092634 0.00063047585169580939 -0.036736248444765807 0.0035767688337833654 0.025653448445456372 0.019163899195771064 -0.0051610288501801813 -0.0024257262314305358
leaf_weight=24 64 30 30 25 52 1323 20 31 28 31 275 46
leaf_count=24 64 30 30 25 52 1323 20 31 28 31 275 46
internal_value=-2.47684e-12 0.000179134 -0.0057583 0.000644173 -9.43186e-05 0.00136052 -0.0155123 -0.00855362 0.00960775 0.00719373 -0.00676233 0.00552339
internal_weight=1979 1955 142 1813 1675 1375 81 61 138 61 300 110
internal_count=1979 1955 142 1813 1675 1375 81 61 138 61 300 110
is_linear=0
shrinkage=0.01


Tree=472
num_leaves=15
num_cat=0
split_feature=4 0 2 4 3 0 7 5 6 3 7 5 1 3
split_gain=51.194 249.222 192.283 181.321 228.035 149.902 349.61 140.261 125.023 308.426 228.265 102.893 92.0605 146.702
threshold=0.40993750000000007 14.153564500000002 11.984166665000002 0.40256250000000005 13.343541665000002 6.9652815000000006 0.93038214053199464 0.41095833350000005 7.7145000000000001 8.8081250000000022 0.56638466991089664 0.41727083350000005 34.541666665000008 10.872708330000002
decision_type=2 2 2 2 2 2 2 2 2 2 2 2 2 2
left_child=3 2 8 11 5 7 -7 -5 9 -2 -10 12 13 -1
right_child=1 -3 -4 4 -6 6 -8 -9 10 -11 -12 -13 -14 -15
leaf_value=0.0039508974950375232 -0.0016668323019765458 -0.031888176240026954 0.027040217492891396 0.010559256821870804 0.032685227383626628 0.0036239645388764399 0.039073465596884488 -0.019745406221066204 0.0094554189385639299 0.037511734107266305 -0.014564267745887706 -0.023469787672162058 6.0424823275653558e-05 -0.026878000439116447
leaf_weight=29 159 28 23 24 32 213 32 42 54 23 148 20 1119 33
leaf_count=29 159 28 23 24 32 213 32 42 54 23 148 20 1119 33
internal_value=-1.33278e-11 -0.00303016 -0.00104484 0.000853704 0.00726617 0.00465071 0.0082541 -0.00872553 -0.00272702 0.00328431 -0.00814316 -0.000977667 -0.000596768 -0.012458
internal_weight=1979 435 407 1544 343 311 245 66 384 182 202 1201 1181 62
internal_count=1979 435 407 1544 343 311 245 66 384 182 202 1201 1181 62
is_linear=0
shrinkage=0.01


Tree=473
num_leaves=9
num_cat=0
split_feature=5 5 7 0 2 3 0 4
split_gain=51.0577 86.5191 103.765 68.9322 107.938 116.321 108.017 48.9147
threshold=0.42443750000000008 0.42297916650000006 0.8869770585236475 5.2467500000000014 6.079999968500001 7.5060416665000007 6.5161905000000013 0.39560416650000002
decision_type=2 2 2 2 2 2 2 2
left_child=1 3 -3 7 5 -5 -6 -1
right_child=-2 2 -4 4 6 -7 -8 -9
leaf_value=0.00073225067420439288 0.015509730407169886 -0.024727694310488237 0.0011460694310165222 0.0038599059687429433 -0.012484993771375979 0.025485306951132686 0.00037731467057643548 -0.018517828764337482
leaf_weight=22 21 31 31 101 68 33 1639 33
leaf_count=22 21 31 31 101 68 33 1639 33
internal_value=-3.34775e-11 -0.000166345 -0.0117908 0.00021378 0.000543349 0.00918556 -0.000135068 -0.0108178
internal_weight=1979 1958 62 1896 1841 134 1707 55
internal_count=1979 1958 62 1896 1841 134 1707 55
is_linear=0
shrinkage=0.01


Tree=474
num_leaves=11
num_cat=0
split_feature=0 4 6 3 3 5 7 3 7 3
split_gain=50.8528 67.9605 65.6434 147.41 307.707 228.636 77.9032 50.2351 47.4242 36.4474
threshold=18.437024500000003 0.34135416700000004 12.904000000000002 12.767500000000002 13.738333335000002 0.38595833350000003 -0.78257835753184624 11.348750000000001 -0.47714059151611371 12.700833335000002
decision_type=2 2 2 2 2 2 2 2 2 2
left_child=1 -1 3 5 -5 -3 -4 -2 -8 -9
right_child=7 2 6 4 -6 -7 8 9 -10 -11
leaf_value=0.013973465520474647 0.0062842860276048828 0.020863126631205282 0.012034143596887589 0.016244534999600747 -0.0061437187757343061 -0.0013350964151929606 -0.016658921345849249 -0.01780007661173218 -0.0041934166306715559 -0.0039498538607241288
leaf_weight=36 22 48 20 159 100 1391 51 38 76 38
leaf_count=36 22 48 20 159 100 1391 51 38 76 38
internal_value=3.27878e-11 0.000365892 0.000100379 0.000655371 0.00760042 -0.000594641 -0.00631035 -0.00702289 -0.00919925 -0.010875
internal_weight=1979 1881 1845 1698 259 1439 147 98 127 76
internal_count=1979 1881 1845 1698 259 1439 147 98 127 76
is_linear=0
shrinkage=0.01


Tree=475
num_leaves=12
num_cat=0
split_feature=1 4 6 3 3 2 5 6 3 3 7
split_gain=50.1684 53.8179 149.477 237.703 182.858 125.94 294.22 226.104 149.182 177.269 120.348
threshold=6.7708333335000015 0.37552083350000004 6.4475000000000007 8.2643750000000029 7.8674999250000015 13.561250000000003 0.40122916700000005 13.114000000000003 13.800833335000002 13.410208335000002 -0.6755644832106783
decision_type=2 2 2 2 2 2 2 2 2 2 2
left_child=-1 2 -2 4 -4 8 7 -7 9 -3 -5
right_child=1 5 3 10 -6 6 -8 -9 -10 -11 -12
leaf_value=-0.014370103723679979 -0.024339910532425468 -0.00045755502457952522 -0.00051580619066953664 -0.0010051441953556652 0.041262943961403585 0.017628151937746084 -0.027954764649981544 -0.005078694977354809 -0.025965516821227292 0.019350783821750196 -0.014877315672430476
leaf_weight=24 30 1166 20 333 22 156 21 61 22 47 77
leaf_count=24 30 1166 20 333 22 156 21 61 22 47 77
internal_value=3.84444e-11 0.000176411 -0.00272406 -0.00128938 0.0213683 0.00112551 0.00778631 0.0112451 -0.000158108 0.000309957 -0.00361041
internal_weight=1979 1955 482 452 42 1473 238 217 1235 1213 410
internal_count=1979 1955 482 452 42 1473 238 217 1235 1213 410
is_linear=0
shrinkage=0.01


Tree=476
num_leaves=9
num_cat=0
split_feature=5 5 7 0 2 5 3 5
split_gain=50.1585 84.4646 101.771 67.327 108.153 280.594 211.57 48.6168
threshold=0.42443750000000008 0.42297916650000006 0.8869770585236475 5.2467500000000014 7.8435415915000011 0.41193750000000001 6.9279165045000006 0.41495833350000005
decision_type=2 2 2 2 2 2 2 2
left_child=1 3 -3 7 6 -6 -5 -1
right_child=-2 2 -4 4 5 -7 -8 -9
leaf_value=-0.0033027241466676489 0.01537255965528034 -0.024462490673026731 0.0011615111366395027 -0.0030817843848027484 -0.0020180582769967329 0.016432983079840514 0.010720423116500295 -0.022654701073964438
leaf_weight=34 21 31 31 195 1300 88 258 21
leaf_count=34 21 31 31 195 1300 88 258 21
internal_value=1.79064e-12 -0.000164874 -0.0116505 0.00021071 0.000536419 -0.000848252 0.00477908 -0.0106917
internal_weight=1979 1958 62 1896 1841 1388 453 55
internal_count=1979 1958 62 1896 1841 1388 453 55
is_linear=0
shrinkage=0.01


Tree=477
num_leaves=15
num_cat=0
split_feature=4 0 2 4 3 0 7 5 6 3 7 0 3 2
split_gain=50.4036 242.082 186.575 175.754 222.35 155.708 330.327 137.401 123.102 383.99 156.337 100.424 372.709 239.269
threshold=0.40993750000000007 14.153564500000002 11.984166665000002 0.40256250000000005 13.483125000000003 6.9652815000000006 0.93038214053199464 0.41095833350000005 6.9925000000000006 8.3091667085000029 0.56638466991089664 10.621611000000001 7.7060416665000009 7.6091666355000012
decision_type=2 2 2 2 2 2 2 2 2 2 2 2 2 2
left_child=3 2 8 11 5 7 -7 -5 9 -2 -10 13 -13 -1
right_child=1 -3 -4 4 -6 6 -8 -9 10 -11 -12 12 -14 -15
leaf_value=0.0024004118293105216 -0.0027482418900626336 -0.03144834118230002 0.026615001637002696 0.010449809301644564 0.037915091697465292 0.0042843516759006432 0.038641315866261725 -0.019544352548463005 0.0062534049267952262 0.041162490298350653 -0.011866986232108615 0.034342928633559498 -0.0004358708498344973 -0.014450813930510776
leaf_weight=178 117 28 23 24 22 223 32 42 65 24 178 32 831 160
leaf_count=178 117 28 23 24 22 223 32 42 65 24 178 32 831 160
internal_value=1.66123e-12 -0.00300668 -0.00105 0.000847089 0.00716034 0.00505254 0.00859581 -0.00863738 -0.00270702 0.00472593 -0.00701997 -0.000955947 0.000853725 -0.0055765
internal_weight=1979 435 407 1544 343 321 255 66 384 141 243 1201 863 338
internal_count=1979 435 407 1544 343 321 255 66 384 141 243 1201 863 338
is_linear=0
shrinkage=0.01


Tree=478
num_leaves=9
num_cat=0
split_feature=1 0 4 6 3 7 3 3
split_gain=49.6481 51.8938 65.3469 65.4431 133.579 76.1544 49.2247 35.7413
threshold=6.7708333335000015 18.437024500000003 0.34135416700000004 12.904000000000002 12.767500000000002 -0.78257835753184624 11.348750000000001 12.700833335000002
decision_type=2 2 2 2 2 2 2 2
left_child=-1 2 -2 4 -4 -5 -3 -8
right_child=1 6 3 5 -6 -7 7 -9
leaf_value=-0.014295391937096913 0.013891441548864047 0.0062560336901382966 -0.00036335731677424445 0.011958622753620148 0.0074470040230188361 -0.0090579237920045859 -0.01758748518321418 -0.0038720921838754103
leaf_weight=24 36 22 1417 20 259 125 38 38
leaf_count=24 36 22 1417 20 259 125 38 38
internal_value=-2.18948e-12 0.000175493 0.000549769 0.000286012 0.000843614 -0.00615909 -0.00691664 -0.0107298
internal_weight=1979 1955 1857 1821 1676 145 98 76
internal_count=1979 1955 1857 1821 1676 145 98 76
is_linear=0
shrinkage=0.01


Tree=479
num_leaves=9
num_cat=0
split_feature=5 5 7 0 2 5 3 4
split_gain=49.4741 81.4102 100.078 66.045 106.266 275.345 206.885 47.5907
threshold=0.42443750000000008 0.42297916650000006 0.92050485345244026 5.2467500000000014 7.8435415915000011 0.41193750000000001 6.9279165045000006 0.39560416650000002
decision_type=2 2 2 2 2 2 2 2
left_child=1 3 -3 7 6 -6 -5 -1
right_child=-2 2 -4 4 5 -7 -8 -9
leaf_value=0.00079957242039116949 0.015267319196746463 -0.023741335393860936 0.0016818858335415523 -0.0030402918891169325 -0.0020037699768176444 0.016273869687098673 0.010608255353489124 -0.018188201965707723
leaf_weight=22 21 32 30 195 1300 88 258 33
leaf_count=22 21 32 30 195 1300 88 258 33
internal_value=-3.34128e-13 -0.000163746 -0.0114398 0.000204985 0.000527579 -0.000844957 0.00473305 -0.0105931
internal_weight=1979 1958 62 1896 1841 1388 453 55
internal_count=1979 1958 62 1896 1841 1388 453 55
is_linear=0
shrinkage=0.01


Tree=480
num_leaves=15
num_cat=0
split_feature=4 0 2 4 3 0 7 5 6 3 3 7 5 3
split_gain=50.0944 236.891 182.529 170.827 217.648 152.408 323.137 134.87 121.086 295.781 222.641 99.1914 174.759 136.887
threshold=0.40993750000000007 14.153564500000002 11.984166665000002 0.40256250000000005 13.483125000000003 6.9652815000000006 0.93038214053199464 0.41095833350000005 7.7145000000000001 8.8081250000000022 7.5060416665000007 0.79332313182700753 0.40895833350000005 10.677916665000001
decision_type=2 2 2 2 2 2 2 2 2 2 2 2 2 2
left_child=3 2 8 11 5 7 -7 -5 9 -2 -10 -1 13 -13
right_child=1 -3 -4 4 -6 6 -8 -9 10 -11 -12 12 -14 -15
leaf_value=-0.00022904689551149442 -0.0016334904992730361 -0.031132502438766616 0.026301595750062363 0.010349717661738396 0.037496513419530614 0.0042244814373051639 0.038205448724329474 -0.019366920448484874 0.017610960055528015 0.03673354071119557 -0.012329353356055615 0.017162557715042073 -0.033039128596966089 -0.018985058568418027
leaf_weight=1133 159 28 23 24 22 223 32 42 29 23 173 22 26 20
leaf_count=1133 159 28 23 24 22 223 32 42 29 23 173 22 26 20
internal_value=-2.95538e-12 -0.00299744 -0.00106186 0.000844487 0.00706863 0.00498323 0.00848876 -0.00856087 -0.00270082 0.00321509 -0.00803099 -0.000933099 -0.0126639 -5.05929e-05
internal_weight=1979 435 407 1544 343 321 255 66 384 182 202 1201 68 42
internal_count=1979 435 407 1544 343 321 255 66 384 182 202 1201 68 42
is_linear=0
shrinkage=0.01


Tree=481
num_leaves=15
num_cat=0
split_feature=4 0 2 4 3 0 7 5 6 3 7 0 3 6
split_gain=49.0975 232.177 178.897 167.428 213.317 149.376 316.706 132.186 119.187 370.973 151.35 97.8809 365.752 245.523
threshold=0.40993750000000007 14.153564500000002 11.984166665000002 0.40256250000000005 13.483125000000003 6.9652815000000006 0.93038214053199464 0.41095833350000005 6.9925000000000006 8.3091667085000029 0.56638466991089664 10.621611000000001 7.6060416605000016 7.4275000000000011
decision_type=2 2 2 2 2 2 2 2 2 2 2 2 2 2
left_child=3 2 8 11 5 7 -7 -5 9 -2 -10 -1 -13 -14
right_child=1 -3 -4 4 -6 6 -8 -9 10 -11 -12 12 13 -15
leaf_value=-0.005485445963433728 -0.0027064144948863579 -0.030821176980222974 0.02603857934474945 0.010246220448364814 0.037121547907590868 0.0041822365116779047 0.037823394816368816 -0.019173251475606647 0.0061423512811844159 0.040453637192646663 -0.011686698364700829 0.035774620535044835 -0.017611613935232164 0.0013544688629273606
leaf_weight=338 117 28 23 24 22 223 32 42 65 24 178 29 75 759
leaf_count=338 117 28 23 24 22 223 32 42 65 24 178 29 75 759
internal_value=-3.47446e-11 -0.00296747 -0.00105124 0.000836042 0.00699794 0.0049334 0.00840387 -0.00847526 -0.00267381 0.00463998 -0.00691761 -0.000923768 0.000862845 -0.000351114
internal_weight=1979 435 407 1544 343 321 255 66 384 141 243 1201 863 834
internal_count=1979 435 407 1544 343 321 255 66 384 141 243 1201 863 834
is_linear=0
shrinkage=0.01


Tree=482
num_leaves=9
num_cat=0
split_feature=5 5 7 0 2 3 6 4
split_gain=48.8786 77.736 98.7286 63.4077 106.109 105.31 103.513 46.3762
threshold=0.42443750000000008 0.42297916650000006 0.8869770585236475 5.2467500000000014 6.0414582900000005 7.5060416665000007 6.4755000000000011 0.39560416650000002
decision_type=2 2 2 2 2 2 2 2
left_child=1 3 -3 7 5 -5 -6 -1
right_child=-2 2 -4 4 6 -7 -8 -9
leaf_value=0.00086363543163646352 0.015175150661241442 -0.023800417280966237 0.0014376200507244757 0.0041684996912774355 -0.0068847292865538484 0.025341093222941122 0.00075365781503182558 -0.017880300798199394
leaf_weight=22 21 31 31 97 201 31 1512 33
leaf_count=22 21 31 31 97 201 31 1512 33
internal_value=-5.42699e-11 -0.000162757 -0.0111814 0.000197557 0.000513644 0.00929624 -0.000142615 -0.0103827
internal_weight=1979 1958 62 1896 1841 128 1713 55
internal_count=1979 1958 62 1896 1841 128 1713 55
is_linear=0
shrinkage=0.01


Tree=483
num_leaves=13
num_cat=0
split_feature=1 0 2 5 4 4 7 1 3 5 5 4
split_gain=48.9071 50.9695 114.171 203.739 252.027 139.538 164.02 76.9906 72.7213 57.9187 84.5887 36.0669
threshold=6.7708333335000015 16.862947500000004 13.538333335000003 0.40095833350000004 0.38322916650000005 0.3635208330000001 -0.25037047035109417 265.95833330000005 8.4831250000000029 0.38312500000000005 0.39506250000000004 0.33835416650000011
decision_type=2 2 2 2 2 2 2 2 2 2 2 2
left_child=-1 2 5 4 -4 8 -7 9 -2 11 -11 -3
right_child=1 7 3 -5 -6 6 -8 -9 -10 10 -12 -13
leaf_value=-0.014188317758962512 0.029116401836276055 -0.0053729367487132555 -0.00066310938317761859 -0.017792644111646546 0.023086637321018403 -0.0055228128532473966 0.0016749749754173765 0.010650958607368397 0.0071869918001034577 -0.011518682860411132 0.0043224487367064454 0.010890227456887563
leaf_weight=24 20 25 86 27 93 492 888 33 62 156 43 30
leaf_count=24 20 25 86 27 93 492 888 33 62 156 43 30
internal_value=1.91323e-11 0.000174179 0.000843947 0.00781373 0.0116761 -0.000138115 -0.000891193 -0.00371841 0.0125356 -0.0055853 -0.00809572 0.00349788
internal_weight=1979 1955 1668 206 179 1462 1380 287 82 254 199 55
internal_count=1979 1955 1668 206 179 1462 1380 287 82 254 199 55
is_linear=0
shrinkage=0.01


Tree=484
num_leaves=15
num_cat=0
split_feature=4 0 2 4 3 0 7 5 6 3 3 5 1 3
split_gain=48.2207 227.482 175.064 164.064 209.014 137.8 321.385 129.579 116.688 286.299 216.593 96.722 87.8225 140.88
threshold=0.40993750000000007 14.153564500000002 11.984166665000002 0.40256250000000005 13.343541665000002 6.9652815000000006 0.93038214053199464 0.41095833350000005 7.7145000000000001 8.8081250000000022 7.5060416665000007 0.41727083350000005 34.541666665000008 10.872708330000002
decision_type=2 2 2 2 2 2 2 2 2 2 2 2 2 2
left_child=3 2 8 11 5 7 -7 -5 9 -2 -10 12 13 -1
right_child=1 -3 -4 4 -6 6 -8 -9 10 -11 -12 -13 -14 -15
leaf_value=0.0039507900679419785 -0.001611955353299027 -0.030511480016367779 0.025753907535387123 0.01013518304253618 0.031264062367845326 0.0034397888431946439 0.037428218871355057 -0.018992667489108585 0.017409628209625851 0.036135116323180824 -0.012121235254312182 -0.022720755547285081 9.7690817941199927e-05 -0.026260149113156578
leaf_weight=29 159 28 23 24 32 213 32 42 29 23 173 20 1119 33
leaf_count=29 159 28 23 24 32 213 32 42 29 23 173 20 1119 33
internal_value=6.82021e-12 -0.00294085 -0.0010441 0.000828542 0.00692822 0.00442421 0.00787909 -0.00840072 -0.00264919 0.00315828 -0.00788166 -0.000913498 -0.000544196 -0.0121292
internal_weight=1979 435 407 1544 343 311 245 66 384 182 202 1201 1181 62
internal_count=1979 435 407 1544 343 311 245 66 384 182 202 1201 1181 62
is_linear=0
shrinkage=0.01


Tree=485
num_leaves=9
num_cat=0
split_feature=5 5 7 0 2 6 3 4
split_gain=47.9019 75.5396 97.2235 61.9486 103.894 272.331 197.306 45.1939
threshold=0.42443750000000008 0.42297916650000006 0.8869770585236475 5.2467500000000014 7.8435415915000011 6.1515000000000013 6.9279165045000006 0.39491666650000007
decision_type=2 2 2 2 2 2 2 2
left_child=1 3 -3 7 6 -6 -5 -1
right_child=-2 2 -4 4 5 -7 -8 -9
leaf_value=0.0017278333827853204 0.015022768718855722 -0.023545448510877549 0.001499476393143977 -0.0029264885808030767 -0.027616477498935685 -0.00011759917275031558 0.010402349621028633 -0.017116129377058573
leaf_weight=20 21 31 31 195 37 1351 258 35
leaf_count=20 21 31 31 195 37 1351 258 35
internal_value=-3.73788e-11 -0.000161123 -0.011023 0.000194065 0.000506494 -0.000850638 0.00466477 -0.0102638
internal_weight=1979 1958 62 1896 1841 1388 453 55
internal_count=1979 1958 62 1896 1841 1388 453 55
is_linear=0
shrinkage=0.01


Tree=486
num_leaves=13
num_cat=0
split_feature=1 3 2 5 7 4 4 0 5 5 7 4
split_gain=48.0747 50.6686 172.008 115.653 155.577 180.363 113.453 115.925 87.4063 83.3447 49.6443 38.7586
threshold=6.7708333335000015 13.738333335000002 14.387291665000001 0.38577083350000002 -0.8910065241883679 0.3623958335000001 0.39356250000000004 16.094899000000002 0.38389583350000006 0.39054166650000005 -0.86159635224327535 0.3800208335000001
decision_type=2 2 2 2 2 2 2 2 2 2 2 2
left_child=-1 3 6 8 9 -6 7 -3 10 -5 -2 -4
right_child=1 2 11 4 5 -7 -8 -9 -10 -11 -12 -13
leaf_value=-0.014067048321788509 0.01110267748561455 0.0037796243418787802 0.0017965302580878848 0.0019677474003046659 0.019590226119527449 0.00060380595126587023 -0.034015323273837564 -0.020363817537153089 0.025196774857384818 -0.0098589767484900063 -0.0025168493726169285 0.021009265617245722
leaf_weight=24 64 43 21 82 52 1323 20 37 28 218 46 21
leaf_count=24 64 43 21 82 52 1323 20 37 28 218 46 21
internal_value=2.89785e-11 0.00017269 -0.00557973 0.000623238 -0.000101716 0.00132184 -0.0127124 -0.00738672 0.00942251 -0.00662634 0.00540724 0.0114029
internal_weight=1979 1955 142 1813 1675 1375 100 80 138 300 110 42
internal_count=1979 1955 142 1813 1675 1375 100 80 138 300 110 42
is_linear=0
shrinkage=0.01


Tree=487
num_leaves=11
num_cat=0
split_feature=0 4 6 3 3 5 7 3 7 3
split_gain=47.8236 64.2339 61.7563 132.961 286.165 220.483 73.8857 48.4271 45.6174 35.2987
threshold=18.437024500000003 0.34135416700000004 12.904000000000002 12.767500000000002 13.738333335000002 0.38595833350000003 -0.78257835753184624 11.348750000000001 -0.47714059151611371 12.700833335000002
decision_type=2 2 2 2 2 2 2 2 2 2
left_child=1 -1 3 5 -5 -3 -4 -2 -8 -9
right_child=7 2 6 4 -6 -7 8 9 -10 -11
leaf_value=0.013584063574671746 0.0062550074674866422 0.020519558595260605 0.01174389199540019 0.015566929487406083 -0.0060234027937054639 -0.0012792960410947041 -0.016250944461892635 -0.01740773717603205 -0.0040252051355415272 -0.0037775258317981897
leaf_weight=36 22 48 20 159 100 1391 51 38 76 38
leaf_count=36 22 48 20 159 100 1391 51 38 76 38
internal_value=3.49987e-11 0.000354827 9.66957e-05 0.000635006 0.00723089 -0.000552163 -0.00612133 -0.00681051 -0.00893475 -0.0105926
internal_weight=1979 1881 1845 1698 259 1439 147 98 127 76
internal_count=1979 1881 1845 1698 259 1439 147 98 127 76
is_linear=0
shrinkage=0.01


Tree=488
num_leaves=15
num_cat=0
split_feature=4 0 2 4 3 0 7 5 6 3 7 7 5 3
split_gain=47.7448 220.751 170.245 160.234 204.359 143.801 303.041 127.185 115.294 356.968 146.357 94.7121 168.212 131.872
threshold=0.40993750000000007 14.153564500000002 11.984166665000002 0.40256250000000005 13.483125000000003 6.9652815000000006 0.93038214053199464 0.41095833350000005 6.9925000000000006 8.3091667085000029 0.56638466991089664 0.79332313182700753 0.40895833350000005 10.677916665000001
decision_type=2 2 2 2 2 2 2 2 2 2 2 2 2 2
left_child=3 2 8 11 5 7 -7 -5 9 -2 -10 -1 13 -13
right_child=1 -3 -4 4 -6 6 -8 -9 10 -11 -12 12 -14 -15
leaf_value=-0.00020917290312444359 -0.0026536971381586846 -0.030085968290056501 0.025368793477182804 0.010039599065979321 0.036336831409822808 0.0041073303950340759 0.03701471043750644 -0.018817936451662156 0.0060281041379158318 0.039683874299128855 -0.011504350002603921 0.016909654021940449 -0.032349908902094916 -0.018569634720683098
leaf_weight=1133 117 28 23 24 22 223 32 42 65 24 178 22 26 20
leaf_count=1133 117 28 23 24 22 223 32 42 65 24 178 22 26 20
internal_value=-3.15986e-11 -0.0029263 -0.00105783 0.000824444 0.00685252 0.00483178 0.00823688 -0.00832429 -0.00264067 0.0045527 -0.0068146 -0.000897145 -0.01236 1.47546e-05
internal_weight=1979 435 407 1544 343 321 255 66 384 141 243 1201 68 42
internal_count=1979 435 407 1544 343 321 255 66 384 141 243 1201 68 42
is_linear=0
shrinkage=0.01


Tree=489
num_leaves=9
num_cat=0
split_feature=5 5 7 0 2 3 6 4
split_gain=47.2658 72.7283 95.5819 59.7953 103.27 100.923 98.9835 43.9088
threshold=0.42443750000000008 0.42297916650000006 0.92050485345244026 5.2467500000000014 6.0414582900000005 7.5060416665000007 6.4755000000000011 0.39560416650000002
decision_type=2 2 2 2 2 2 2 2
left_child=1 3 -3 7 5 -5 -6 -1
right_child=-2 2 -4 4 6 -7 -8 -9
leaf_value=0.0008570782840251923 0.014922691384951274 -0.022839906746521591 0.0020056175881375867 0.0041399509470295354 -0.0067449657243227037 0.02486679251155546 0.00072444130353495318 -0.017381415547746602
leaf_weight=22 21 32 30 97 201 31 1512 33
leaf_count=22 21 32 30 97 201 31 1512 33
internal_value=-5.00839e-12 -0.000160049 -0.0108179 0.000188466 0.000495417 0.00915973 -0.000152004 -0.010086
internal_weight=1979 1958 62 1896 1841 128 1713 55
internal_count=1979 1958 62 1896 1841 128 1713 55
is_linear=0
shrinkage=0.01


Tree=490
num_leaves=11
num_cat=0
split_feature=0 4 6 3 3 5 7 3 7 3
split_gain=46.9436 62.9036 60.6686 128.319 277.993 215.781 72.4289 47.4634 44.7278 34.5963
threshold=18.437024500000003 0.34135416700000004 12.904000000000002 12.767500000000002 13.738333335000002 0.38595833350000003 -0.78257835753184624 11.348750000000001 -0.47714059151611371 12.700833335000002
decision_type=2 2 2 2 2 2 2 2 2 2
left_child=1 -1 3 5 -5 -3 -4 -2 -8 -9
right_child=7 2 6 4 -6 -7 8 9 -10 -11
leaf_value=0.013443070294128523 0.0061873046308755873 0.020309210282478795 0.011621300391852855 0.015325533330979401 -0.0059542869735509157 -0.0012559493908094205 -0.016096973186906647 -0.017238812431889145 -0.0039910256073467047 -0.0037449032989771741
leaf_weight=36 22 48 20 159 100 1391 51 38 76 38
leaf_count=36 22 48 20 159 100 1391 51 38 76 38
internal_value=2.88303e-11 0.000351547 9.6103e-05 0.000629651 0.00710939 -0.000536611 -0.00606692 -0.00674756 -0.00885247 -0.0104919
internal_weight=1979 1881 1845 1698 259 1439 147 98 127 76
internal_count=1979 1881 1845 1698 259 1439 147 98 127 76
is_linear=0
shrinkage=0.01


Tree=491
num_leaves=15
num_cat=0
split_feature=4 0 2 4 3 0 7 5 6 3 3 7 5 3
split_gain=46.8087 216.049 165.062 156.962 198.62 140.737 297.094 124.618 113.248 276.026 210.525 92.3469 164.082 129.185
threshold=0.40993750000000007 14.153564500000002 11.984166665000002 0.40256250000000005 13.483125000000003 6.9652815000000006 0.93038214053199464 0.41095833350000005 7.7145000000000001 8.8081250000000022 7.5060416665000007 0.79332313182700753 0.40895833350000005 10.677916665000001
decision_type=2 2 2 2 2 2 2 2 2 2 2 2 2 2
left_child=3 2 8 11 5 7 -7 -5 9 -2 -10 -1 13 -13
right_child=1 -3 -4 4 -6 6 -8 -9 10 -11 -12 12 -14 -15
leaf_value=-0.0002082696667973475 -0.001570200354516881 -0.029766369462013244 0.024972257173579673 0.0099528204711774992 0.035849868665364652 0.004070170598058657 0.036653067590668796 -0.01861204458134515 0.017172114411690111 0.03549345278221628 -0.011942101417680007 0.016737385659732602 -0.031949403836176941 -0.018378623291850089
leaf_weight=1133 159 28 23 24 22 223 32 42 29 23 173 22 26 20
leaf_count=1133 159 28 23 24 22 223 32 42 29 23 173 22 26 20
internal_value=1.14262e-11 -0.00289747 -0.001049 0.000816322 0.00678252 0.00479037 0.008159 -0.00822482 -0.00260756 0.00311367 -0.00776234 -0.000887597 -0.0122064 1.54766e-05
internal_weight=1979 435 407 1544 343 321 255 66 384 182 202 1201 68 42
internal_count=1979 435 407 1544 343 321 255 66 384 182 202 1201 68 42
is_linear=0
shrinkage=0.01


Tree=492
num_leaves=9
num_cat=0
split_feature=5 5 7 0 2 5 5 4
split_gain=46.5026 70.3369 94.1043 57.6809 102.213 270.683 190.335 42.6475
threshold=0.42443750000000008 0.42297916650000006 0.8869770585236475 5.2467500000000014 7.8435415915000011 0.41193750000000001 0.40895833350000005 0.39560416650000002
decision_type=2 2 2 2 2 2 2 2
left_child=1 3 -3 7 6 -6 -5 -1
right_child=-2 2 -4 4 5 -7 -8 -9
leaf_value=0.000877577391537753 0.014801726256098068 -0.022959841518632826 0.0016800600329353924 0.014611190974559467 -0.0020096108166459507 0.016112645382527262 0.00040882390844971411 -0.017097056977676623
leaf_weight=22 21 31 31 134 1300 88 319 33
leaf_count=22 21 31 31 134 1300 88 319 33
internal_value=-1.47497e-12 -0.000158752 -0.0106399 0.000183986 0.000485461 -0.000860649 0.00460997 -0.0099072
internal_weight=1979 1958 62 1896 1841 1388 453 55
internal_count=1979 1958 62 1896 1841 1388 453 55
is_linear=0
shrinkage=0.01


Tree=493
num_leaves=12
num_cat=0
split_feature=1 4 6 3 3 2 5 6 3 3 7
split_gain=46.5386 49.3063 141.13 231.124 178.997 118.789 294.495 211.828 138.614 157.394 116.128
threshold=6.7708333335000015 0.37552083350000004 6.4475000000000007 8.2643750000000029 7.8674999250000015 13.561250000000003 0.40122916700000005 13.114000000000003 13.800833335000002 13.410208335000002 -0.6755644832106783
decision_type=2 2 2 2 2 2 2 2 2 2 2
left_child=-1 2 -2 4 -4 8 7 -7 9 -3 -5
right_child=1 5 3 10 -6 6 -8 -9 -10 -11 -12
leaf_value=-0.013840487292036414 -0.023610007185488939 -0.00044031515123348964 -0.00052213805168867115 -0.0009417888266558817 0.04081311393867839 0.017185949682129713 -0.028210503544126238 -0.0047923503596274579 -0.025044762465086849 0.018224627451693759 -0.014568540422705474
leaf_weight=24 30 1166 20 333 22 156 21 61 22 47 77
leaf_count=24 30 1166 20 333 22 156 21 61 22 47 77
internal_value=-1.55299e-12 0.000169909 -0.00260632 -0.00121227 0.0211297 0.00107836 0.00754729 0.0110077 -0.000168287 0.000282894 -0.00350096
internal_weight=1979 1955 482 452 42 1473 238 217 1235 1213 410
internal_count=1979 1955 482 452 42 1473 238 217 1235 1213 410
is_linear=0
shrinkage=0.01


Tree=494
num_leaves=14
num_cat=0
split_feature=1 4 1 6 3 2 5 0 2 7 6 6 7
split_gain=45.6125 48.3251 139.241 118.249 142.898 116.566 268.833 177.267 327.855 225.569 150.008 46.7913 41.011
threshold=6.7708333335000015 0.37552083350000004 261.75000000000006 6.4475000000000007 8.1852083335000021 13.239375000000001 0.40122916700000005 14.732022000000002 12.516458330000001 -0.94828754594723497 13.114000000000003 7.4520000000000008 -0.8910065241883679
decision_type=2 2 2 2 2 2 2 2 2 2 2 2 2
left_child=-1 2 3 -2 -5 7 10 8 -3 -9 -7 -4 -13
right_child=1 5 11 4 -6 6 -8 9 -10 -11 -12 12 -14
leaf_value=-0.013702082447707629 -0.025396375284978637 -0.00020997880498664769 -0.0051393278269097212 0.018428368750545713 -0.0054862132554512411 0.014811515064799899 -0.021392865359783172 0.0057514995500433106 0.028956022087484597 -0.025488256149120252 -0.003042280904593922 0.0072020838246948183 0.02353693636980924
leaf_weight=24 27 1057 20 27 335 186 30 38 40 59 63 51 22
leaf_count=24 27 1057 20 27 335 186 30 38 40 59 63 51 22
internal_value=1.20809e-11 0.00016821 -0.00258026 -0.00520827 -0.00370253 0.00106757 0.00688707 -0.000292259 0.000853503 -0.01325 0.0102943 0.00841218 0.0121249
internal_weight=1979 1955 482 389 362 1473 279 1194 1097 97 249 93 73
internal_count=1979 1955 482 389 362 1473 279 1194 1097 97 249 93 73
is_linear=0
shrinkage=0.01


Tree=495
num_leaves=9
num_cat=0
split_feature=5 5 7 5 4 4 4 0
split_gain=45.6176 68.7347 92.3629 57.6222 285.68 119.618 166.825 137.448
threshold=0.42443750000000008 0.42297916650000006 0.8869770585236475 0.41960416650000004 0.41252083350000007 0.41002083350000001 0.40191666650000007 14.153564500000002
decision_type=2 2 2 2 2 2 2 2
left_child=1 3 -3 5 -5 6 -1 -7
right_child=-2 2 -4 4 -6 7 -8 -9
leaf_value=-0.00086514180065872144 0.014660211631229944 -0.022723740300824566 0.0016871123730895982 -0.018627527423880318 0.026876900123583302 -0.0037780845446184607 0.0068267427347800747 -0.027429989134823834
leaf_weight=1165 21 31 31 22 37 273 372 27
leaf_count=1165 21 31 31 22 37 273 372 27
internal_value=-4.04601e-12 -0.000157234 -0.0105183 0.000181578 0.00990915 -0.000130848 0.000996524 -0.00590676
internal_weight=1979 1958 62 1896 59 1837 1537 300
internal_count=1979 1958 62 1896 59 1837 1537 300
is_linear=0
shrinkage=0.01


Tree=496
num_leaves=11
num_cat=0
split_feature=0 4 6 3 3 5 7 3 7 3
split_gain=45.0104 62.2398 57.9669 120.564 267.472 212.076 70.9311 46.3032 43.0833 33.9732
threshold=18.437024500000003 0.34135416700000004 12.904000000000002 12.767500000000002 13.738333335000002 0.38595833350000003 -0.78257835753184624 11.348750000000001 -0.47714059151611371 12.700833335000002
decision_type=2 2 2 2 2 2 2 2 2 2
left_child=1 -1 3 5 -5 -3 -4 -2 -8 -9
right_child=7 2 6 4 -6 -7 8 9 -10 -11
leaf_value=0.013366502813167043 0.0061686351421204478 0.020147311674469769 0.011570276185870169 0.01495174142163036 -0.0059215261454926803 -0.0012319374835041822 -0.015800765017960586 -0.016991348372600776 -0.0039194570241594005 -0.0036194947165878195
leaf_weight=36 22 48 20 159 100 1391 51 38 76 38
leaf_count=36 22 48 20 159 100 1391 51 38 76 38
internal_value=1.66093e-12 0.000344233 9.01398e-05 0.000611673 0.00689256 -0.000518801 -0.0059341 -0.00660716 -0.00869069 -0.0103054
internal_weight=1979 1881 1845 1698 259 1439 147 98 127 76
internal_count=1979 1881 1845 1698 259 1439 147 98 127 76
is_linear=0
shrinkage=0.01


Tree=497
num_leaves=9
num_cat=0
split_feature=5 5 7 5 4 4 4 0
split_gain=44.7858 67.2034 90.5614 56.6264 279.995 117.454 163.201 134.325
threshold=0.42443750000000008 0.42297916650000006 0.92050485345244026 0.41960416650000004 0.41252083350000007 0.41002083350000001 0.40191666650000007 14.153564500000002
decision_type=2 2 2 2 2 2 2 2
left_child=1 3 -3 5 -5 6 -1 -7
right_child=-2 2 -4 4 -6 7 -8 -9
leaf_value=-0.00085470332914379789 0.014525929064977737 -0.022102843411266806 0.0020813560541719199 -0.018428932711143386 0.026620451147491866 -0.0037495557340578392 0.0067531895816140873 -0.027131212000493652
leaf_weight=1165 21 32 30 22 37 273 372 27
leaf_count=1165 21 32 30 22 37 273 372 27
internal_value=4.15048e-11 -0.000155794 -0.0104008 0.000179223 0.00982238 -0.000130492 0.000986634 -0.0058539
internal_weight=1979 1958 62 1896 59 1837 1537 300
internal_count=1979 1958 62 1896 59 1837 1537 300
is_linear=0
shrinkage=0.01


Tree=498
num_leaves=13
num_cat=0
split_feature=1 0 2 5 4 4 7 1 3 5 5 4
split_gain=44.7316 47.0889 105.965 198.236 241.424 131.673 154.457 73.5847 70.4498 56.3369 78.6507 34.5055
threshold=6.7708333335000015 16.862947500000004 13.538333335000003 0.40095833350000004 0.39697916650000004 0.3635208330000001 -0.25037047035109417 265.95833330000005 8.4831250000000029 0.38312500000000005 0.39506250000000004 0.33835416650000011
decision_type=2 2 2 2 2 2 2 2 2 2 2 2
left_child=-1 2 5 4 -4 8 -7 9 -2 11 -11 -3
right_child=1 7 3 -5 -6 6 -8 -9 -10 10 -12 -13
leaf_value=-0.013569137801726659 0.028495376542210581 -0.0051184205159544947 0.004804655779427027 -0.017733183475556198 0.031988646228429535 -0.0053618784944339448 0.0016229166472928498 0.010473044783469627 0.0069111804643105113 -0.011176562278340452 0.0040984370637425155 0.01078882529338201
leaf_weight=24 20 25 136 27 43 492 888 33 62 156 43 30
leaf_count=24 20 25 136 27 43 492 888 33 62 156 43 30
internal_value=-1.01768e-12 0.000166578 0.000810345 0.007525 0.0113349 -0.000135768 -0.000867315 -0.0035749 0.0121756 -0.00540003 -0.00787593 0.00355826
internal_weight=1979 1955 1668 206 179 1462 1380 287 82 254 199 55
internal_count=1979 1955 1668 206 179 1462 1380 287 82 254 199 55
is_linear=0
shrinkage=0.01


Tree=499
num_leaves=13
num_cat=0
split_feature=1 4 6 3 3 2 5 0 2 7 7 7
split_gain=43.8415 46.7514 135.222 222.348 174.117 113.772 259.994 170.811 320.037 219.131 145.419 113.579
threshold=6.7708333335000015 0.37552083350000004 6.4475000000000007 8.2643750000000029 7.8674999250000015 13.239375000000001 0.40122916700000005 14.732022000000002 12.516458330000001 -0.94828754594723497 -0.12186934340514725 -0.6755644832106783
decision_type=2 2 2 2 2 2 2 2 2 2 2 2
left_child=-1 2 -2 4 -4 7 10 8 -3 -9 -7 -5
right_child=1 5 3 11 -6 6 -8 9 -10 -11 -12 -13
leaf_value=-0.013433446579923233 -0.023097730215017993 -0.00021994639083640889 -0.00061485798656940463 -0.00088776069553429121 0.04015310225161639 0.013084216769269671 -0.021012321929136914 0.0057148704851830478 0.028596200934611262 -0.025075852543241899 -0.009750996069051325 -0.014364157547636029
leaf_weight=24 30 1057 20 333 22 217 30 38 40 59 32 77
leaf_count=24 30 1057 20 333 22 217 30 38 40 59 32 77
internal_value=5.1331e-12 0.000164912 -0.00253843 -0.00117388 0.0207398 0.00104951 0.00679883 -0.000293924 0.000830779 -0.0130135 0.0101496 -0.00341869
internal_weight=1979 1955 482 452 42 1473 279 1194 1097 97 249 410
internal_count=1979 1955 482 452 42 1473 279 1194 1097 97 249 410
is_linear=0
shrinkage=0.01


end of trees

feature_importances:
sm255=1432
st255=1218
swt=910
sm100=895
cyday=764
doc_gwlf=715
st100=453
sr=207

parameters:
[boosting: gbdt]
[objective: regression]
[metric: rmse]
[tree_learner: serial]
[device_type: cpu]
[data_sample_strategy: bagging]
[data: ]
[valid: ]
[num_iterations: 500]
[learning_rate: 0.01]
[num_leaves: 15]
[num_threads: 0]
[seed: 0]
[deterministic: 0]
[force_col_wise: 0]
[force_row_wise: 0]
[histogram_pool_size: -1]
[max_depth: 5]
[min_data_in_leaf: 20]
[min_sum_hessian_in_leaf: 0.001]
[bagging_fraction: 0.8]
[pos_bagging_fraction: 1]
[neg_bagging_fraction: 1]
[bagging_freq: 0]
[bagging_seed: 3]
[bagging_by_query: 0]
[feature_fraction: 1]
[feature_fraction_bynode: 1]
[feature_fraction_seed: 2]
[extra_trees: 0]
[extra_seed: 6]
[early_stopping_round: 0]
[early_stopping_min_delta: 0]
[first_metric_only: 0]
[max_delta_step: 0]
[lambda_l1: 0]
[lambda_l2: 0]
[linear_lambda: 0]
[min_gain_to_split: 0]
[drop_rate: 0.1]
[max_drop: 50]
[skip_drop: 0.5]
[xgboost_dart_mode: 0]
[uniform_drop: 0]
[drop_seed: 4]
[top_rate: 0.2]
[other_rate: 0.1]
[min_data_per_group: 100]
[max_cat_threshold: 32]
[cat_l2: 10]
[cat_smooth: 10]
[max_cat_to_onehot: 4]
[top_k: 20]
[monotone_constraints: ]
[monotone_constraints_method: basic]
[monotone_penalty: 0]
[feature_contri: ]
[forcedsplits_filename: ]
[refit_decay_rate: 0.9]
[cegb_tradeoff: 1]
[cegb_penalty_split: 0]
[cegb_penalty_feature_lazy: ]
[cegb_penalty_feature_coupled: ]
[path_smooth: 0]
[interaction_constraints: ]
[verbosity: 1]
[saved_feature_importance_type: 0]
[use_quantized_grad: 0]
[num_grad_quant_bins: 4]
[quant_train_renew_leaf: 0]
[stochastic_rounding: 1]
[linear_tree: 0]
[max_bin: 255]
[max_bin_by_feature: ]
[min_data_in_bin: 3]
[bin_construct_sample_cnt: 200000]
[data_random_seed: 1]
[is_enable_sparse: 1]
[enable_bundle: 1]
[use_missing: 1]
[zero_as_missing: 0]
[feature_pre_filter: 1]
[pre_partition: 0]
[two_round: 0]
[header: 0]
[label_column: ]
[weight_column: ]
[group_column: ]
[ignore_column: ]
[categorical_feature: ]
[forcedbins_filename: ]
[precise_float_parser: 0]
[parser_config_file: ]
[objective_seed: 5]
[num_class: 1]
[is_unbalance: 0]
[scale_pos_weight: 1]
[sigmoid: 1]
[boost_from_average: 1]
[reg_sqrt: 0]
[alpha: 0.9]
[fair_c: 1]
[poisson_max_delta_step: 0.7]
[tweedie_variance_power: 1.5]
[lambdarank_truncation_level: 30]
[lambdarank_norm: 1]
[label_gain: ]
[lambdarank_position_bias_regularization: 0]
[eval_at: ]
[multi_error_top_k: 1]
[auc_mu_weights: ]
[num_machines: 1]
[local_listen_port: 12400]
[time_out: 120]
[machine_list_filename: ]
[machines: ]
[gpu_platform_id: -1]
[gpu_device_id: -1]
[gpu_use_dp: 0]
[num_gpu: 1]

end of parameters
